emp_id,emp_name,gender,age,department,designation,salary,experience,joining_date,city,state,manager_name,performance_rating,attendance_percentage,active,Experience_Level,attendance_status
3,Employee_3,Male,24,IT,Manager,45000,5,2023-01-04,Ahmedabad,Rajasthan,Rohit,5,88.0,false,Senior,Needs Improvement
8,Employee_8,Female,36,Marketing,Executive,45000,3,01-09-2023,Pune,Rajasthan,Rohit,6,110.0,false,Mid Level,Excellent
33,Employee_33,Male,24,IT,Manager,45000,0,2023-02-03,Ahmedabad,Maharashtra,Neha,5,97.0,false,Junior,Excellent
35,Employee_35,Female,24,Finance,Executive,70000,0,02-05-2023,Mumbai,Rajasthan,Amit,5,110.0,false,Junior,Excellent
38,Employee_38,Male,42,Sales,Engineer,25000,3,02-08-2023,Jaipur,Maharashtra,Neha,3,88.0,false,Mid Level,Needs Improvement
55,Employee_55,Male,24,Marketing,Manager,70000,3,25/02/2023,Mumbai,Rajasthan,Amit,6,92.0,true,Mid Level,Excellent
57,Employee_57,Female,24,IT,Engineer,25000,3,2023-02-27,Ahmedabad,Gujarat,Amit,4,88.0,true,Mid Level,Needs Improvement
58,Employee_58,Male,42,IT,Manager,45000,3,28/02/2023,Jaipur,Delhi,Amit,5,92.0,false,Mid Level,Excellent
80,Employee_80,Male,42,Marketing,Analyst,15000,0,03-22-2023,Jaipur,Rajasthan,Rohit,6,92.0,false,Junior,Excellent
86,Employee_86,Male,24,Sales,Executive,25000,0,03-28-2023,Jaipur,Rajasthan,Not Assigned,4,110.0,false,Junior,Excellent
90,Employee_90,Female,36,Finance,Manager,15000,0,2023-04-01,Jaipur,Gujarat,Amit,0,88.0,false,Junior,Needs Improvement
91,Employee_91,Male,25,Marketing,Manager,70000,0,02/04/2023,Ahmedabad,Delhi,Amit,6,92.0,true,Junior,Excellent
100,Employee_100,Female,42,IT,Executive,45000,5,11/04/2023,Pune,Rajasthan,Rohit,4,110.0,false,Senior,Excellent
101,Employee_101,Female,25,Sales,Analyst,70000,1,04-12-2023,Pune,Delhi,Amit,6,97.0,true,Junior,Excellent
117,Employee_117,Female,25,IT,Analyst,45000,3,2023-04-28,Delhi,Delhi,Not Assigned,5,110.0,false,Mid Level,Excellent
152,Employee_152,Male,25,Finance,Executive,25000,0,06-02-2023,Pune,Maharashtra,Not Assigned,6,88.0,true,Junior,Needs Improvement
182,Employee_182,Male,42,Marketing,Analyst,25000,5,07-02-2023,Ahmedabad,Rajasthan,Amit,5,88.0,true,Senior,Needs Improvement
234,Employee_234,Male,30,Sales,Analyst,25000,0,2023-08-23,Jaipur,Rajasthan,Rohit,0,92.0,false,Junior,Excellent
238,Employee_238,Female,30,Finance,Executive,25000,3,27/08/2023,Delhi,Gujarat,Rohit,4,88.0,true,Mid Level,Needs Improvement
240,Employee_240,Male,30,Finance,Engineer,25000,5,2023-08-29,Pune,Gujarat,Amit,5,97.0,true,Senior,Excellent
257,Employee_257,Male,30,Finance,Executive,25000,1,09-15-2023,Mumbai,Gujarat,Neha,4,88.0,true,Junior,Needs Improvement
260,Employee_260,Female,24,HR,Analyst,45000,3,09-18-2023,Jaipur,Maharashtra,Neha,5,88.0,true,Mid Level,Needs Improvement
268,Employee_268,Female,24,Marketing,Analyst,15000,1,26/09/2023,Pune,Delhi,Amit,5,110.0,true,Junior,Excellent
312,Employee_312,Female,24,HR,Executive,15000,3,2023-11-09,Pune,Gujarat,Amit,3,110.0,false,Mid Level,Excellent
321,Employee_321,Female,36,Marketing,Manager,45000,0,2023-11-18,Ahmedabad,Gujarat,Rohit,3,97.0,true,Junior,Excellent
324,Employee_324,Male,24,Finance,Engineer,45000,3,2023-11-21,Delhi,Rajasthan,Not Assigned,0,88.0,false,Mid Level,Needs Improvement
374,Employee_374,Female,42,HR,Engineer,25000,3,01-10-2024,Jaipur,Gujarat,Amit,5,110.0,false,Mid Level,Excellent
375,Employee_375,Male,24,IT,Executive,15000,1,2024-01-11,Delhi,Delhi,Not Assigned,6,92.0,false,Junior,Excellent
390,Employee_390,Male,36,IT,Engineer,45000,3,2024-01-26,Jaipur,Delhi,Neha,6,92.0,true,Mid Level,Excellent
396,Employee_396,Male,30,HR,Manager,15000,0,2024-02-01,Pune,Maharashtra,Rohit,0,97.0,true,Junior,Excellent
409,Employee_409,Female,30,Sales,Executive,45000,1,14/02/2024,Mumbai,Maharashtra,Amit,4,92.0,true,Junior,Excellent
428,Employee_428,Male,30,Finance,Executive,45000,0,03-04-2024,Delhi,Rajasthan,Neha,3,110.0,true,Junior,Excellent
486,Employee_486,Male,24,Marketing,Engineer,45000,1,2024-05-01,Delhi,Delhi,Neha,0,92.0,true,Junior,Excellent
495,Employee_495,Male,30,IT,Analyst,15000,0,2024-05-10,Ahmedabad,Gujarat,Not Assigned,6,110.0,false,Junior,Excellent
527,Employee_527,Male,24,Finance,Engineer,25000,1,06-11-2024,Delhi,Maharashtra,Neha,4,88.0,true,Junior,Needs Improvement
555,Employee_555,Male,25,IT,Engineer,25000,1,2024-07-09,Delhi,Rajasthan,Rohit,5,92.0,false,Junior,Excellent
586,Employee_586,Male,25,IT,Manager,45000,1,09/08/2024,Delhi,Delhi,Rohit,4,92.0,false,Junior,Excellent
606,Employee_606,Male,24,Finance,Engineer,15000,1,2024-08-29,Mumbai,Gujarat,Not Assigned,5,110.0,true,Junior,Excellent
607,Employee_607,Female,24,Sales,Manager,70000,0,30/08/2024,Mumbai,Gujarat,Rohit,4,92.0,true,Junior,Excellent
625,Employee_625,Male,24,HR,Engineer,15000,1,17/09/2024,Ahmedabad,Rajasthan,Not Assigned,5,92.0,false,Junior,Excellent
721,Employee_721,Female,30,HR,Executive,45000,3,22/01/2023,Pune,Rajasthan,Neha,3,92.0,false,Mid Level,Excellent
741,Employee_741,Male,25,IT,Executive,70000,3,2023-02-11,Delhi,Gujarat,Amit,6,110.0,false,Mid Level,Excellent
759,Employee_759,Female,42,Finance,Engineer,70000,0,2023-03-01,Pune,Rajasthan,Neha,3,92.0,true,Junior,Excellent
784,Employee_784,Male,24,Finance,Executive,25000,0,26/03/2023,Ahmedabad,Delhi,Rohit,3,88.0,false,Junior,Needs Improvement
790,Employee_790,Male,30,Marketing,Manager,15000,0,01/04/2023,Ahmedabad,Maharashtra,Rohit,4,110.0,true,Junior,Excellent
794,Employee_794,Male,36,HR,Engineer,45000,3,04-05-2023,Jaipur,Delhi,Rohit,5,97.0,true,Mid Level,Excellent
809,Employee_809,Male,42,Sales,Engineer,70000,1,04-20-2023,Jaipur,Delhi,Amit,6,92.0,false,Junior,Excellent
841,Employee_841,Male,24,HR,Manager,25000,0,22/05/2023,Delhi,Rajasthan,Neha,5,88.0,false,Junior,Needs Improvement
853,Employee_853,Male,36,HR,Executive,70000,3,03/06/2023,Mumbai,Gujarat,Neha,4,97.0,true,Mid Level,Excellent
857,Employee_857,Male,36,Marketing,Engineer,25000,1,06-07-2023,Mumbai,Maharashtra,Neha,5,110.0,true,Junior,Excellent
877,Employee_877,Female,36,Marketing,Engineer,25000,3,27/06/2023,Jaipur,Gujarat,Rohit,6,97.0,true,Mid Level,Excellent
881,Employee_881,Female,30,Sales,Manager,25000,1,07-01-2023,Mumbai,Rajasthan,Not Assigned,6,97.0,false,Junior,Excellent
883,Employee_883,Male,36,IT,Manager,70000,1,03/07/2023,Mumbai,Rajasthan,Not Assigned,4,92.0,true,Junior,Excellent
913,Employee_913,Male,24,IT,Executive,25000,3,02/08/2023,Mumbai,Gujarat,Amit,4,92.0,true,Mid Level,Excellent
923,Employee_923,Male,36,HR,Manager,45000,3,08-12-2023,Mumbai,Maharashtra,Amit,4,110.0,false,Mid Level,Excellent
981,Employee_981,Female,36,Finance,Manager,45000,3,2023-10-09,Mumbai,Delhi,Amit,5,88.0,true,Mid Level,Needs Improvement
997,Employee_997,Female,36,IT,Engineer,70000,1,25/10/2023,Delhi,Gujarat,Not Assigned,6,92.0,true,Junior,Excellent
1001,Employee_1001,Male,42,Finance,Analyst,25000,0,10-29-2023,Pune,Maharashtra,Neha,3,97.0,true,Junior,Excellent
1010,Employee_1010,Male,25,IT,Engineer,15000,1,11-07-2023,Delhi,Rajasthan,Neha,4,97.0,false,Junior,Excellent
1014,Employee_1014,Male,42,Finance,Analyst,45000,3,2023-11-11,Pune,Gujarat,Rohit,6,88.0,false,Mid Level,Needs Improvement
1034,Employee_1034,Female,25,Sales,Engineer,70000,3,12-01-2023,Delhi,Maharashtra,Not Assigned,4,92.0,true,Mid Level,Excellent
1044,Employee_1044,Female,36,Marketing,Manager,25000,5,2023-12-11,Ahmedabad,Rajasthan,Not Assigned,0,92.0,false,Senior,Excellent
1062,Employee_1062,Male,36,Finance,Manager,25000,3,2023-12-29,Pune,Gujarat,Rohit,0,110.0,false,Mid Level,Excellent
1069,Employee_1069,Female,25,HR,Analyst,15000,5,05/01/2024,Mumbai,Rajasthan,Neha,4,88.0,true,Senior,Needs Improvement
1083,Employee_1083,Female,24,Finance,Engineer,70000,1,2024-01-19,Mumbai,Gujarat,Neha,6,92.0,true,Junior,Excellent
1102,Employee_1102,Male,36,HR,Manager,15000,0,07/02/2024,Jaipur,Delhi,Rohit,4,97.0,true,Junior,Excellent
1122,Employee_1122,Male,25,Finance,Engineer,15000,1,2024-02-27,Jaipur,Maharashtra,Neha,6,92.0,true,Junior,Excellent
1135,Employee_1135,Male,25,Sales,Engineer,70000,3,11/03/2024,Delhi,Rajasthan,Not Assigned,3,97.0,true,Mid Level,Excellent
1167,Employee_1167,Female,42,HR,Engineer,15000,0,2024-04-12,Delhi,Maharashtra,Rohit,4,97.0,false,Junior,Excellent
1207,Employee_1207,Male,24,Marketing,Executive,70000,5,22/05/2024,Delhi,Rajasthan,Neha,5,88.0,true,Senior,Needs Improvement
1261,Employee_1261,Female,24,Finance,Manager,45000,0,15/07/2024,Pune,Delhi,Neha,4,88.0,true,Junior,Needs Improvement
1266,Employee_1266,Female,25,IT,Engineer,70000,5,2024-07-20,Mumbai,Gujarat,Neha,5,97.0,false,Senior,Excellent
1276,Employee_1276,Male,25,HR,Engineer,45000,5,30/07/2024,Mumbai,Rajasthan,Rohit,3,88.0,true,Senior,Needs Improvement
1282,Employee_1282,Female,25,IT,Analyst,15000,1,05/08/2024,Delhi,Delhi,Neha,3,92.0,true,Junior,Excellent
1310,Employee_1310,Female,25,Finance,Manager,45000,3,09-02-2024,Delhi,Maharashtra,Not Assigned,5,97.0,true,Mid Level,Excellent
1314,Employee_1314,Male,30,Marketing,Analyst,45000,3,2024-09-06,Delhi,Delhi,Not Assigned,0,88.0,false,Mid Level,Needs Improvement
1321,Employee_1321,Female,25,Finance,Manager,25000,5,13/09/2024,Mumbai,Maharashtra,Neha,4,92.0,false,Senior,Excellent
7,Employee_7,Male,30,Sales,Executive,25000,5,08/01/2023,Mumbai,Delhi,Rohit,6,110.0,false,Senior,Excellent
28,Employee_28,Male,42,Marketing,Executive,15000,1,29/01/2023,Ahmedabad,Gujarat,Amit,4,92.0,true,Junior,Excellent
32,Employee_32,Female,42,Finance,Engineer,25000,5,02-02-2023,Ahmedabad,Maharashtra,Neha,4,92.0,true,Senior,Excellent
37,Employee_37,Male,24,Sales,Engineer,70000,3,07/02/2023,Delhi,Gujarat,Not Assigned,4,92.0,true,Mid Level,Excellent
46,Employee_46,Female,36,IT,Executive,25000,0,16/02/2023,Delhi,Maharashtra,Neha,6,110.0,true,Junior,Excellent
47,Employee_47,Male,42,Finance,Manager,25000,0,02-17-2023,Mumbai,Delhi,Amit,5,88.0,false,Junior,Needs Improvement
53,Employee_53,Male,25,HR,Executive,25000,5,02-23-2023,Ahmedabad,Rajasthan,Not Assigned,4,110.0,false,Senior,Excellent
54,Employee_54,Female,24,Finance,Executive,45000,0,2023-02-24,Ahmedabad,Maharashtra,Neha,0,97.0,false,Junior,Excellent
72,Employee_72,Male,25,HR,Analyst,15000,3,2023-03-14,Ahmedabad,Delhi,Not Assigned,0,92.0,false,Mid Level,Excellent
99,Employee_99,Female,42,Finance,Engineer,70000,5,2023-04-10,Mumbai,Gujarat,Amit,6,88.0,true,Senior,Needs Improvement
104,Employee_104,Male,25,IT,Analyst,45000,3,04-15-2023,Jaipur,Delhi,Rohit,5,97.0,true,Mid Level,Excellent
107,Employee_107,Male,30,Marketing,Executive,15000,0,04-18-2023,Delhi,Maharashtra,Rohit,4,97.0,true,Junior,Excellent
111,Employee_111,Female,25,HR,Analyst,15000,1,2023-04-22,Delhi,Gujarat,Amit,4,110.0,true,Junior,Excellent
118,Employee_118,Male,24,Marketing,Analyst,45000,5,29/04/2023,Jaipur,Gujarat,Neha,4,88.0,false,Senior,Needs Improvement
129,Employee_129,Female,25,IT,Engineer,15000,1,2023-05-10,Ahmedabad,Gujarat,Neha,6,97.0,true,Junior,Excellent
146,Employee_146,Male,30,Marketing,Analyst,25000,3,05-27-2023,Pune,Delhi,Amit,3,88.0,true,Mid Level,Needs Improvement
166,Employee_166,Male,24,HR,Analyst,15000,5,16/06/2023,Pune,Rajasthan,Neha,4,97.0,false,Senior,Excellent
198,Employee_198,Female,30,HR,Manager,70000,0,2023-07-18,Delhi,Gujarat,Neha,0,92.0,true,Junior,Excellent
217,Employee_217,Male,25,Sales,Manager,25000,1,06/08/2023,Mumbai,Rajasthan,Amit,5,110.0,true,Junior,Excellent
224,Employee_224,Male,24,IT,Executive,15000,3,08-13-2023,Mumbai,Rajasthan,Neha,4,110.0,false,Mid Level,Excellent
244,Employee_244,Male,30,HR,Analyst,25000,1,02/09/2023,Delhi,Gujarat,Not Assigned,4,92.0,false,Junior,Excellent
256,Employee_256,Male,36,Finance,Analyst,45000,5,14/09/2023,Delhi,Delhi,Rohit,4,110.0,false,Senior,Excellent
279,Employee_279,Male,30,Marketing,Manager,45000,1,2023-10-07,Ahmedabad,Delhi,Neha,5,88.0,true,Junior,Needs Improvement
280,Employee_280,Female,24,Sales,Engineer,45000,1,08/10/2023,Mumbai,Delhi,Amit,6,88.0,true,Junior,Needs Improvement
293,Employee_293,Male,30,IT,Analyst,45000,1,10-21-2023,Pune,Maharashtra,Amit,3,92.0,false,Junior,Excellent
306,Employee_306,Female,30,Finance,Engineer,25000,3,2023-11-03,Mumbai,Maharashtra,Not Assigned,0,88.0,false,Mid Level,Needs Improvement
317,Employee_317,Female,30,HR,Manager,25000,3,11-14-2023,Ahmedabad,Gujarat,Amit,3,88.0,true,Mid Level,Needs Improvement
339,Employee_339,Female,42,Finance,Executive,15000,5,2023-12-06,Delhi,Rajasthan,Neha,3,92.0,true,Senior,Excellent
361,Employee_361,Male,25,IT,Analyst,25000,3,28/12/2023,Delhi,Rajasthan,Neha,6,97.0,false,Mid Level,Excellent
362,Employee_362,Male,30,Sales,Engineer,70000,1,12-29-2023,Mumbai,Maharashtra,Amit,6,92.0,true,Junior,Excellent
363,Employee_363,Female,42,Finance,Manager,15000,5,2023-12-30,Ahmedabad,Rajasthan,Amit,3,97.0,false,Senior,Excellent
367,Employee_367,Male,24,HR,Analyst,70000,0,03/01/2024,Mumbai,Maharashtra,Neha,6,97.0,true,Junior,Excellent
385,Employee_385,Female,30,HR,Analyst,45000,0,21/01/2024,Mumbai,Rajasthan,Rohit,5,88.0,false,Junior,Needs Improvement
407,Employee_407,Female,25,Sales,Manager,70000,3,02-12-2024,Jaipur,Rajasthan,Not Assigned,4,97.0,true,Mid Level,Excellent
423,Employee_423,Male,36,Finance,Executive,25000,3,2024-02-28,Pune,Rajasthan,Rohit,6,110.0,false,Mid Level,Excellent
431,Employee_431,Male,30,Finance,Engineer,70000,1,03-07-2024,Pune,Rajasthan,Not Assigned,4,97.0,false,Junior,Excellent
439,Employee_439,Female,25,IT,Manager,70000,1,15/03/2024,Jaipur,Rajasthan,Neha,5,88.0,true,Junior,Needs Improvement
444,Employee_444,Female,24,HR,Manager,45000,3,2024-03-20,Pune,Delhi,Neha,4,97.0,false,Mid Level,Excellent
445,Employee_445,Female,25,Finance,Executive,70000,1,21/03/2024,Jaipur,Maharashtra,Not Assigned,3,92.0,true,Junior,Excellent
454,Employee_454,Male,25,IT,Analyst,70000,3,30/03/2024,Pune,Maharashtra,Amit,3,88.0,true,Mid Level,Needs Improvement
503,Employee_503,Female,36,HR,Executive,25000,3,05-18-2024,Pune,Delhi,Not Assigned,5,88.0,true,Mid Level,Needs Improvement
511,Employee_511,Female,36,IT,Analyst,15000,5,26/05/2024,Delhi,Maharashtra,Rohit,4,97.0,true,Senior,Excellent
538,Employee_538,Female,42,Finance,Analyst,45000,1,22/06/2024,Delhi,Rajasthan,Rohit,3,88.0,false,Junior,Needs Improvement
545,Employee_545,Male,42,HR,Executive,15000,0,06-29-2024,Jaipur,Gujarat,Amit,3,110.0,true,Junior,Excellent
550,Employee_550,Female,25,HR,Executive,25000,0,04/07/2024,Pune,Gujarat,Not Assigned,3,97.0,false,Junior,Excellent
554,Employee_554,Female,24,Finance,Analyst,45000,5,07-08-2024,Jaipur,Rajasthan,Rohit,4,97.0,true,Senior,Excellent
572,Employee_572,Male,24,IT,Executive,25000,3,07-26-2024,Jaipur,Gujarat,Rohit,6,92.0,true,Mid Level,Excellent
575,Employee_575,Male,30,Marketing,Analyst,15000,5,07-29-2024,Mumbai,Delhi,Not Assigned,3,88.0,false,Senior,Needs Improvement
587,Employee_587,Female,24,HR,Executive,70000,5,08-10-2024,Pune,Delhi,Rohit,3,97.0,true,Senior,Excellent
591,Employee_591,Female,24,HR,Executive,70000,5,2024-08-14,Jaipur,Gujarat,Rohit,3,92.0,true,Senior,Excellent
592,Employee_592,Male,36,IT,Manager,15000,0,15/08/2024,Mumbai,Gujarat,Neha,4,97.0,false,Junior,Excellent
594,Employee_594,Male,25,IT,Analyst,45000,3,2024-08-17,Delhi,Maharashtra,Neha,0,88.0,true,Mid Level,Needs Improvement
602,Employee_602,Female,25,HR,Executive,70000,0,08-25-2024,Jaipur,Delhi,Not Assigned,6,92.0,false,Junior,Excellent
611,Employee_611,Male,42,HR,Engineer,45000,1,09-03-2024,Mumbai,Maharashtra,Not Assigned,3,88.0,false,Junior,Needs Improvement
621,Employee_621,Male,42,HR,Engineer,70000,0,2024-09-13,Pune,Gujarat,Not Assigned,4,97.0,false,Junior,Excellent
671,Employee_671,Female,25,HR,Manager,25000,5,11-02-2024,Ahmedabad,Rajasthan,Neha,6,92.0,true,Senior,Excellent
681,Employee_681,Female,30,Marketing,Manager,70000,5,2024-11-12,Jaipur,Rajasthan,Not Assigned,5,92.0,false,Senior,Excellent
726,Employee_726,Female,24,IT,Analyst,25000,1,2023-01-27,Ahmedabad,Maharashtra,Rohit,6,110.0,false,Junior,Excellent
727,Employee_727,Male,30,Sales,Executive,25000,3,28/01/2023,Jaipur,Rajasthan,Amit,4,88.0,true,Mid Level,Needs Improvement
729,Employee_729,Female,24,Sales,Analyst,25000,3,2023-01-30,Mumbai,Rajasthan,Rohit,6,110.0,true,Mid Level,Excellent
732,Employee_732,Female,30,Finance,Manager,15000,0,2023-02-02,Ahmedabad,Maharashtra,Not Assigned,5,88.0,false,Junior,Needs Improvement
734,Employee_734,Female,30,Marketing,Executive,25000,5,02-04-2023,Jaipur,Delhi,Neha,6,97.0,true,Senior,Excellent
776,Employee_776,Female,25,IT,Executive,15000,0,03-18-2023,Ahmedabad,Maharashtra,Neha,6,97.0,false,Junior,Excellent
810,Employee_810,Female,36,Finance,Manager,45000,1,2023-04-21,Jaipur,Delhi,Amit,0,92.0,true,Junior,Excellent
824,Employee_824,Female,30,Marketing,Manager,45000,1,05-05-2023,Ahmedabad,Gujarat,Neha,6,88.0,false,Junior,Needs Improvement
919,Employee_919,Female,30,HR,Manager,15000,5,08/08/2023,Pune,Rajasthan,Neha,3,110.0,false,Senior,Excellent
961,Employee_961,Male,25,Sales,Analyst,45000,5,19/09/2023,Jaipur,Maharashtra,Amit,6,97.0,true,Senior,Excellent
972,Employee_972,Female,36,IT,Engineer,70000,5,2023-09-30,Mumbai,Rajasthan,Neha,0,110.0,true,Senior,Excellent
979,Employee_979,Male,42,HR,Analyst,25000,5,07/10/2023,Ahmedabad,Maharashtra,Amit,5,97.0,false,Senior,Excellent
1028,Employee_1028,Male,30,Sales,Executive,45000,1,11-25-2023,Jaipur,Rajasthan,Amit,4,97.0,true,Junior,Excellent
1046,Employee_1046,Female,36,Marketing,Engineer,70000,5,12-13-2023,Delhi,Delhi,Neha,4,110.0,false,Senior,Excellent
1054,Employee_1054,Female,30,Marketing,Manager,70000,1,21/12/2023,Mumbai,Delhi,Amit,5,97.0,true,Junior,Excellent
1081,Employee_1081,Male,25,HR,Manager,45000,1,17/01/2024,Jaipur,Delhi,Neha,6,88.0,true,Junior,Needs Improvement
1084,Employee_1084,Male,25,Finance,Analyst,45000,0,20/01/2024,Ahmedabad,Delhi,Amit,5,88.0,false,Junior,Needs Improvement
1106,Employee_1106,Female,25,IT,Manager,45000,1,02-11-2024,Ahmedabad,Rajasthan,Not Assigned,6,92.0,true,Junior,Excellent
1110,Employee_1110,Female,42,Marketing,Executive,70000,0,2024-02-15,Pune,Maharashtra,Amit,4,92.0,true,Junior,Excellent
1131,Employee_1131,Female,36,IT,Engineer,70000,5,2024-03-07,Pune,Delhi,Amit,3,110.0,true,Senior,Excellent
1139,Employee_1139,Female,42,HR,Executive,70000,3,03-15-2024,Jaipur,Delhi,Rohit,3,110.0,false,Mid Level,Excellent
1150,Employee_1150,Male,42,Sales,Analyst,15000,5,26/03/2024,Pune,Gujarat,Rohit,4,88.0,false,Senior,Needs Improvement
1158,Employee_1158,Female,30,HR,Manager,15000,5,2024-04-03,Pune,Delhi,Amit,4,88.0,true,Senior,Needs Improvement
1165,Employee_1165,Female,30,IT,Analyst,25000,5,10/04/2024,Jaipur,Gujarat,Not Assigned,4,88.0,false,Senior,Needs Improvement
1172,Employee_1172,Female,25,HR,Engineer,45000,0,04-17-2024,Delhi,Maharashtra,Rohit,3,97.0,false,Junior,Excellent
1214,Employee_1214,Male,36,HR,Analyst,45000,5,05-29-2024,Ahmedabad,Gujarat,Not Assigned,4,92.0,false,Senior,Excellent
1220,Employee_1220,Female,24,Sales,Executive,25000,1,06-04-2024,Ahmedabad,Delhi,Amit,4,92.0,false,Junior,Excellent
1242,Employee_1242,Female,24,HR,Analyst,45000,1,2024-06-26,Mumbai,Rajasthan,Amit,0,110.0,true,Junior,Excellent
1246,Employee_1246,Male,42,Finance,Executive,15000,1,30/06/2024,Mumbai,Maharashtra,Not Assigned,6,88.0,true,Junior,Needs Improvement
1262,Employee_1262,Female,24,Marketing,Analyst,70000,3,07-16-2024,Delhi,Maharashtra,Rohit,5,92.0,false,Mid Level,Excellent
1294,Employee_1294,Male,25,Sales,Executive,25000,1,17/08/2024,Jaipur,Maharashtra,Not Assigned,5,110.0,false,Junior,Excellent
1303,Employee_1303,Female,24,Marketing,Executive,45000,5,26/08/2024,Ahmedabad,Rajasthan,Not Assigned,6,97.0,true,Senior,Excellent
1328,Employee_1328,Female,30,IT,Analyst,70000,1,09-20-2024,Pune,Maharashtra,Rohit,3,110.0,false,Junior,Excellent
10,Employee_10,Female,36,Sales,Engineer,25000,5,11/01/2023,Jaipur,Rajasthan,Not Assigned,6,92.0,false,Senior,Excellent
14,Employee_14,Female,24,Sales,Engineer,70000,3,01-15-2023,Pune,Delhi,Amit,6,88.0,false,Mid Level,Needs Improvement
20,Employee_20,Male,24,Sales,Analyst,15000,1,01-21-2023,Mumbai,Rajasthan,Rohit,5,88.0,false,Junior,Needs Improvement
23,Employee_23,Male,25,Marketing,Engineer,25000,5,01-24-2023,Pune,Maharashtra,Amit,5,92.0,false,Senior,Excellent
45,Employee_45,Female,36,Finance,Manager,45000,1,2023-02-15,Jaipur,Maharashtra,Neha,3,97.0,false,Junior,Excellent
48,Employee_48,Male,24,HR,Analyst,70000,1,2023-02-18,Pune,Maharashtra,Not Assigned,4,92.0,false,Junior,Excellent
66,Employee_66,Female,42,IT,Executive,45000,1,2023-03-08,Ahmedabad,Maharashtra,Rohit,3,97.0,false,Junior,Excellent
68,Employee_68,Male,30,Marketing,Engineer,45000,5,03-10-2023,Delhi,Gujarat,Not Assigned,4,92.0,true,Senior,Excellent
121,Employee_121,Male,42,Sales,Executive,15000,1,02/05/2023,Jaipur,Maharashtra,Not Assigned,4,92.0,true,Junior,Excellent
131,Employee_131,Female,42,Finance,Analyst,25000,5,05-12-2023,Ahmedabad,Rajasthan,Not Assigned,6,110.0,true,Senior,Excellent
138,Employee_138,Female,30,Finance,Engineer,70000,5,2023-05-19,Ahmedabad,Delhi,Not Assigned,3,110.0,true,Senior,Excellent
140,Employee_140,Male,30,IT,Analyst,25000,5,05-21-2023,Pune,Gujarat,Neha,5,97.0,true,Senior,Excellent
158,Employee_158,Female,30,IT,Engineer,45000,0,06-08-2023,Pune,Rajasthan,Not Assigned,5,92.0,true,Junior,Excellent
176,Employee_176,Female,30,IT,Executive,45000,0,06-26-2023,Pune,Delhi,Not Assigned,3,92.0,true,Junior,Excellent
197,Employee_197,Female,30,Marketing,Analyst,45000,5,07-17-2023,Delhi,Delhi,Not Assigned,4,110.0,false,Senior,Excellent
199,Employee_199,Female,24,Marketing,Executive,45000,5,19/07/2023,Ahmedabad,Maharashtra,Amit,6,88.0,true,Senior,Needs Improvement
204,Employee_204,Male,36,IT,Manager,15000,5,2023-07-24,Ahmedabad,Delhi,Amit,6,97.0,true,Senior,Excellent
239,Employee_239,Female,30,IT,Executive,45000,0,08-28-2023,Pune,Maharashtra,Neha,5,88.0,true,Junior,Needs Improvement
250,Employee_250,Male,30,HR,Engineer,25000,1,08/09/2023,Pune,Gujarat,Amit,3,97.0,true,Junior,Excellent
269,Employee_269,Male,30,Finance,Analyst,25000,3,09-27-2023,Pune,Rajasthan,Rohit,6,92.0,false,Mid Level,Excellent
282,Employee_282,Female,24,Sales,Executive,25000,0,2023-10-10,Mumbai,Delhi,Not Assigned,4,97.0,true,Junior,Excellent
287,Employee_287,Female,25,Marketing,Executive,25000,3,10-15-2023,Pune,Rajasthan,Neha,5,97.0,false,Mid Level,Excellent
316,Employee_316,Male,36,IT,Manager,25000,0,13/11/2023,Delhi,Gujarat,Rohit,3,88.0,false,Junior,Needs Improvement
322,Employee_322,Female,30,HR,Executive,15000,1,19/11/2023,Jaipur,Delhi,Neha,3,88.0,true,Junior,Needs Improvement
329,Employee_329,Female,42,Sales,Engineer,70000,0,11-26-2023,Ahmedabad,Rajasthan,Rohit,4,88.0,false,Junior,Needs Improvement
335,Employee_335,Female,30,Sales,Engineer,25000,3,12-02-2023,Pune,Delhi,Rohit,6,97.0,false,Mid Level,Excellent
372,Employee_372,Male,42,HR,Manager,25000,0,2024-01-08,Mumbai,Maharashtra,Amit,6,92.0,true,Junior,Excellent
383,Employee_383,Female,30,Sales,Engineer,15000,0,01-19-2024,Ahmedabad,Gujarat,Neha,3,92.0,false,Junior,Excellent
392,Employee_392,Female,30,IT,Engineer,45000,0,01-28-2024,Mumbai,Delhi,Neha,3,88.0,false,Junior,Needs Improvement
421,Employee_421,Male,42,HR,Engineer,15000,5,26/02/2024,Mumbai,Gujarat,Neha,5,110.0,false,Senior,Excellent
433,Employee_433,Male,30,HR,Engineer,70000,0,09/03/2024,Mumbai,Gujarat,Amit,6,88.0,false,Junior,Needs Improvement
442,Employee_442,Female,24,Marketing,Manager,25000,0,18/03/2024,Mumbai,Maharashtra,Not Assigned,6,88.0,false,Junior,Needs Improvement
472,Employee_472,Female,30,HR,Engineer,15000,1,17/04/2024,Delhi,Maharashtra,Amit,6,110.0,false,Junior,Excellent
541,Employee_541,Female,36,HR,Engineer,25000,3,25/06/2024,Delhi,Delhi,Rohit,3,110.0,false,Mid Level,Excellent
551,Employee_551,Female,42,Finance,Executive,70000,3,07-05-2024,Pune,Gujarat,Rohit,4,88.0,true,Mid Level,Needs Improvement
569,Employee_569,Male,36,Sales,Engineer,45000,5,07-23-2024,Pune,Gujarat,Not Assigned,3,97.0,false,Senior,Excellent
573,Employee_573,Male,24,Marketing,Manager,25000,5,2024-07-27,Mumbai,Maharashtra,Amit,3,110.0,false,Senior,Excellent
577,Employee_577,Female,25,HR,Analyst,45000,0,31/07/2024,Pune,Delhi,Amit,3,97.0,true,Junior,Excellent
579,Employee_579,Male,24,Sales,Manager,45000,5,2024-08-02,Ahmedabad,Maharashtra,Rohit,6,88.0,false,Senior,Needs Improvement
582,Employee_582,Male,30,Marketing,Analyst,70000,1,2024-08-05,Pune,Maharashtra,Amit,5,110.0,true,Junior,Excellent
641,Employee_641,Male,36,Marketing,Engineer,25000,5,10-03-2024,Jaipur,Gujarat,Amit,5,110.0,false,Senior,Excellent
643,Employee_643,Male,30,Marketing,Engineer,70000,1,05/10/2024,Delhi,Delhi,Amit,4,88.0,false,Junior,Needs Improvement
645,Employee_645,Male,25,Finance,Analyst,15000,5,2024-10-07,Delhi,Rajasthan,Neha,5,92.0,true,Senior,Excellent
649,Employee_649,Male,42,Finance,Analyst,45000,0,11/10/2024,Mumbai,Rajasthan,Rohit,6,88.0,true,Junior,Needs Improvement
673,Employee_673,Female,24,IT,Executive,15000,0,04/11/2024,Jaipur,Gujarat,Rohit,6,97.0,false,Junior,Excellent
687,Employee_687,Female,36,Finance,Analyst,25000,3,2024-11-18,Mumbai,Delhi,Rohit,6,88.0,false,Mid Level,Needs Improvement
689,Employee_689,Female,30,IT,Analyst,25000,0,11-20-2024,Delhi,Gujarat,Neha,4,97.0,false,Junior,Excellent
737,Employee_737,Female,42,HR,Analyst,70000,5,02-07-2023,Jaipur,Maharashtra,Rohit,3,88.0,false,Senior,Needs Improvement
748,Employee_748,Female,24,IT,Analyst,25000,1,18/02/2023,Jaipur,Rajasthan,Rohit,6,92.0,false,Junior,Excellent
768,Employee_768,Male,30,IT,Executive,15000,0,2023-03-10,Jaipur,Gujarat,Amit,6,92.0,true,Junior,Excellent
774,Employee_774,Female,36,Sales,Engineer,15000,1,2023-03-16,Delhi,Rajasthan,Not Assigned,0,110.0,true,Junior,Excellent
791,Employee_791,Male,25,Finance,Executive,45000,5,04-02-2023,Pune,Delhi,Rohit,5,92.0,true,Senior,Excellent
827,Employee_827,Male,36,HR,Engineer,25000,5,05-08-2023,Mumbai,Delhi,Neha,4,97.0,true,Senior,Excellent
831,Employee_831,Female,30,Sales,Manager,70000,0,2023-05-12,Mumbai,Maharashtra,Not Assigned,4,88.0,true,Junior,Needs Improvement
837,Employee_837,Female,24,Sales,Engineer,25000,5,2023-05-18,Jaipur,Maharashtra,Not Assigned,5,97.0,false,Senior,Excellent
839,Employee_839,Female,24,Sales,Executive,25000,0,05-20-2023,Ahmedabad,Gujarat,Not Assigned,3,92.0,false,Junior,Excellent
858,Employee_858,Male,42,Marketing,Engineer,25000,3,2023-06-08,Jaipur,Delhi,Rohit,3,88.0,true,Mid Level,Needs Improvement
864,Employee_864,Male,25,IT,Engineer,70000,1,2023-06-14,Ahmedabad,Maharashtra,Not Assigned,0,88.0,true,Junior,Needs Improvement
880,Employee_880,Male,36,Sales,Analyst,70000,3,30/06/2023,Delhi,Rajasthan,Rohit,3,92.0,true,Mid Level,Excellent
888,Employee_888,Female,24,IT,Executive,70000,1,2023-07-08,Pune,Maharashtra,Neha,6,92.0,true,Junior,Excellent
894,Employee_894,Female,25,Sales,Engineer,45000,0,2023-07-14,Jaipur,Gujarat,Neha,4,97.0,false,Junior,Excellent
904,Employee_904,Female,25,IT,Engineer,45000,5,24/07/2023,Ahmedabad,Gujarat,Amit,4,110.0,false,Senior,Excellent
905,Employee_905,Female,24,HR,Analyst,15000,3,07-25-2023,Ahmedabad,Delhi,Not Assigned,3,88.0,false,Mid Level,Needs Improvement
920,Employee_920,Male,36,HR,Executive,70000,1,08-09-2023,Jaipur,Maharashtra,Neha,4,88.0,true,Junior,Needs Improvement
937,Employee_937,Male,36,Marketing,Manager,15000,1,26/08/2023,Pune,Delhi,Not Assigned,3,97.0,false,Junior,Excellent
944,Employee_944,Female,24,Sales,Engineer,25000,3,09-02-2023,Delhi,Gujarat,Amit,3,92.0,false,Mid Level,Excellent
948,Employee_948,Female,30,Finance,Manager,25000,5,2023-09-06,Ahmedabad,Gujarat,Amit,3,110.0,false,Senior,Excellent
962,Employee_962,Male,24,Marketing,Engineer,25000,5,09-20-2023,Jaipur,Maharashtra,Not Assigned,5,110.0,false,Senior,Excellent
968,Employee_968,Male,42,Marketing,Executive,45000,0,09-26-2023,Pune,Maharashtra,Not Assigned,6,92.0,false,Junior,Excellent
978,Employee_978,Male,25,Sales,Executive,25000,1,2023-10-06,Pune,Maharashtra,Rohit,5,88.0,false,Junior,Needs Improvement
995,Employee_995,Female,30,IT,Analyst,25000,1,10-23-2023,Jaipur,Rajasthan,Rohit,3,92.0,true,Junior,Excellent
1012,Employee_1012,Female,30,HR,Executive,15000,1,09/11/2023,Delhi,Gujarat,Amit,6,110.0,true,Junior,Excellent
1047,Employee_1047,Male,42,Sales,Executive,70000,5,2023-12-14,Jaipur,Rajasthan,Not Assigned,3,97.0,false,Senior,Excellent
1116,Employee_1116,Female,24,HR,Executive,45000,1,2024-02-21,Mumbai,Delhi,Not Assigned,0,88.0,true,Junior,Needs Improvement
1181,Employee_1181,Female,42,HR,Engineer,45000,3,04-26-2024,Jaipur,Rajasthan,Neha,4,110.0,false,Mid Level,Excellent
1206,Employee_1206,Male,42,IT,Executive,70000,5,2024-05-21,Mumbai,Delhi,Rohit,0,110.0,true,Senior,Excellent
1213,Employee_1213,Female,24,IT,Executive,70000,3,28/05/2024,Jaipur,Gujarat,Not Assigned,4,110.0,true,Mid Level,Excellent
1231,Employee_1231,Female,30,Sales,Executive,45000,5,15/06/2024,Delhi,Gujarat,Amit,6,110.0,true,Senior,Excellent
1264,Employee_1264,Male,30,Sales,Executive,15000,5,18/07/2024,Delhi,Rajasthan,Rohit,5,110.0,false,Senior,Excellent
1265,Employee_1265,Female,24,Finance,Manager,15000,3,07-19-2024,Pune,Maharashtra,Amit,5,110.0,false,Mid Level,Excellent
1278,Employee_1278,Male,25,IT,Engineer,45000,3,2024-08-01,Ahmedabad,Rajasthan,Neha,0,88.0,true,Mid Level,Needs Improvement
1285,Employee_1285,Female,42,IT,Executive,15000,0,08/08/2024,Delhi,Delhi,Neha,5,92.0,true,Junior,Excellent
1286,Employee_1286,Male,25,Marketing,Executive,70000,3,08-09-2024,Delhi,Maharashtra,Rohit,3,110.0,false,Mid Level,Excellent
1315,Employee_1315,Female,42,Marketing,Engineer,45000,0,07/09/2024,Delhi,Gujarat,Neha,4,97.0,false,Junior,Excellent
1318,Employee_1318,Male,42,IT,Executive,70000,3,10/09/2024,Mumbai,Rajasthan,Neha,4,92.0,true,Mid Level,Excellent
13,Employee_13,Female,36,Sales,Analyst,25000,1,14/01/2023,Delhi,Maharashtra,Rohit,5,97.0,false,Junior,Excellent
25,Employee_25,Male,24,Marketing,Manager,25000,0,26/01/2023,Ahmedabad,Maharashtra,Amit,6,97.0,false,Junior,Excellent
153,Employee_153,Male,30,Sales,Manager,45000,0,2023-06-03,Delhi,Maharashtra,Neha,4,97.0,false,Junior,Excellent
187,Employee_187,Male,30,Finance,Engineer,45000,3,07/07/2023,Jaipur,Maharashtra,Not Assigned,4,110.0,true,Mid Level,Excellent
196,Employee_196,Male,30,Marketing,Manager,45000,0,16/07/2023,Delhi,Maharashtra,Rohit,6,88.0,true,Junior,Needs Improvement
201,Employee_201,Female,24,Marketing,Engineer,15000,1,2023-07-21,Mumbai,Rajasthan,Neha,4,88.0,false,Junior,Needs Improvement
202,Employee_202,Male,36,Sales,Manager,25000,1,22/07/2023,Jaipur,Maharashtra,Amit,6,92.0,false,Junior,Excellent
216,Employee_216,Female,24,Sales,Engineer,15000,5,2023-08-05,Jaipur,Gujarat,Neha,0,110.0,true,Senior,Excellent
258,Employee_258,Male,36,IT,Executive,70000,1,2023-09-16,Ahmedabad,Gujarat,Rohit,6,97.0,true,Junior,Excellent
261,Employee_261,Male,42,Marketing,Engineer,25000,1,2023-09-19,Pune,Delhi,Rohit,4,88.0,true,Junior,Needs Improvement
263,Employee_263,Male,42,HR,Manager,15000,0,09-21-2023,Ahmedabad,Maharashtra,Rohit,5,97.0,true,Junior,Excellent
311,Employee_311,Male,36,Marketing,Engineer,70000,0,11-08-2023,Mumbai,Gujarat,Amit,3,97.0,true,Junior,Excellent
333,Employee_333,Female,36,Finance,Analyst,45000,1,2023-11-30,Ahmedabad,Gujarat,Not Assigned,6,97.0,false,Junior,Excellent
342,Employee_342,Female,42,Finance,Executive,15000,0,2023-12-09,Jaipur,Delhi,Not Assigned,0,92.0,true,Junior,Excellent
349,Employee_349,Female,42,HR,Manager,25000,0,16/12/2023,Jaipur,Rajasthan,Rohit,4,92.0,true,Junior,Excellent
370,Employee_370,Female,30,HR,Engineer,70000,5,06/01/2024,Ahmedabad,Maharashtra,Neha,6,110.0,false,Senior,Excellent
416,Employee_416,Male,25,Sales,Analyst,25000,0,02-21-2024,Jaipur,Gujarat,Rohit,4,88.0,true,Junior,Needs Improvement
425,Employee_425,Female,36,HR,Manager,15000,0,03-01-2024,Delhi,Rajasthan,Neha,5,110.0,true,Junior,Excellent
449,Employee_449,Female,30,HR,Engineer,25000,3,03-25-2024,Delhi,Maharashtra,Amit,4,110.0,true,Mid Level,Excellent
451,Employee_451,Male,42,Sales,Executive,15000,0,27/03/2024,Pune,Gujarat,Not Assigned,6,92.0,true,Junior,Excellent
459,Employee_459,Male,24,Finance,Analyst,45000,0,2024-04-04,Jaipur,Gujarat,Rohit,3,88.0,true,Junior,Needs Improvement
469,Employee_469,Male,24,HR,Manager,70000,0,14/04/2024,Mumbai,Maharashtra,Rohit,4,97.0,false,Junior,Excellent
480,Employee_480,Male,24,Sales,Manager,45000,5,2024-04-25,Jaipur,Gujarat,Rohit,4,97.0,true,Senior,Excellent
487,Employee_487,Female,42,Marketing,Engineer,70000,1,02/05/2024,Pune,Rajasthan,Not Assigned,6,110.0,true,Junior,Excellent
498,Employee_498,Male,24,Sales,Engineer,45000,1,2024-05-13,Mumbai,Rajasthan,Not Assigned,6,110.0,true,Junior,Excellent
518,Employee_518,Female,36,Sales,Executive,25000,5,06-02-2024,Pune,Delhi,Not Assigned,5,92.0,false,Senior,Excellent
539,Employee_539,Female,42,Sales,Engineer,25000,3,06-23-2024,Ahmedabad,Gujarat,Neha,6,110.0,true,Mid Level,Excellent
548,Employee_548,Male,36,Sales,Engineer,70000,5,07-02-2024,Ahmedabad,Maharashtra,Not Assigned,6,92.0,true,Senior,Excellent
566,Employee_566,Female,30,IT,Manager,45000,3,07-20-2024,Pune,Delhi,Neha,3,110.0,true,Mid Level,Excellent
596,Employee_596,Male,30,HR,Executive,70000,5,08-19-2024,Ahmedabad,Delhi,Neha,4,92.0,true,Senior,Excellent
597,Employee_597,Female,25,Sales,Engineer,25000,3,2024-08-20,Delhi,Maharashtra,Rohit,3,110.0,false,Mid Level,Excellent
660,Employee_660,Male,25,Finance,Manager,70000,1,2024-10-22,Jaipur,Maharashtra,Amit,5,92.0,true,Junior,Excellent
670,Employee_670,Female,24,IT,Executive,15000,0,01/11/2024,Ahmedabad,Maharashtra,Not Assigned,4,92.0,true,Junior,Excellent
677,Employee_677,Male,36,Marketing,Engineer,15000,0,11-08-2024,Mumbai,Delhi,Rohit,6,92.0,false,Junior,Excellent
695,Employee_695,Female,36,IT,Manager,25000,3,11-26-2024,Jaipur,Maharashtra,Neha,5,110.0,true,Mid Level,Excellent
696,Employee_696,Male,25,HR,Manager,15000,1,2024-11-27,Pune,Rajasthan,Amit,5,88.0,false,Junior,Needs Improvement
724,Employee_724,Male,30,HR,Manager,45000,5,25/01/2023,Jaipur,Maharashtra,Neha,3,92.0,false,Senior,Excellent
743,Employee_743,Female,36,Sales,Executive,45000,5,02-13-2023,Jaipur,Delhi,Not Assigned,4,110.0,false,Senior,Excellent
755,Employee_755,Female,36,IT,Engineer,70000,1,02-25-2023,Pune,Gujarat,Rohit,5,88.0,true,Junior,Needs Improvement
771,Employee_771,Female,25,HR,Manager,15000,3,2023-03-13,Pune,Gujarat,Amit,4,92.0,false,Mid Level,Excellent
804,Employee_804,Female,42,Finance,Executive,25000,0,2023-04-15,Ahmedabad,Delhi,Neha,4,88.0,true,Junior,Needs Improvement
828,Employee_828,Female,30,Marketing,Manager,45000,0,2023-05-09,Delhi,Rajasthan,Not Assigned,0,92.0,false,Junior,Excellent
838,Employee_838,Female,30,IT,Manager,15000,0,19/05/2023,Mumbai,Rajasthan,Rohit,3,88.0,false,Junior,Needs Improvement
852,Employee_852,Female,36,HR,Executive,15000,5,2023-06-02,Jaipur,Rajasthan,Not Assigned,6,92.0,true,Senior,Excellent
856,Employee_856,Female,24,IT,Analyst,45000,5,06/06/2023,Pune,Delhi,Rohit,4,92.0,false,Senior,Excellent
860,Employee_860,Male,36,Sales,Executive,70000,3,06-10-2023,Jaipur,Maharashtra,Neha,3,88.0,true,Mid Level,Needs Improvement
873,Employee_873,Male,30,HR,Analyst,25000,5,2023-06-23,Pune,Gujarat,Neha,5,88.0,false,Senior,Needs Improvement
934,Employee_934,Female,42,Marketing,Manager,25000,1,23/08/2023,Jaipur,Gujarat,Rohit,4,97.0,false,Junior,Excellent
935,Employee_935,Male,24,HR,Executive,25000,1,08-24-2023,Jaipur,Gujarat,Amit,6,88.0,true,Junior,Needs Improvement
940,Employee_940,Male,30,HR,Manager,45000,1,29/08/2023,Pune,Delhi,Amit,3,110.0,false,Junior,Excellent
951,Employee_951,Male,24,IT,Analyst,25000,5,2023-09-09,Pune,Rajasthan,Not Assigned,3,110.0,true,Senior,Excellent
956,Employee_956,Female,24,IT,Analyst,70000,3,09-14-2023,Pune,Rajasthan,Not Assigned,3,110.0,false,Mid Level,Excellent
964,Employee_964,Male,24,Marketing,Manager,25000,3,22/09/2023,Pune,Rajasthan,Not Assigned,6,97.0,true,Mid Level,Excellent
992,Employee_992,Male,36,Finance,Engineer,25000,0,10-20-2023,Jaipur,Maharashtra,Rohit,4,92.0,true,Junior,Excellent
1051,Employee_1051,Male,42,IT,Analyst,15000,1,18/12/2023,Pune,Gujarat,Rohit,5,110.0,true,Junior,Excellent
1057,Employee_1057,Male,42,Marketing,Engineer,25000,1,24/12/2023,Pune,Gujarat,Not Assigned,5,92.0,true,Junior,Excellent
1138,Employee_1138,Male,24,Marketing,Engineer,70000,1,14/03/2024,Ahmedabad,Delhi,Not Assigned,6,88.0,false,Junior,Needs Improvement
1152,Employee_1152,Male,30,Sales,Executive,70000,3,2024-03-28,Ahmedabad,Delhi,Neha,0,97.0,false,Mid Level,Excellent
1156,Employee_1156,Male,36,IT,Executive,70000,0,01/04/2024,Ahmedabad,Rajasthan,Amit,3,88.0,true,Junior,Needs Improvement
1161,Employee_1161,Female,36,Marketing,Analyst,15000,3,2024-04-06,Mumbai,Maharashtra,Rohit,6,110.0,true,Mid Level,Excellent
1163,Employee_1163,Male,36,Marketing,Analyst,25000,5,04-08-2024,Ahmedabad,Rajasthan,Neha,6,92.0,false,Senior,Excellent
1203,Employee_1203,Female,30,Sales,Analyst,70000,0,2024-05-18,Delhi,Delhi,Not Assigned,4,92.0,false,Junior,Excellent
1205,Employee_1205,Male,42,Finance,Manager,15000,5,05-20-2024,Ahmedabad,Gujarat,Neha,5,92.0,false,Senior,Excellent
1209,Employee_1209,Female,36,IT,Executive,15000,3,2024-05-24,Mumbai,Gujarat,Amit,4,110.0,false,Mid Level,Excellent
1211,Employee_1211,Female,25,HR,Executive,45000,1,05-26-2024,Ahmedabad,Maharashtra,Rohit,3,88.0,true,Junior,Needs Improvement
1221,Employee_1221,Male,30,Finance,Manager,15000,5,2024-06-05,Pune,Rajasthan,Not Assigned,4,92.0,true,Senior,Excellent
1236,Employee_1236,Female,42,HR,Analyst,25000,1,2024-06-20,Ahmedabad,Delhi,Neha,3,92.0,true,Junior,Excellent
1243,Employee_1243,Female,30,IT,Executive,25000,5,27/06/2024,Pune,Delhi,Neha,3,92.0,true,Senior,Excellent
1274,Employee_1274,Female,24,Finance,Analyst,15000,5,07-28-2024,Jaipur,Delhi,Not Assigned,4,97.0,false,Senior,Excellent
1283,Employee_1283,Female,42,HR,Manager,45000,5,08-06-2024,Mumbai,Gujarat,Neha,6,88.0,false,Senior,Needs Improvement
1304,Employee_1304,Female,42,Sales,Manager,45000,5,08-27-2024,Ahmedabad,Delhi,Rohit,3,97.0,true,Senior,Excellent
1320,Employee_1320,Male,42,IT,Analyst,70000,0,2024-09-12,Pune,Delhi,Amit,3,92.0,true,Junior,Excellent
1330,Employee_1330,Female,30,Finance,Engineer,70000,5,22/09/2024,Delhi,Rajasthan,Rohit,6,92.0,true,Senior,Excellent
24,Employee_24,Female,36,IT,Analyst,45000,0,2023-01-25,Ahmedabad,Delhi,Neha,3,97.0,false,Junior,Excellent
26,Employee_26,Female,25,IT,Manager,25000,0,01-27-2023,Jaipur,Rajasthan,Rohit,4,88.0,true,Junior,Needs Improvement
31,Employee_31,Male,24,Sales,Engineer,25000,5,01/02/2023,Ahmedabad,Maharashtra,Rohit,3,88.0,false,Senior,Needs Improvement
62,Employee_62,Male,36,Sales,Engineer,70000,0,03-04-2023,Ahmedabad,Rajasthan,Rohit,5,97.0,true,Junior,Excellent
69,Employee_69,Female,24,Sales,Analyst,25000,0,2023-03-11,Pune,Delhi,Not Assigned,5,110.0,false,Junior,Excellent
77,Employee_77,Male,30,Finance,Analyst,15000,3,03-19-2023,Jaipur,Gujarat,Not Assigned,6,110.0,true,Mid Level,Excellent
112,Employee_112,Male,30,Marketing,Engineer,45000,1,23/04/2023,Pune,Maharashtra,Amit,4,92.0,true,Junior,Excellent
115,Employee_115,Female,42,Marketing,Engineer,70000,0,26/04/2023,Jaipur,Delhi,Neha,3,97.0,false,Junior,Excellent
139,Employee_139,Male,42,Sales,Analyst,45000,3,20/05/2023,Jaipur,Gujarat,Neha,4,92.0,false,Mid Level,Excellent
141,Employee_141,Female,36,Marketing,Executive,15000,3,2023-05-22,Jaipur,Rajasthan,Not Assigned,5,92.0,true,Mid Level,Excellent
173,Employee_173,Male,25,HR,Analyst,25000,1,06-23-2023,Jaipur,Delhi,Rohit,6,110.0,true,Junior,Excellent
174,Employee_174,Male,36,Marketing,Engineer,45000,0,2023-06-24,Delhi,Gujarat,Not Assigned,5,88.0,false,Junior,Needs Improvement
185,Employee_185,Male,25,IT,Manager,70000,0,07-05-2023,Ahmedabad,Gujarat,Amit,4,92.0,false,Junior,Excellent
192,Employee_192,Male,42,Marketing,Analyst,15000,1,2023-07-12,Delhi,Gujarat,Not Assigned,6,110.0,false,Junior,Excellent
221,Employee_221,Female,25,IT,Manager,25000,1,08-10-2023,Jaipur,Maharashtra,Rohit,5,97.0,true,Junior,Excellent
223,Employee_223,Male,42,Finance,Executive,70000,5,12/08/2023,Jaipur,Rajasthan,Neha,3,110.0,true,Senior,Excellent
227,Employee_227,Male,25,IT,Executive,45000,0,08-16-2023,Jaipur,Maharashtra,Neha,4,97.0,true,Junior,Excellent
232,Employee_232,Male,25,HR,Manager,45000,3,21/08/2023,Mumbai,Gujarat,Rohit,4,110.0,true,Mid Level,Excellent
245,Employee_245,Male,30,Marketing,Engineer,25000,3,09-03-2023,Ahmedabad,Gujarat,Neha,5,110.0,false,Mid Level,Excellent
246,Employee_246,Male,42,IT,Engineer,70000,3,2023-09-04,Delhi,Gujarat,Neha,5,97.0,true,Mid Level,Excellent
248,Employee_248,Female,42,Finance,Engineer,15000,0,09-06-2023,Ahmedabad,Rajasthan,Amit,5,88.0,false,Junior,Needs Improvement
304,Employee_304,Male,36,Sales,Analyst,25000,3,01/11/2023,Pune,Delhi,Amit,4,110.0,false,Mid Level,Excellent
307,Employee_307,Male,36,Sales,Manager,25000,5,04/11/2023,Pune,Gujarat,Not Assigned,4,88.0,false,Senior,Needs Improvement
319,Employee_319,Male,36,Marketing,Engineer,45000,5,16/11/2023,Delhi,Rajasthan,Neha,3,88.0,true,Senior,Needs Improvement
358,Employee_358,Male,30,HR,Engineer,25000,0,25/12/2023,Pune,Delhi,Rohit,5,88.0,true,Junior,Needs Improvement
360,Employee_360,Male,24,HR,Engineer,45000,3,2023-12-27,Pune,Gujarat,Neha,0,92.0,true,Mid Level,Excellent
414,Employee_414,Male,25,Sales,Executive,15000,0,2024-02-19,Mumbai,Gujarat,Rohit,0,97.0,false,Junior,Excellent
415,Employee_415,Female,36,Finance,Analyst,25000,3,20/02/2024,Ahmedabad,Gujarat,Amit,6,110.0,false,Mid Level,Excellent
464,Employee_464,Female,36,Finance,Manager,25000,1,04-09-2024,Mumbai,Rajasthan,Amit,5,110.0,true,Junior,Excellent
467,Employee_467,Female,25,IT,Analyst,15000,0,04-12-2024,Delhi,Rajasthan,Amit,4,88.0,false,Junior,Needs Improvement
485,Employee_485,Male,36,Finance,Manager,70000,3,04-30-2024,Ahmedabad,Rajasthan,Not Assigned,4,110.0,false,Mid Level,Excellent
506,Employee_506,Male,25,Marketing,Engineer,25000,1,05-21-2024,Delhi,Rajasthan,Rohit,5,92.0,false,Junior,Excellent
529,Employee_529,Female,25,Finance,Manager,45000,0,13/06/2024,Pune,Rajasthan,Not Assigned,5,88.0,true,Junior,Needs Improvement
544,Employee_544,Male,24,HR,Engineer,45000,0,28/06/2024,Pune,Maharashtra,Amit,6,97.0,false,Junior,Excellent
563,Employee_563,Male,36,Finance,Engineer,25000,1,07-17-2024,Pune,Rajasthan,Rohit,6,88.0,true,Junior,Needs Improvement
601,Employee_601,Male,36,Sales,Executive,15000,1,24/08/2024,Pune,Gujarat,Not Assigned,5,92.0,false,Junior,Excellent
626,Employee_626,Female,25,Marketing,Manager,45000,3,09-18-2024,Delhi,Maharashtra,Amit,4,97.0,false,Mid Level,Excellent
627,Employee_627,Female,42,Marketing,Executive,25000,5,2024-09-19,Mumbai,Delhi,Rohit,5,92.0,false,Senior,Excellent
646,Employee_646,Male,42,Finance,Analyst,25000,5,08/10/2024,Mumbai,Delhi,Not Assigned,5,92.0,true,Senior,Excellent
654,Employee_654,Female,36,Marketing,Engineer,70000,1,2024-10-16,Delhi,Rajasthan,Neha,4,92.0,false,Junior,Excellent
668,Employee_668,Female,25,IT,Engineer,70000,0,10-30-2024,Ahmedabad,Gujarat,Not Assigned,3,92.0,true,Junior,Excellent
669,Employee_669,Female,36,IT,Analyst,15000,5,2024-10-31,Mumbai,Maharashtra,Rohit,5,110.0,true,Senior,Excellent
705,Employee_705,Female,30,Finance,Executive,25000,5,2023-01-06,Pune,Rajasthan,Neha,4,97.0,true,Senior,Excellent
762,Employee_762,Female,25,Marketing,Executive,25000,0,2023-03-04,Ahmedabad,Delhi,Rohit,5,92.0,true,Junior,Excellent
766,Employee_766,Male,30,Finance,Executive,15000,0,08/03/2023,Ahmedabad,Gujarat,Amit,5,88.0,true,Junior,Needs Improvement
783,Employee_783,Female,42,IT,Manager,45000,0,2023-03-25,Pune,Rajasthan,Neha,3,92.0,true,Junior,Excellent
787,Employee_787,Female,42,HR,Engineer,15000,5,29/03/2023,Jaipur,Rajasthan,Not Assigned,5,92.0,false,Senior,Excellent
788,Employee_788,Male,42,Marketing,Engineer,15000,3,03-30-2023,Mumbai,Maharashtra,Not Assigned,3,97.0,true,Mid Level,Excellent
803,Employee_803,Male,36,Marketing,Manager,70000,0,04-14-2023,Pune,Delhi,Rohit,4,97.0,false,Junior,Excellent
823,Employee_823,Male,25,HR,Executive,70000,3,04/05/2023,Mumbai,Rajasthan,Not Assigned,4,97.0,false,Mid Level,Excellent
859,Employee_859,Male,42,Sales,Engineer,15000,5,09/06/2023,Ahmedabad,Maharashtra,Amit,6,88.0,false,Senior,Needs Improvement
933,Employee_933,Male,42,Finance,Executive,25000,3,2023-08-22,Pune,Rajasthan,Rohit,4,88.0,false,Mid Level,Needs Improvement
952,Employee_952,Male,42,HR,Manager,25000,5,10/09/2023,Delhi,Gujarat,Rohit,3,97.0,false,Senior,Excellent
960,Employee_960,Female,42,Sales,Manager,70000,3,2023-09-18,Delhi,Delhi,Neha,3,110.0,true,Mid Level,Excellent
1002,Employee_1002,Male,24,Finance,Executive,25000,3,2023-10-30,Delhi,Delhi,Rohit,6,88.0,false,Mid Level,Needs Improvement
1013,Employee_1013,Female,24,Marketing,Executive,45000,3,11-10-2023,Ahmedabad,Gujarat,Not Assigned,4,88.0,false,Mid Level,Needs Improvement
1018,Employee_1018,Male,24,HR,Executive,45000,5,15/11/2023,Jaipur,Gujarat,Rohit,3,97.0,true,Senior,Excellent
1032,Employee_1032,Male,36,IT,Analyst,45000,1,2023-11-29,Delhi,Rajasthan,Not Assigned,5,110.0,false,Junior,Excellent
1036,Employee_1036,Female,36,Marketing,Manager,15000,5,03/12/2023,Ahmedabad,Rajasthan,Rohit,3,110.0,false,Senior,Excellent
1070,Employee_1070,Male,25,IT,Engineer,25000,5,01-06-2024,Ahmedabad,Gujarat,Neha,4,110.0,false,Senior,Excellent
1090,Employee_1090,Male,42,Marketing,Executive,70000,5,26/01/2024,Pune,Maharashtra,Rohit,3,110.0,true,Senior,Excellent
1095,Employee_1095,Female,30,Finance,Executive,70000,1,2024-01-31,Ahmedabad,Delhi,Neha,4,110.0,false,Junior,Excellent
1098,Employee_1098,Male,30,IT,Analyst,25000,1,2024-02-03,Ahmedabad,Maharashtra,Amit,0,110.0,false,Junior,Excellent
1107,Employee_1107,Male,24,HR,Manager,70000,1,2024-02-12,Pune,Delhi,Not Assigned,3,88.0,false,Junior,Needs Improvement
1153,Employee_1153,Male,25,Marketing,Manager,70000,1,29/03/2024,Mumbai,Delhi,Neha,5,97.0,true,Junior,Excellent
1164,Employee_1164,Male,24,Marketing,Manager,70000,5,2024-04-09,Delhi,Delhi,Amit,3,92.0,true,Senior,Excellent
1178,Employee_1178,Female,24,Marketing,Analyst,45000,1,04-23-2024,Mumbai,Maharashtra,Neha,5,97.0,true,Junior,Excellent
1190,Employee_1190,Female,30,IT,Executive,25000,1,05-05-2024,Ahmedabad,Delhi,Amit,4,88.0,true,Junior,Needs Improvement
1238,Employee_1238,Male,30,Marketing,Executive,25000,3,06-22-2024,Jaipur,Delhi,Amit,3,110.0,true,Mid Level,Excellent
1249,Employee_1249,Male,30,IT,Manager,25000,1,03/07/2024,Ahmedabad,Maharashtra,Not Assigned,4,92.0,false,Junior,Excellent
1254,Employee_1254,Male,24,Finance,Manager,25000,1,2024-07-08,Jaipur,Rajasthan,Rohit,3,110.0,false,Junior,Excellent
1271,Employee_1271,Female,42,HR,Manager,15000,3,07-25-2024,Delhi,Gujarat,Not Assigned,4,110.0,false,Mid Level,Excellent
1287,Employee_1287,Male,30,HR,Analyst,70000,3,2024-08-10,Mumbai,Rajasthan,Amit,6,92.0,true,Mid Level,Excellent
1297,Employee_1297,Male,42,Marketing,Manager,45000,1,20/08/2024,Pune,Maharashtra,Rohit,5,92.0,false,Junior,Excellent
1301,Employee_1301,Male,42,HR,Engineer,70000,1,08-24-2024,Pune,Rajasthan,Rohit,5,97.0,false,Junior,Excellent
4,Employee_4,Male,36,Sales,Manager,15000,1,05/01/2023,Ahmedabad,Delhi,Rohit,3,88.0,false,Junior,Needs Improvement
85,Employee_85,Male,25,Marketing,Executive,70000,3,27/03/2023,Jaipur,Rajasthan,Not Assigned,6,110.0,false,Mid Level,Excellent
89,Employee_89,Female,25,Marketing,Executive,45000,5,03-31-2023,Mumbai,Maharashtra,Not Assigned,4,92.0,false,Senior,Excellent
114,Employee_114,Male,24,HR,Manager,45000,3,2023-04-25,Ahmedabad,Delhi,Not Assigned,6,92.0,true,Mid Level,Excellent
175,Employee_175,Female,25,Marketing,Engineer,15000,1,25/06/2023,Ahmedabad,Maharashtra,Amit,6,92.0,false,Junior,Excellent
186,Employee_186,Male,42,HR,Analyst,70000,5,2023-07-06,Delhi,Gujarat,Amit,4,97.0,false,Senior,Excellent
188,Employee_188,Female,30,IT,Analyst,25000,1,07-08-2023,Ahmedabad,Gujarat,Amit,5,97.0,true,Junior,Excellent
211,Employee_211,Female,25,IT,Engineer,70000,5,31/07/2023,Jaipur,Rajasthan,Not Assigned,3,88.0,false,Senior,Needs Improvement
229,Employee_229,Male,42,Marketing,Executive,70000,3,18/08/2023,Ahmedabad,Rajasthan,Amit,3,88.0,true,Mid Level,Needs Improvement
272,Employee_272,Female,36,HR,Analyst,45000,0,09-30-2023,Pune,Maharashtra,Rohit,3,110.0,false,Junior,Excellent
310,Employee_310,Male,24,IT,Engineer,70000,0,07/11/2023,Delhi,Gujarat,Not Assigned,6,88.0,true,Junior,Needs Improvement
334,Employee_334,Female,42,Sales,Analyst,15000,5,01/12/2023,Mumbai,Rajasthan,Amit,6,92.0,false,Senior,Excellent
354,Employee_354,Female,30,HR,Manager,70000,5,2023-12-21,Mumbai,Gujarat,Neha,3,97.0,true,Senior,Excellent
355,Employee_355,Male,24,Finance,Analyst,25000,5,22/12/2023,Delhi,Rajasthan,Not Assigned,4,110.0,true,Senior,Excellent
366,Employee_366,Male,36,IT,Analyst,15000,5,2024-01-02,Ahmedabad,Delhi,Amit,4,92.0,false,Senior,Excellent
381,Employee_381,Female,30,IT,Manager,45000,5,2024-01-17,Ahmedabad,Gujarat,Neha,4,92.0,false,Senior,Excellent
386,Employee_386,Female,42,Marketing,Analyst,15000,3,01-22-2024,Mumbai,Delhi,Rohit,5,97.0,false,Mid Level,Excellent
403,Employee_403,Male,36,HR,Manager,25000,0,08/02/2024,Mumbai,Gujarat,Rohit,4,110.0,true,Junior,Excellent
412,Employee_412,Female,42,HR,Manager,70000,3,17/02/2024,Jaipur,Rajasthan,Amit,6,88.0,false,Mid Level,Needs Improvement
432,Employee_432,Male,24,Finance,Engineer,70000,3,2024-03-08,Ahmedabad,Maharashtra,Not Assigned,0,92.0,false,Mid Level,Excellent
437,Employee_437,Male,36,Marketing,Executive,15000,1,03-13-2024,Pune,Rajasthan,Neha,6,110.0,true,Junior,Excellent
471,Employee_471,Male,25,Marketing,Executive,45000,0,2024-04-16,Pune,Gujarat,Neha,3,88.0,false,Junior,Needs Improvement
479,Employee_479,Male,42,IT,Manager,25000,3,04-24-2024,Ahmedabad,Gujarat,Rohit,5,110.0,false,Mid Level,Excellent
492,Employee_492,Male,24,HR,Executive,70000,0,2024-05-07,Delhi,Rajasthan,Rohit,5,97.0,true,Junior,Excellent
497,Employee_497,Male,24,HR,Engineer,15000,5,05-12-2024,Mumbai,Delhi,Not Assigned,4,92.0,true,Senior,Excellent
519,Employee_519,Male,36,IT,Manager,25000,0,2024-06-03,Mumbai,Gujarat,Neha,3,97.0,false,Junior,Excellent
526,Employee_526,Female,42,Marketing,Analyst,25000,5,10/06/2024,Ahmedabad,Rajasthan,Neha,6,97.0,true,Senior,Excellent
553,Employee_553,Male,25,Sales,Analyst,15000,0,07/07/2024,Delhi,Maharashtra,Neha,6,110.0,false,Junior,Excellent
571,Employee_571,Female,36,Sales,Manager,70000,5,25/07/2024,Ahmedabad,Gujarat,Not Assigned,5,97.0,true,Senior,Excellent
574,Employee_574,Male,36,Sales,Analyst,45000,5,28/07/2024,Mumbai,Delhi,Neha,5,92.0,true,Senior,Excellent
598,Employee_598,Male,42,IT,Executive,25000,1,21/08/2024,Mumbai,Delhi,Amit,3,97.0,false,Junior,Excellent
605,Employee_605,Male,30,Marketing,Manager,25000,5,08-28-2024,Jaipur,Rajasthan,Not Assigned,5,97.0,false,Senior,Excellent
618,Employee_618,Male,42,IT,Analyst,25000,1,2024-09-10,Pune,Maharashtra,Neha,4,97.0,false,Junior,Excellent
634,Employee_634,Male,36,Finance,Analyst,45000,1,26/09/2024,Jaipur,Rajasthan,Neha,6,92.0,false,Junior,Excellent
661,Employee_661,Female,24,IT,Manager,45000,5,23/10/2024,Delhi,Delhi,Amit,4,88.0,true,Senior,Needs Improvement
662,Employee_662,Female,42,Sales,Analyst,70000,3,10-24-2024,Mumbai,Gujarat,Not Assigned,4,92.0,true,Mid Level,Excellent
675,Employee_675,Male,36,HR,Executive,70000,0,2024-11-06,Mumbai,Rajasthan,Amit,3,92.0,false,Junior,Excellent
680,Employee_680,Female,30,Finance,Engineer,25000,0,11-11-2024,Jaipur,Delhi,Rohit,6,88.0,false,Junior,Needs Improvement
682,Employee_682,Female,25,Sales,Manager,15000,1,13/11/2024,Pune,Maharashtra,Not Assigned,4,97.0,true,Junior,Excellent
683,Employee_683,Male,30,Finance,Manager,70000,1,11-14-2024,Jaipur,Delhi,Amit,4,97.0,true,Junior,Excellent
703,Employee_703,Female,42,HR,Engineer,15000,3,04/01/2023,Jaipur,Gujarat,Rohit,4,88.0,true,Mid Level,Needs Improvement
730,Employee_730,Female,30,Marketing,Engineer,70000,1,31/01/2023,Mumbai,Rajasthan,Amit,5,110.0,true,Junior,Excellent
731,Employee_731,Male,25,IT,Manager,45000,0,02-01-2023,Pune,Delhi,Amit,3,110.0,true,Junior,Excellent
733,Employee_733,Male,42,IT,Engineer,45000,3,03/02/2023,Ahmedabad,Maharashtra,Rohit,5,88.0,false,Mid Level,Needs Improvement
780,Employee_780,Male,24,Sales,Analyst,25000,1,2023-03-22,Mumbai,Delhi,Neha,4,110.0,true,Junior,Excellent
786,Employee_786,Female,30,Sales,Executive,45000,5,2023-03-28,Ahmedabad,Maharashtra,Rohit,6,110.0,true,Senior,Excellent
796,Employee_796,Female,30,HR,Manager,15000,1,07/04/2023,Delhi,Delhi,Neha,6,110.0,false,Junior,Excellent
812,Employee_812,Male,24,Sales,Manager,15000,3,04-23-2023,Mumbai,Maharashtra,Amit,5,92.0,true,Mid Level,Excellent
830,Employee_830,Male,30,Finance,Engineer,45000,3,05-11-2023,Ahmedabad,Maharashtra,Not Assigned,3,88.0,false,Mid Level,Needs Improvement
846,Employee_846,Female,25,Marketing,Analyst,25000,1,2023-05-27,Mumbai,Rajasthan,Rohit,0,92.0,false,Junior,Excellent
876,Employee_876,Female,42,Finance,Executive,15000,1,2023-06-26,Pune,Rajasthan,Not Assigned,4,97.0,false,Junior,Excellent
886,Employee_886,Female,36,IT,Manager,45000,1,06/07/2023,Delhi,Rajasthan,Rohit,4,97.0,false,Junior,Excellent
899,Employee_899,Male,24,IT,Analyst,70000,1,07-19-2023,Jaipur,Delhi,Amit,3,92.0,false,Junior,Excellent
901,Employee_901,Female,30,Sales,Executive,70000,1,21/07/2023,Pune,Rajasthan,Neha,4,92.0,true,Junior,Excellent
906,Employee_906,Female,24,Marketing,Executive,25000,5,2023-07-26,Ahmedabad,Delhi,Rohit,4,92.0,false,Senior,Excellent
907,Employee_907,Male,30,Marketing,Manager,45000,0,27/07/2023,Jaipur,Delhi,Amit,5,92.0,true,Junior,Excellent
927,Employee_927,Male,24,HR,Executive,25000,5,2023-08-16,Pune,Maharashtra,Neha,5,92.0,false,Senior,Excellent
928,Employee_928,Male,24,Finance,Analyst,15000,0,17/08/2023,Mumbai,Gujarat,Rohit,6,88.0,true,Junior,Needs Improvement
936,Employee_936,Male,36,Finance,Executive,70000,0,2023-08-25,Jaipur,Gujarat,Neha,0,97.0,false,Junior,Excellent
967,Employee_967,Female,25,IT,Executive,15000,1,25/09/2023,Delhi,Gujarat,Amit,5,92.0,false,Junior,Excellent
980,Employee_980,Female,36,HR,Engineer,25000,3,10-08-2023,Mumbai,Rajasthan,Rohit,3,97.0,true,Mid Level,Excellent
1042,Employee_1042,Male,30,IT,Manager,15000,3,09/12/2023,Delhi,Rajasthan,Not Assigned,3,92.0,true,Mid Level,Excellent
1056,Employee_1056,Female,36,HR,Manager,25000,1,2023-12-23,Delhi,Gujarat,Not Assigned,3,88.0,false,Junior,Needs Improvement
1085,Employee_1085,Female,30,HR,Engineer,45000,1,01-21-2024,Delhi,Rajasthan,Not Assigned,4,110.0,true,Junior,Excellent
1105,Employee_1105,Female,24,IT,Manager,25000,1,10/02/2024,Mumbai,Gujarat,Amit,3,88.0,true,Junior,Needs Improvement
1108,Employee_1108,Female,30,IT,Engineer,70000,1,13/02/2024,Delhi,Rajasthan,Amit,6,88.0,true,Junior,Needs Improvement
1115,Employee_1115,Male,36,Marketing,Executive,45000,5,02-20-2024,Delhi,Delhi,Amit,5,88.0,true,Senior,Needs Improvement
1117,Employee_1117,Male,24,IT,Manager,70000,0,22/02/2024,Pune,Delhi,Not Assigned,6,110.0,false,Junior,Excellent
1154,Employee_1154,Female,36,Finance,Analyst,25000,3,03-30-2024,Delhi,Maharashtra,Rohit,4,97.0,true,Mid Level,Excellent
1166,Employee_1166,Female,24,IT,Executive,25000,5,04-11-2024,Mumbai,Rajasthan,Rohit,5,92.0,false,Senior,Excellent
1171,Employee_1171,Female,36,HR,Manager,70000,0,16/04/2024,Pune,Rajasthan,Not Assigned,4,110.0,true,Junior,Excellent
1182,Employee_1182,Female,42,Marketing,Analyst,45000,1,2024-04-27,Ahmedabad,Gujarat,Rohit,6,97.0,true,Junior,Excellent
1193,Employee_1193,Male,30,Finance,Engineer,15000,5,05-08-2024,Mumbai,Gujarat,Rohit,6,92.0,false,Senior,Excellent
1198,Employee_1198,Female,36,Marketing,Engineer,70000,1,13/05/2024,Delhi,Delhi,Neha,5,97.0,false,Junior,Excellent
1240,Employee_1240,Male,42,Marketing,Analyst,15000,1,24/06/2024,Jaipur,Rajasthan,Not Assigned,6,92.0,true,Junior,Excellent
1248,Employee_1248,Female,24,Sales,Analyst,45000,1,2024-07-02,Jaipur,Gujarat,Rohit,3,88.0,false,Junior,Needs Improvement
1250,Employee_1250,Male,42,Finance,Executive,15000,1,07-04-2024,Ahmedabad,Rajasthan,Neha,6,88.0,true,Junior,Needs Improvement
1255,Employee_1255,Female,42,IT,Engineer,25000,5,09/07/2024,Delhi,Rajasthan,Amit,4,97.0,true,Senior,Excellent
1259,Employee_1259,Female,30,Marketing,Engineer,45000,5,07-13-2024,Delhi,Gujarat,Not Assigned,5,110.0,true,Senior,Excellent
1291,Employee_1291,Female,42,Marketing,Executive,70000,1,14/08/2024,Jaipur,Delhi,Rohit,3,88.0,true,Junior,Needs Improvement
1292,Employee_1292,Female,42,Marketing,Analyst,15000,5,08-15-2024,Jaipur,Gujarat,Not Assigned,6,110.0,false,Senior,Excellent
1293,Employee_1293,Female,24,Marketing,Executive,45000,1,2024-08-16,Jaipur,Maharashtra,Neha,3,110.0,true,Junior,Excellent
1295,Employee_1295,Female,36,IT,Analyst,15000,0,08-18-2024,Jaipur,Gujarat,Rohit,3,88.0,true,Junior,Needs Improvement
1305,Employee_1305,Female,42,IT,Engineer,45000,1,2024-08-28,Ahmedabad,Delhi,Neha,4,110.0,true,Junior,Excellent
40,Employee_40,Male,24,Finance,Manager,25000,1,10/02/2023,Pune,Delhi,Amit,4,88.0,false,Junior,Needs Improvement
49,Employee_49,Male,36,Sales,Analyst,70000,5,19/02/2023,Ahmedabad,Maharashtra,Neha,4,97.0,false,Senior,Excellent
50,Employee_50,Female,25,Finance,Executive,45000,3,02-20-2023,Mumbai,Maharashtra,Amit,3,97.0,false,Mid Level,Excellent
59,Employee_59,Male,30,Marketing,Engineer,15000,1,03-01-2023,Delhi,Maharashtra,Neha,6,92.0,true,Junior,Excellent
108,Employee_108,Male,30,Finance,Analyst,25000,5,2023-04-19,Mumbai,Gujarat,Amit,0,88.0,true,Senior,Needs Improvement
124,Employee_124,Female,30,Finance,Executive,45000,5,05/05/2023,Ahmedabad,Maharashtra,Amit,4,92.0,false,Senior,Excellent
136,Employee_136,Male,36,HR,Analyst,45000,1,17/05/2023,Pune,Delhi,Neha,6,97.0,false,Junior,Excellent
163,Employee_163,Female,42,Sales,Engineer,45000,5,13/06/2023,Pune,Delhi,Rohit,6,92.0,false,Senior,Excellent
171,Employee_171,Female,24,HR,Analyst,70000,0,2023-06-21,Ahmedabad,Maharashtra,Amit,6,92.0,true,Junior,Excellent
193,Employee_193,Female,24,Sales,Analyst,70000,3,13/07/2023,Jaipur,Gujarat,Not Assigned,6,110.0,false,Mid Level,Excellent
206,Employee_206,Female,24,IT,Executive,15000,5,07-26-2023,Jaipur,Rajasthan,Neha,6,110.0,true,Senior,Excellent
212,Employee_212,Female,36,Marketing,Engineer,70000,3,08-01-2023,Mumbai,Rajasthan,Amit,4,110.0,true,Mid Level,Excellent
230,Employee_230,Female,36,Marketing,Manager,15000,0,08-19-2023,Jaipur,Maharashtra,Not Assigned,3,97.0,true,Junior,Excellent
249,Employee_249,Male,24,Marketing,Engineer,15000,5,2023-09-07,Jaipur,Gujarat,Neha,4,92.0,true,Senior,Excellent
274,Employee_274,Female,42,HR,Engineer,15000,1,02/10/2023,Ahmedabad,Delhi,Rohit,4,110.0,false,Junior,Excellent
277,Employee_277,Male,24,HR,Engineer,15000,1,05/10/2023,Pune,Delhi,Not Assigned,4,97.0,true,Junior,Excellent
292,Employee_292,Male,42,HR,Manager,70000,1,20/10/2023,Mumbai,Delhi,Not Assigned,3,110.0,true,Junior,Excellent
305,Employee_305,Male,36,Sales,Executive,25000,5,11-02-2023,Mumbai,Rajasthan,Not Assigned,4,92.0,true,Senior,Excellent
308,Employee_308,Female,42,HR,Analyst,15000,1,11-05-2023,Delhi,Delhi,Rohit,4,92.0,false,Junior,Excellent
314,Employee_314,Male,42,Finance,Analyst,70000,0,11-11-2023,Jaipur,Gujarat,Neha,3,88.0,true,Junior,Needs Improvement
318,Employee_318,Male,30,Finance,Executive,25000,1,2023-11-15,Jaipur,Delhi,Neha,5,88.0,true,Junior,Needs Improvement
350,Employee_350,Male,25,Sales,Engineer,25000,0,12-17-2023,Delhi,Rajasthan,Not Assigned,3,92.0,true,Junior,Excellent
379,Employee_379,Female,36,HR,Analyst,70000,5,15/01/2024,Pune,Maharashtra,Amit,4,110.0,true,Senior,Excellent
406,Employee_406,Male,25,Finance,Engineer,15000,5,11/02/2024,Mumbai,Gujarat,Amit,5,97.0,true,Senior,Excellent
408,Employee_408,Male,25,HR,Executive,15000,1,2024-02-13,Jaipur,Gujarat,Neha,6,97.0,false,Junior,Excellent
426,Employee_426,Male,25,Marketing,Manager,15000,3,2024-03-02,Jaipur,Rajasthan,Rohit,5,110.0,true,Mid Level,Excellent
429,Employee_429,Male,25,Sales,Manager,70000,0,2024-03-05,Mumbai,Maharashtra,Amit,6,110.0,false,Junior,Excellent
434,Employee_434,Male,25,Marketing,Engineer,70000,5,03-10-2024,Pune,Maharashtra,Amit,3,88.0,false,Senior,Needs Improvement
450,Employee_450,Male,30,Sales,Manager,15000,5,2024-03-26,Delhi,Gujarat,Not Assigned,0,110.0,false,Senior,Excellent
465,Employee_465,Female,25,HR,Engineer,15000,5,2024-04-10,Jaipur,Gujarat,Rohit,3,97.0,true,Senior,Excellent
477,Employee_477,Female,30,Sales,Executive,70000,5,2024-04-22,Pune,Maharashtra,Amit,3,97.0,true,Senior,Excellent
533,Employee_533,Male,25,Finance,Engineer,70000,5,06-17-2024,Mumbai,Gujarat,Not Assigned,5,97.0,false,Senior,Excellent
559,Employee_559,Male,25,HR,Manager,45000,5,13/07/2024,Mumbai,Rajasthan,Not Assigned,6,97.0,true,Senior,Excellent
562,Employee_562,Male,36,Sales,Engineer,70000,5,16/07/2024,Ahmedabad,Rajasthan,Rohit,4,97.0,true,Senior,Excellent
583,Employee_583,Male,30,Finance,Manager,15000,1,06/08/2024,Delhi,Rajasthan,Neha,6,97.0,true,Junior,Excellent
593,Employee_593,Male,25,Sales,Analyst,25000,0,08-16-2024,Delhi,Gujarat,Rohit,4,92.0,false,Junior,Excellent
599,Employee_599,Male,24,Sales,Manager,25000,1,08-22-2024,Pune,Delhi,Neha,5,92.0,true,Junior,Excellent
633,Employee_633,Male,42,Sales,Executive,45000,5,2024-09-25,Jaipur,Maharashtra,Not Assigned,4,92.0,false,Senior,Excellent
657,Employee_657,Female,25,Marketing,Analyst,45000,5,2024-10-19,Delhi,Rajasthan,Neha,4,110.0,true,Senior,Excellent
664,Employee_664,Female,36,Sales,Executive,15000,1,26/10/2024,Jaipur,Delhi,Not Assigned,5,88.0,false,Junior,Needs Improvement
665,Employee_665,Male,30,IT,Engineer,70000,1,10-27-2024,Delhi,Gujarat,Amit,3,97.0,true,Junior,Excellent
674,Employee_674,Male,30,Sales,Executive,15000,5,11-05-2024,Ahmedabad,Delhi,Neha,5,92.0,true,Senior,Excellent
711,Employee_711,Female,24,HR,Manager,45000,3,2023-01-12,Mumbai,Maharashtra,Rohit,6,88.0,true,Mid Level,Needs Improvement
712,Employee_712,Male,30,HR,Engineer,45000,0,13/01/2023,Ahmedabad,Gujarat,Not Assigned,3,88.0,true,Junior,Needs Improvement
720,Employee_720,Female,36,Finance,Engineer,15000,1,2023-01-21,Delhi,Gujarat,Rohit,0,97.0,true,Junior,Excellent
728,Employee_728,Male,25,HR,Manager,25000,5,01-29-2023,Ahmedabad,Gujarat,Amit,5,110.0,false,Senior,Excellent
744,Employee_744,Male,42,Sales,Engineer,45000,5,2023-02-14,Ahmedabad,Rajasthan,Not Assigned,3,110.0,true,Senior,Excellent
749,Employee_749,Male,42,Finance,Manager,15000,1,02-19-2023,Pune,Rajasthan,Neha,3,110.0,true,Junior,Excellent
757,Employee_757,Female,25,Sales,Analyst,45000,3,27/02/2023,Ahmedabad,Gujarat,Not Assigned,4,88.0,false,Mid Level,Needs Improvement
833,Employee_833,Male,36,Marketing,Engineer,25000,5,05-14-2023,Delhi,Gujarat,Amit,6,110.0,true,Senior,Excellent
834,Employee_834,Female,42,Sales,Manager,15000,5,2023-05-15,Ahmedabad,Delhi,Not Assigned,3,92.0,false,Senior,Excellent
835,Employee_835,Male,42,IT,Executive,45000,3,16/05/2023,Delhi,Gujarat,Rohit,6,97.0,false,Mid Level,Excellent
869,Employee_869,Male,25,IT,Manager,70000,5,06-19-2023,Ahmedabad,Maharashtra,Rohit,4,88.0,false,Senior,Needs Improvement
870,Employee_870,Male,36,IT,Executive,45000,1,2023-06-20,Pune,Rajasthan,Neha,4,88.0,false,Junior,Needs Improvement
872,Employee_872,Male,25,HR,Manager,70000,3,06-22-2023,Ahmedabad,Rajasthan,Rohit,5,92.0,true,Mid Level,Excellent
874,Employee_874,Female,36,IT,Manager,15000,3,24/06/2023,Mumbai,Gujarat,Neha,3,88.0,true,Mid Level,Needs Improvement
892,Employee_892,Female,24,Sales,Analyst,15000,5,12/07/2023,Mumbai,Gujarat,Not Assigned,5,92.0,false,Senior,Excellent
896,Employee_896,Male,42,IT,Engineer,15000,3,07-16-2023,Mumbai,Gujarat,Rohit,3,97.0,false,Mid Level,Excellent
915,Employee_915,Male,30,Sales,Analyst,25000,5,2023-08-04,Mumbai,Delhi,Rohit,5,92.0,true,Senior,Excellent
931,Employee_931,Female,24,Sales,Manager,45000,5,20/08/2023,Jaipur,Maharashtra,Neha,6,97.0,true,Senior,Excellent
996,Employee_996,Female,36,HR,Analyst,70000,5,2023-10-24,Delhi,Maharashtra,Not Assigned,5,110.0,false,Senior,Excellent
1004,Employee_1004,Male,36,Finance,Analyst,70000,1,11-01-2023,Mumbai,Maharashtra,Rohit,3,97.0,true,Junior,Excellent
1023,Employee_1023,Male,30,Sales,Analyst,15000,1,2023-11-20,Mumbai,Gujarat,Amit,6,88.0,true,Junior,Needs Improvement
1027,Employee_1027,Female,36,IT,Analyst,15000,0,24/11/2023,Mumbai,Maharashtra,Rohit,6,110.0,false,Junior,Excellent
1048,Employee_1048,Female,42,Marketing,Executive,45000,3,15/12/2023,Pune,Delhi,Not Assigned,6,88.0,true,Mid Level,Needs Improvement
1061,Employee_1061,Female,25,IT,Executive,25000,0,12-28-2023,Jaipur,Maharashtra,Amit,5,97.0,false,Junior,Excellent
1093,Employee_1093,Female,42,Finance,Engineer,45000,1,29/01/2024,Pune,Maharashtra,Rohit,4,97.0,false,Junior,Excellent
1094,Employee_1094,Female,24,Finance,Manager,25000,0,01-30-2024,Ahmedabad,Gujarat,Not Assigned,5,88.0,true,Junior,Needs Improvement
1120,Employee_1120,Female,36,IT,Engineer,15000,5,25/02/2024,Pune,Maharashtra,Neha,3,88.0,false,Senior,Needs Improvement
1126,Employee_1126,Male,36,Finance,Analyst,45000,0,02/03/2024,Delhi,Delhi,Rohit,3,88.0,false,Junior,Needs Improvement
1142,Employee_1142,Male,25,Finance,Analyst,25000,1,03-18-2024,Jaipur,Maharashtra,Neha,5,88.0,false,Junior,Needs Improvement
1160,Employee_1160,Male,25,HR,Engineer,70000,3,04-05-2024,Jaipur,Rajasthan,Neha,3,110.0,true,Mid Level,Excellent
1177,Employee_1177,Male,25,Marketing,Manager,15000,3,22/04/2024,Pune,Delhi,Rohit,5,110.0,false,Mid Level,Excellent
1196,Employee_1196,Female,36,HR,Manager,45000,3,05-11-2024,Ahmedabad,Delhi,Not Assigned,5,110.0,true,Mid Level,Excellent
1217,Employee_1217,Male,42,Finance,Analyst,15000,3,06-01-2024,Jaipur,Delhi,Neha,6,92.0,true,Mid Level,Excellent
1226,Employee_1226,Male,30,Finance,Analyst,25000,5,06-10-2024,Delhi,Gujarat,Amit,5,97.0,false,Senior,Excellent
1227,Employee_1227,Female,30,Sales,Manager,45000,1,2024-06-11,Ahmedabad,Maharashtra,Neha,3,97.0,true,Junior,Excellent
1229,Employee_1229,Male,25,IT,Engineer,70000,5,06-13-2024,Pune,Gujarat,Neha,5,97.0,false,Senior,Excellent
1251,Employee_1251,Male,25,Sales,Executive,45000,0,2024-07-05,Delhi,Maharashtra,Not Assigned,6,110.0,true,Junior,Excellent
1269,Employee_1269,Female,36,IT,Analyst,70000,3,2024-07-23,Jaipur,Maharashtra,Neha,4,97.0,true,Mid Level,Excellent
1280,Employee_1280,Female,30,Finance,Engineer,15000,1,08-03-2024,Mumbai,Delhi,Amit,5,110.0,true,Junior,Excellent
1290,Employee_1290,Male,42,HR,Manager,45000,0,2024-08-13,Pune,Rajasthan,Not Assigned,5,92.0,true,Junior,Excellent
1306,Employee_1306,Female,24,Marketing,Executive,25000,5,29/08/2024,Jaipur,Delhi,Amit,6,88.0,true,Senior,Needs Improvement
1309,Employee_1309,Female,24,IT,Manager,15000,0,01/09/2024,Mumbai,Gujarat,Rohit,6,88.0,true,Junior,Needs Improvement
1327,Employee_1327,Male,24,Sales,Manager,70000,0,19/09/2024,Delhi,Rajasthan,Neha,3,110.0,true,Junior,Excellent
2,Employee_2,Female,25,IT,Analyst,25000,0,01-03-2023,Pune,Gujarat,Not Assigned,5,97.0,false,Junior,Excellent
16,Employee_16,Male,30,Marketing,Executive,70000,3,17/01/2023,Ahmedabad,Rajasthan,Amit,4,88.0,true,Mid Level,Needs Improvement
61,Employee_61,Male,36,IT,Analyst,45000,1,03/03/2023,Ahmedabad,Gujarat,Not Assigned,6,88.0,true,Junior,Needs Improvement
82,Employee_82,Male,24,Sales,Manager,15000,0,24/03/2023,Delhi,Delhi,Amit,6,88.0,true,Junior,Needs Improvement
83,Employee_83,Male,30,Marketing,Analyst,25000,0,03-25-2023,Mumbai,Rajasthan,Rohit,3,88.0,false,Junior,Needs Improvement
94,Employee_94,Male,30,IT,Engineer,45000,1,05/04/2023,Mumbai,Maharashtra,Rohit,3,88.0,true,Junior,Needs Improvement
135,Employee_135,Female,30,Sales,Analyst,70000,1,2023-05-16,Jaipur,Delhi,Neha,3,97.0,true,Junior,Excellent
154,Employee_154,Female,36,Sales,Analyst,25000,3,04/06/2023,Ahmedabad,Maharashtra,Amit,5,92.0,true,Mid Level,Excellent
160,Employee_160,Male,24,HR,Engineer,15000,0,10/06/2023,Mumbai,Maharashtra,Not Assigned,5,110.0,false,Junior,Excellent
161,Employee_161,Female,24,HR,Engineer,45000,3,06-11-2023,Pune,Rajasthan,Rohit,5,88.0,false,Mid Level,Needs Improvement
162,Employee_162,Male,42,HR,Manager,25000,5,2023-06-12,Pune,Delhi,Not Assigned,0,92.0,true,Senior,Excellent
177,Employee_177,Male,42,Finance,Analyst,70000,0,2023-06-27,Pune,Rajasthan,Neha,6,92.0,true,Junior,Excellent
200,Employee_200,Male,30,HR,Executive,15000,3,07-20-2023,Ahmedabad,Gujarat,Rohit,5,97.0,false,Mid Level,Excellent
203,Employee_203,Female,36,Sales,Engineer,70000,1,07-23-2023,Pune,Rajasthan,Amit,4,92.0,true,Junior,Excellent
213,Employee_213,Male,30,Sales,Manager,45000,5,2023-08-02,Ahmedabad,Delhi,Neha,6,92.0,true,Senior,Excellent
241,Employee_241,Male,24,Marketing,Executive,15000,0,30/08/2023,Mumbai,Rajasthan,Amit,3,88.0,false,Junior,Needs Improvement
253,Employee_253,Female,25,HR,Engineer,70000,3,11/09/2023,Pune,Delhi,Neha,4,92.0,true,Mid Level,Excellent
265,Employee_265,Female,24,HR,Executive,70000,1,23/09/2023,Pune,Rajasthan,Amit,5,92.0,false,Junior,Excellent
283,Employee_283,Male,36,IT,Manager,25000,5,11/10/2023,Mumbai,Delhi,Amit,3,92.0,true,Senior,Excellent
290,Employee_290,Male,25,Finance,Engineer,45000,1,10-18-2023,Jaipur,Maharashtra,Not Assigned,6,92.0,false,Junior,Excellent
323,Employee_323,Male,42,Finance,Analyst,70000,3,11-20-2023,Jaipur,Rajasthan,Amit,5,110.0,false,Mid Level,Excellent
326,Employee_326,Male,30,IT,Executive,45000,3,11-23-2023,Ahmedabad,Delhi,Neha,6,110.0,false,Mid Level,Excellent
382,Employee_382,Female,24,Finance,Engineer,15000,3,18/01/2024,Pune,Maharashtra,Not Assigned,4,97.0,false,Mid Level,Excellent
395,Employee_395,Female,30,IT,Analyst,45000,5,01-31-2024,Jaipur,Maharashtra,Neha,5,97.0,true,Senior,Excellent
398,Employee_398,Female,25,IT,Manager,15000,5,02-03-2024,Mumbai,Gujarat,Not Assigned,3,110.0,false,Senior,Excellent
413,Employee_413,Male,24,IT,Manager,25000,1,02-18-2024,Mumbai,Gujarat,Rohit,3,92.0,true,Junior,Excellent
418,Employee_418,Female,24,Marketing,Analyst,70000,5,23/02/2024,Ahmedabad,Gujarat,Not Assigned,4,97.0,true,Senior,Excellent
482,Employee_482,Male,25,IT,Executive,45000,0,04-27-2024,Ahmedabad,Maharashtra,Rohit,3,88.0,false,Junior,Needs Improvement
521,Employee_521,Female,24,Marketing,Engineer,45000,3,06-05-2024,Jaipur,Maharashtra,Not Assigned,6,92.0,false,Mid Level,Excellent
537,Employee_537,Female,24,Finance,Manager,25000,0,2024-06-21,Pune,Maharashtra,Amit,5,110.0,false,Junior,Excellent
542,Employee_542,Female,24,IT,Executive,25000,1,06-26-2024,Mumbai,Delhi,Neha,6,92.0,true,Junior,Excellent
564,Employee_564,Male,42,Marketing,Analyst,70000,1,2024-07-18,Delhi,Delhi,Not Assigned,4,88.0,true,Junior,Needs Improvement
565,Employee_565,Female,30,HR,Engineer,15000,1,19/07/2024,Delhi,Rajasthan,Not Assigned,3,97.0,true,Junior,Excellent
584,Employee_584,Female,24,Finance,Analyst,15000,3,08-07-2024,Pune,Rajasthan,Amit,6,110.0,true,Mid Level,Excellent
589,Employee_589,Female,25,Marketing,Manager,45000,0,12/08/2024,Jaipur,Maharashtra,Neha,5,97.0,true,Junior,Excellent
613,Employee_613,Female,36,HR,Engineer,70000,1,05/09/2024,Pune,Delhi,Amit,6,88.0,false,Junior,Needs Improvement
638,Employee_638,Female,25,Marketing,Executive,70000,1,09-30-2024,Delhi,Delhi,Not Assigned,4,88.0,true,Junior,Needs Improvement
658,Employee_658,Male,25,HR,Analyst,15000,5,20/10/2024,Pune,Maharashtra,Not Assigned,6,110.0,true,Senior,Excellent
676,Employee_676,Female,36,Marketing,Executive,15000,0,07/11/2024,Jaipur,Maharashtra,Neha,4,110.0,false,Junior,Excellent
697,Employee_697,Male,25,IT,Engineer,25000,5,28/11/2024,Delhi,Gujarat,Neha,6,110.0,false,Senior,Excellent
758,Employee_758,Female,36,HR,Analyst,15000,1,02-28-2023,Delhi,Gujarat,Rohit,6,88.0,true,Junior,Needs Improvement
761,Employee_761,Male,42,HR,Executive,15000,3,03-03-2023,Jaipur,Maharashtra,Not Assigned,3,110.0,false,Mid Level,Excellent
799,Employee_799,Female,25,HR,Executive,45000,1,10/04/2023,Jaipur,Gujarat,Neha,4,110.0,true,Junior,Excellent
801,Employee_801,Female,30,HR,Executive,25000,1,2023-04-12,Pune,Maharashtra,Neha,4,92.0,true,Junior,Excellent
814,Employee_814,Male,24,HR,Executive,25000,1,25/04/2023,Mumbai,Delhi,Rohit,6,92.0,true,Junior,Excellent
817,Employee_817,Female,24,HR,Analyst,25000,3,28/04/2023,Pune,Rajasthan,Not Assigned,4,97.0,false,Mid Level,Excellent
867,Employee_867,Female,24,Sales,Engineer,25000,3,2023-06-17,Jaipur,Maharashtra,Amit,6,97.0,true,Mid Level,Excellent
875,Employee_875,Female,24,HR,Engineer,25000,3,06-25-2023,Ahmedabad,Rajasthan,Amit,4,97.0,true,Mid Level,Excellent
885,Employee_885,Male,30,HR,Analyst,25000,3,2023-07-05,Pune,Delhi,Amit,5,92.0,false,Mid Level,Excellent
893,Employee_893,Male,36,IT,Analyst,45000,1,07-13-2023,Jaipur,Delhi,Amit,4,110.0,false,Junior,Excellent
953,Employee_953,Female,36,Marketing,Executive,15000,0,09-11-2023,Mumbai,Delhi,Neha,3,110.0,false,Junior,Excellent
975,Employee_975,Male,30,Finance,Manager,15000,5,2023-10-03,Pune,Maharashtra,Rohit,3,88.0,true,Senior,Needs Improvement
989,Employee_989,Male,30,Sales,Analyst,15000,3,10-17-2023,Pune,Rajasthan,Neha,4,92.0,true,Mid Level,Excellent
990,Employee_990,Female,36,HR,Manager,45000,3,2023-10-18,Ahmedabad,Rajasthan,Rohit,0,92.0,true,Mid Level,Excellent
991,Employee_991,Male,42,HR,Engineer,70000,5,19/10/2023,Ahmedabad,Rajasthan,Not Assigned,5,97.0,true,Senior,Excellent
999,Employee_999,Male,30,Sales,Analyst,15000,0,2023-10-27,Ahmedabad,Gujarat,Amit,5,110.0,true,Junior,Excellent
1000,Employee_1000,Female,42,Sales,Analyst,25000,1,28/10/2023,Delhi,Rajasthan,Not Assigned,4,92.0,true,Junior,Excellent
1003,Employee_1003,Male,36,HR,Manager,25000,0,31/10/2023,Delhi,Rajasthan,Amit,3,92.0,false,Junior,Excellent
1015,Employee_1015,Female,42,Finance,Engineer,70000,1,12/11/2023,Pune,Delhi,Rohit,3,110.0,false,Junior,Excellent
1017,Employee_1017,Male,42,Finance,Engineer,25000,5,2023-11-14,Pune,Maharashtra,Neha,6,110.0,false,Senior,Excellent
1025,Employee_1025,Female,25,Marketing,Engineer,70000,3,11-22-2023,Jaipur,Delhi,Neha,3,92.0,false,Mid Level,Excellent
1031,Employee_1031,Male,42,IT,Engineer,25000,1,11-28-2023,Jaipur,Maharashtra,Neha,4,97.0,true,Junior,Excellent
1037,Employee_1037,Male,36,IT,Analyst,70000,5,12-04-2023,Ahmedabad,Rajasthan,Neha,6,92.0,true,Senior,Excellent
1043,Employee_1043,Male,30,Marketing,Manager,25000,3,12-10-2023,Ahmedabad,Gujarat,Not Assigned,3,92.0,true,Mid Level,Excellent
1067,Employee_1067,Female,25,Marketing,Analyst,25000,3,01-03-2024,Ahmedabad,Maharashtra,Rohit,5,92.0,true,Mid Level,Excellent
1118,Employee_1118,Male,30,HR,Executive,45000,0,02-23-2024,Ahmedabad,Rajasthan,Rohit,6,88.0,false,Junior,Needs Improvement
1133,Employee_1133,Female,36,Finance,Executive,15000,5,03-09-2024,Jaipur,Delhi,Amit,5,88.0,true,Senior,Needs Improvement
1162,Employee_1162,Male,30,IT,Analyst,70000,5,07/04/2024,Pune,Gujarat,Amit,5,110.0,false,Senior,Excellent
1169,Employee_1169,Female,30,Sales,Manager,25000,0,04-14-2024,Jaipur,Maharashtra,Not Assigned,4,88.0,true,Junior,Needs Improvement
1202,Employee_1202,Female,30,Finance,Manager,45000,0,05-17-2024,Ahmedabad,Maharashtra,Neha,5,110.0,false,Junior,Excellent
1210,Employee_1210,Male,36,HR,Analyst,70000,3,25/05/2024,Mumbai,Gujarat,Neha,4,97.0,false,Mid Level,Excellent
1228,Employee_1228,Male,24,HR,Manager,25000,3,12/06/2024,Jaipur,Rajasthan,Amit,5,110.0,true,Mid Level,Excellent
1270,Employee_1270,Female,42,Marketing,Executive,25000,0,24/07/2024,Ahmedabad,Maharashtra,Amit,3,97.0,false,Junior,Excellent
1288,Employee_1288,Male,42,IT,Analyst,70000,3,11/08/2024,Jaipur,Delhi,Not Assigned,3,97.0,false,Mid Level,Excellent
1307,Employee_1307,Male,25,Marketing,Engineer,25000,3,08-30-2024,Jaipur,Gujarat,Amit,4,110.0,false,Mid Level,Excellent
1308,Employee_1308,Male,42,Finance,Analyst,45000,3,2024-08-31,Pune,Delhi,Not Assigned,4,92.0,false,Mid Level,Excellent
1326,Employee_1326,Male,24,IT,Engineer,25000,3,2024-09-18,Delhi,Maharashtra,Rohit,6,92.0,true,Mid Level,Excellent
1331,Employee_1331,Male,30,Marketing,Manager,15000,0,09-23-2024,Delhi,Rajasthan,Rohit,6,110.0,false,Junior,Excellent
5,Employee_5,Female,25,Finance,Executive,70000,5,01-06-2023,Pune,Maharashtra,Amit,6,88.0,true,Senior,Needs Improvement
29,Employee_29,Female,42,HR,Engineer,15000,5,01-30-2023,Pune,Rajasthan,Not Assigned,5,97.0,false,Senior,Excellent
36,Employee_36,Female,30,Marketing,Analyst,25000,0,2023-02-06,Mumbai,Delhi,Amit,0,110.0,true,Junior,Excellent
39,Employee_39,Male,36,IT,Engineer,15000,3,2023-02-09,Ahmedabad,Maharashtra,Neha,6,88.0,false,Mid Level,Needs Improvement
41,Employee_41,Female,24,IT,Engineer,15000,3,02-11-2023,Delhi,Gujarat,Not Assigned,6,92.0,false,Mid Level,Excellent
67,Employee_67,Female,24,IT,Analyst,45000,0,09/03/2023,Mumbai,Gujarat,Amit,5,92.0,true,Junior,Excellent
75,Employee_75,Female,25,IT,Executive,25000,1,2023-03-17,Ahmedabad,Maharashtra,Not Assigned,6,97.0,true,Junior,Excellent
92,Employee_92,Male,24,IT,Manager,70000,5,04-03-2023,Jaipur,Maharashtra,Amit,5,97.0,true,Senior,Excellent
106,Employee_106,Female,24,Sales,Engineer,25000,0,17/04/2023,Mumbai,Delhi,Amit,4,97.0,false,Junior,Excellent
122,Employee_122,Male,30,Sales,Executive,25000,0,05-03-2023,Jaipur,Maharashtra,Not Assigned,5,88.0,true,Junior,Needs Improvement
134,Employee_134,Male,25,HR,Executive,70000,1,05-15-2023,Mumbai,Maharashtra,Neha,3,88.0,true,Junior,Needs Improvement
143,Employee_143,Female,25,Marketing,Engineer,45000,5,05-24-2023,Pune,Delhi,Not Assigned,6,88.0,true,Senior,Needs Improvement
145,Employee_145,Female,24,IT,Analyst,45000,3,26/05/2023,Delhi,Gujarat,Neha,5,97.0,true,Mid Level,Excellent
165,Employee_165,Female,30,Sales,Engineer,25000,1,2023-06-15,Delhi,Maharashtra,Not Assigned,4,92.0,false,Junior,Excellent
170,Employee_170,Male,36,Marketing,Engineer,45000,1,06-20-2023,Ahmedabad,Gujarat,Not Assigned,5,97.0,true,Junior,Excellent
208,Employee_208,Female,36,Marketing,Engineer,70000,0,28/07/2023,Ahmedabad,Maharashtra,Amit,5,88.0,true,Junior,Needs Improvement
220,Employee_220,Male,36,IT,Manager,70000,3,09/08/2023,Pune,Rajasthan,Not Assigned,5,92.0,false,Mid Level,Excellent
243,Employee_243,Female,24,Marketing,Executive,45000,5,2023-09-01,Ahmedabad,Maharashtra,Neha,5,110.0,true,Senior,Excellent
295,Employee_295,Female,25,Marketing,Executive,15000,5,23/10/2023,Delhi,Delhi,Neha,6,88.0,true,Senior,Needs Improvement
352,Employee_352,Female,25,Sales,Manager,70000,0,19/12/2023,Pune,Gujarat,Amit,5,92.0,true,Junior,Excellent
368,Employee_368,Female,30,Finance,Analyst,25000,1,01-04-2024,Delhi,Maharashtra,Not Assigned,5,92.0,true,Junior,Excellent
373,Employee_373,Male,42,Sales,Engineer,25000,0,09/01/2024,Mumbai,Delhi,Amit,3,88.0,true,Junior,Needs Improvement
377,Employee_377,Female,25,Finance,Manager,45000,3,01-13-2024,Pune,Delhi,Not Assigned,4,92.0,true,Mid Level,Excellent
387,Employee_387,Female,42,Finance,Manager,15000,0,2024-01-23,Jaipur,Delhi,Neha,4,97.0,false,Junior,Excellent
391,Employee_391,Male,36,IT,Analyst,45000,5,27/01/2024,Mumbai,Gujarat,Neha,5,92.0,true,Senior,Excellent
397,Employee_397,Male,24,Finance,Executive,70000,0,02/02/2024,Delhi,Gujarat,Amit,5,97.0,false,Junior,Excellent
405,Employee_405,Male,42,Finance,Manager,70000,0,2024-02-10,Mumbai,Rajasthan,Amit,6,88.0,true,Junior,Needs Improvement
460,Employee_460,Male,36,Finance,Engineer,25000,5,05/04/2024,Pune,Delhi,Rohit,4,88.0,true,Senior,Needs Improvement
478,Employee_478,Female,30,Finance,Manager,25000,0,23/04/2024,Pune,Rajasthan,Not Assigned,4,92.0,true,Junior,Excellent
499,Employee_499,Female,30,Sales,Engineer,25000,0,14/05/2024,Ahmedabad,Maharashtra,Amit,5,97.0,false,Junior,Excellent
502,Employee_502,Female,30,IT,Executive,45000,0,17/05/2024,Mumbai,Maharashtra,Rohit,6,92.0,false,Junior,Excellent
505,Employee_505,Male,25,Sales,Analyst,15000,1,20/05/2024,Jaipur,Maharashtra,Rohit,4,97.0,false,Junior,Excellent
510,Employee_510,Male,25,Finance,Analyst,70000,5,2024-05-25,Ahmedabad,Maharashtra,Rohit,3,88.0,false,Senior,Needs Improvement
532,Employee_532,Female,30,HR,Executive,70000,0,16/06/2024,Mumbai,Delhi,Neha,5,92.0,false,Junior,Excellent
552,Employee_552,Female,30,HR,Analyst,70000,3,2024-07-06,Pune,Gujarat,Not Assigned,5,110.0,true,Mid Level,Excellent
557,Employee_557,Female,24,Sales,Engineer,15000,0,07-11-2024,Mumbai,Delhi,Not Assigned,5,88.0,false,Junior,Needs Improvement
558,Employee_558,Male,25,Sales,Analyst,25000,1,2024-07-12,Mumbai,Rajasthan,Neha,0,92.0,true,Junior,Excellent
610,Employee_610,Male,42,Sales,Manager,70000,5,02/09/2024,Mumbai,Delhi,Amit,6,88.0,false,Senior,Needs Improvement
637,Employee_637,Male,36,IT,Manager,15000,3,29/09/2024,Mumbai,Gujarat,Amit,6,92.0,true,Mid Level,Excellent
652,Employee_652,Male,36,Marketing,Executive,45000,1,14/10/2024,Delhi,Rajasthan,Not Assigned,4,110.0,true,Junior,Excellent
655,Employee_655,Female,42,IT,Analyst,45000,0,17/10/2024,Delhi,Delhi,Amit,6,88.0,true,Junior,Needs Improvement
686,Employee_686,Male,30,IT,Engineer,45000,5,11-17-2024,Delhi,Maharashtra,Rohit,5,97.0,true,Senior,Excellent
700,Employee_700,Male,36,Marketing,Engineer,15000,5,01/01/2023,Delhi,Gujarat,Amit,6,92.0,true,Senior,Excellent
701,Employee_701,Female,30,Finance,Executive,25000,3,01-02-2023,Delhi,Gujarat,Amit,4,88.0,false,Mid Level,Needs Improvement
717,Employee_717,Male,25,IT,Manager,70000,0,2023-01-18,Ahmedabad,Gujarat,Not Assigned,4,110.0,true,Junior,Excellent
752,Employee_752,Male,36,IT,Analyst,70000,3,02-22-2023,Delhi,Delhi,Not Assigned,3,88.0,false,Mid Level,Needs Improvement
765,Employee_765,Female,25,Sales,Engineer,45000,5,2023-03-07,Delhi,Maharashtra,Not Assigned,3,92.0,false,Senior,Excellent
769,Employee_769,Female,24,Sales,Executive,15000,5,11/03/2023,Pune,Maharashtra,Not Assigned,3,97.0,false,Senior,Excellent
797,Employee_797,Female,30,Sales,Engineer,15000,1,04-08-2023,Jaipur,Rajasthan,Rohit,3,92.0,false,Junior,Excellent
813,Employee_813,Male,30,Sales,Executive,25000,1,2023-04-24,Mumbai,Gujarat,Neha,6,92.0,false,Junior,Excellent
820,Employee_820,Female,30,HR,Engineer,25000,1,01/05/2023,Pune,Gujarat,Rohit,3,92.0,false,Junior,Excellent
826,Employee_826,Female,25,Marketing,Engineer,15000,0,07/05/2023,Delhi,Gujarat,Not Assigned,5,97.0,true,Junior,Excellent
842,Employee_842,Male,24,Marketing,Executive,15000,5,05-23-2023,Mumbai,Gujarat,Not Assigned,4,88.0,true,Senior,Needs Improvement
843,Employee_843,Female,24,Marketing,Engineer,15000,1,2023-05-24,Pune,Gujarat,Amit,4,92.0,false,Junior,Excellent
851,Employee_851,Male,36,IT,Engineer,25000,3,06-01-2023,Ahmedabad,Gujarat,Rohit,5,110.0,false,Mid Level,Excellent
854,Employee_854,Male,30,Marketing,Manager,15000,0,06-04-2023,Ahmedabad,Rajasthan,Amit,5,88.0,false,Junior,Needs Improvement
884,Employee_884,Female,30,Sales,Engineer,70000,3,07-04-2023,Jaipur,Delhi,Not Assigned,5,110.0,true,Mid Level,Excellent
895,Employee_895,Male,36,IT,Engineer,15000,5,15/07/2023,Pune,Rajasthan,Not Assigned,4,110.0,false,Senior,Excellent
914,Employee_914,Male,36,HR,Analyst,45000,3,08-03-2023,Mumbai,Delhi,Rohit,5,92.0,true,Mid Level,Excellent
917,Employee_917,Male,24,Sales,Manager,45000,0,08-06-2023,Delhi,Maharashtra,Amit,6,92.0,false,Junior,Excellent
954,Employee_954,Female,36,IT,Executive,15000,1,2023-09-12,Mumbai,Delhi,Not Assigned,0,97.0,true,Junior,Excellent
963,Employee_963,Female,30,Sales,Engineer,25000,0,2023-09-21,Delhi,Rajasthan,Rohit,3,88.0,false,Junior,Needs Improvement
994,Employee_994,Female,36,Finance,Manager,15000,0,22/10/2023,Pune,Maharashtra,Neha,3,88.0,false,Junior,Needs Improvement
1019,Employee_1019,Female,30,IT,Analyst,15000,0,11-16-2023,Delhi,Maharashtra,Neha,3,92.0,false,Junior,Excellent
1020,Employee_1020,Female,25,Finance,Executive,15000,3,2023-11-17,Jaipur,Maharashtra,Amit,6,88.0,true,Mid Level,Needs Improvement
1053,Employee_1053,Female,24,HR,Engineer,15000,0,2023-12-20,Delhi,Rajasthan,Rohit,3,92.0,true,Junior,Excellent
1065,Employee_1065,Male,42,Finance,Analyst,70000,1,2024-01-01,Ahmedabad,Gujarat,Neha,3,88.0,true,Junior,Needs Improvement
1066,Employee_1066,Male,42,Marketing,Executive,15000,1,02/01/2024,Delhi,Delhi,Not Assigned,4,88.0,false,Junior,Needs Improvement
1072,Employee_1072,Female,42,Sales,Manager,70000,0,08/01/2024,Pune,Maharashtra,Amit,3,97.0,true,Junior,Excellent
1087,Employee_1087,Female,30,Sales,Executive,45000,1,23/01/2024,Jaipur,Maharashtra,Not Assigned,6,97.0,true,Junior,Excellent
1099,Employee_1099,Female,36,IT,Analyst,70000,1,04/02/2024,Jaipur,Maharashtra,Not Assigned,4,92.0,false,Junior,Excellent
1143,Employee_1143,Male,36,Marketing,Executive,25000,1,2024-03-19,Delhi,Rajasthan,Rohit,6,110.0,true,Junior,Excellent
1192,Employee_1192,Female,24,IT,Analyst,45000,3,07/05/2024,Pune,Gujarat,Neha,3,110.0,false,Mid Level,Excellent
1194,Employee_1194,Male,25,IT,Executive,15000,5,2024-05-09,Delhi,Maharashtra,Neha,3,97.0,false,Senior,Excellent
1208,Employee_1208,Female,42,Marketing,Executive,15000,5,05-23-2024,Ahmedabad,Maharashtra,Amit,3,110.0,true,Senior,Excellent
1222,Employee_1222,Female,36,Finance,Manager,25000,0,06/06/2024,Pune,Rajasthan,Amit,6,92.0,true,Junior,Excellent
1230,Employee_1230,Female,42,IT,Engineer,25000,5,2024-06-14,Delhi,Maharashtra,Amit,4,92.0,false,Senior,Excellent
1234,Employee_1234,Female,36,Sales,Executive,45000,0,18/06/2024,Mumbai,Delhi,Rohit,4,110.0,false,Junior,Excellent
1263,Employee_1263,Male,42,HR,Manager,25000,5,2024-07-17,Delhi,Rajasthan,Neha,4,97.0,true,Senior,Excellent
1329,Employee_1329,Male,30,IT,Executive,45000,1,2024-09-21,Delhi,Gujarat,Amit,4,97.0,false,Junior,Excellent
6,Employee_6,Male,36,Sales,Analyst,70000,1,2023-01-07,Pune,Gujarat,Not Assigned,4,92.0,true,Junior,Excellent
81,Employee_81,Male,36,Marketing,Analyst,45000,1,2023-03-23,Delhi,Maharashtra,Amit,4,97.0,false,Junior,Excellent
102,Employee_102,Male,25,IT,Manager,45000,1,2023-04-13,Pune,Rajasthan,Rohit,6,110.0,true,Junior,Excellent
128,Employee_128,Male,25,Sales,Manager,45000,1,05-09-2023,Pune,Delhi,Amit,5,92.0,false,Junior,Excellent
151,Employee_151,Female,36,HR,Engineer,25000,1,01/06/2023,Mumbai,Maharashtra,Rohit,3,88.0,true,Junior,Needs Improvement
157,Employee_157,Female,30,Sales,Analyst,25000,0,07/06/2023,Jaipur,Delhi,Neha,5,110.0,true,Junior,Excellent
164,Employee_164,Male,42,Sales,Analyst,15000,0,06-14-2023,Pune,Maharashtra,Rohit,5,92.0,true,Junior,Excellent
179,Employee_179,Male,42,Marketing,Analyst,70000,0,06-29-2023,Pune,Gujarat,Amit,6,88.0,false,Junior,Needs Improvement
191,Employee_191,Female,25,Marketing,Analyst,45000,5,07-11-2023,Mumbai,Delhi,Neha,6,97.0,true,Senior,Excellent
194,Employee_194,Male,30,HR,Analyst,15000,0,07-14-2023,Mumbai,Rajasthan,Rohit,6,97.0,true,Junior,Excellent
214,Employee_214,Female,25,Finance,Analyst,25000,3,03/08/2023,Ahmedabad,Rajasthan,Amit,4,110.0,false,Mid Level,Excellent
218,Employee_218,Female,42,Marketing,Executive,15000,0,08-07-2023,Mumbai,Delhi,Rohit,5,92.0,false,Junior,Excellent
219,Employee_219,Female,25,IT,Manager,25000,3,2023-08-08,Ahmedabad,Gujarat,Not Assigned,3,110.0,false,Mid Level,Excellent
226,Employee_226,Male,36,IT,Analyst,25000,5,15/08/2023,Jaipur,Gujarat,Amit,6,88.0,true,Senior,Needs Improvement
259,Employee_259,Male,25,Marketing,Manager,70000,0,17/09/2023,Pune,Delhi,Rohit,5,97.0,false,Junior,Excellent
267,Employee_267,Male,30,Sales,Engineer,70000,5,2023-09-25,Pune,Rajasthan,Amit,3,92.0,false,Senior,Excellent
313,Employee_313,Male,36,IT,Executive,70000,5,10/11/2023,Pune,Gujarat,Amit,4,110.0,true,Senior,Excellent
325,Employee_325,Female,42,Marketing,Manager,25000,5,22/11/2023,Mumbai,Gujarat,Neha,4,110.0,false,Senior,Excellent
327,Employee_327,Female,25,Marketing,Executive,45000,5,2023-11-24,Mumbai,Maharashtra,Neha,5,110.0,true,Senior,Excellent
337,Employee_337,Female,30,IT,Executive,45000,3,04/12/2023,Jaipur,Gujarat,Rohit,4,97.0,false,Mid Level,Excellent
424,Employee_424,Female,25,Sales,Executive,70000,1,29/02/2024,Mumbai,Gujarat,Rohit,5,88.0,true,Junior,Needs Improvement
447,Employee_447,Female,24,IT,Engineer,25000,1,2024-03-23,Pune,Delhi,Not Assigned,3,110.0,true,Junior,Excellent
448,Employee_448,Female,25,Sales,Manager,70000,1,24/03/2024,Delhi,Delhi,Neha,4,97.0,false,Junior,Excellent
457,Employee_457,Male,24,Marketing,Analyst,15000,3,02/04/2024,Delhi,Maharashtra,Neha,3,110.0,true,Mid Level,Excellent
458,Employee_458,Male,30,IT,Engineer,70000,1,04-03-2024,Jaipur,Rajasthan,Neha,3,97.0,false,Junior,Excellent
484,Employee_484,Female,42,Sales,Manager,15000,0,29/04/2024,Mumbai,Gujarat,Not Assigned,5,110.0,false,Junior,Excellent
494,Employee_494,Female,25,HR,Executive,15000,1,05-09-2024,Delhi,Gujarat,Not Assigned,5,92.0,true,Junior,Excellent
509,Employee_509,Female,42,Sales,Executive,15000,1,05-24-2024,Pune,Gujarat,Not Assigned,3,88.0,true,Junior,Needs Improvement
520,Employee_520,Male,24,IT,Manager,15000,0,04/06/2024,Jaipur,Gujarat,Neha,6,110.0,true,Junior,Excellent
543,Employee_543,Male,36,Finance,Engineer,25000,1,2024-06-27,Pune,Gujarat,Rohit,4,88.0,false,Junior,Needs Improvement
560,Employee_560,Male,30,Marketing,Executive,15000,3,07-14-2024,Mumbai,Gujarat,Not Assigned,4,110.0,true,Mid Level,Excellent
581,Employee_581,Female,24,Finance,Manager,25000,5,08-04-2024,Delhi,Maharashtra,Neha,3,97.0,true,Senior,Excellent
585,Employee_585,Male,36,Marketing,Executive,15000,3,2024-08-08,Mumbai,Rajasthan,Neha,5,97.0,false,Mid Level,Excellent
603,Employee_603,Female,25,Finance,Engineer,70000,0,2024-08-26,Delhi,Maharashtra,Neha,3,92.0,false,Junior,Excellent
623,Employee_623,Female,24,IT,Analyst,45000,0,09-15-2024,Pune,Rajasthan,Neha,5,88.0,false,Junior,Needs Improvement
642,Employee_642,Male,24,HR,Executive,70000,5,2024-10-04,Delhi,Gujarat,Amit,3,88.0,true,Senior,Needs Improvement
644,Employee_644,Female,25,Marketing,Engineer,45000,3,10-06-2024,Delhi,Delhi,Neha,4,110.0,true,Mid Level,Excellent
648,Employee_648,Female,25,Sales,Engineer,70000,5,2024-10-10,Pune,Maharashtra,Not Assigned,0,110.0,false,Senior,Excellent
653,Employee_653,Female,24,HR,Manager,70000,5,10-15-2024,Jaipur,Maharashtra,Neha,6,110.0,true,Senior,Excellent
663,Employee_663,Female,42,Marketing,Engineer,45000,5,2024-10-25,Ahmedabad,Gujarat,Neha,4,110.0,true,Senior,Excellent
690,Employee_690,Female,36,Finance,Manager,45000,0,2024-11-21,Mumbai,Maharashtra,Neha,4,88.0,false,Junior,Needs Improvement
691,Employee_691,Male,24,IT,Executive,25000,3,22/11/2024,Ahmedabad,Rajasthan,Rohit,6,88.0,false,Mid Level,Needs Improvement
704,Employee_704,Female,36,Finance,Manager,45000,3,01-05-2023,Ahmedabad,Maharashtra,Not Assigned,4,92.0,false,Mid Level,Excellent
708,Employee_708,Female,36,HR,Engineer,45000,5,2023-01-09,Mumbai,Maharashtra,Neha,6,92.0,false,Senior,Excellent
713,Employee_713,Male,24,IT,Engineer,15000,5,01-14-2023,Jaipur,Delhi,Not Assigned,3,92.0,true,Senior,Excellent
723,Employee_723,Female,36,HR,Engineer,45000,1,2023-01-24,Ahmedabad,Gujarat,Not Assigned,4,97.0,false,Junior,Excellent
746,Employee_746,Male,24,Finance,Engineer,70000,1,02-16-2023,Ahmedabad,Rajasthan,Neha,5,92.0,true,Junior,Excellent
747,Employee_747,Male,36,IT,Executive,45000,1,2023-02-17,Delhi,Maharashtra,Neha,6,97.0,false,Junior,Excellent
750,Employee_750,Female,36,Marketing,Analyst,45000,1,2023-02-20,Pune,Maharashtra,Amit,6,92.0,false,Junior,Excellent
753,Employee_753,Female,25,Sales,Engineer,45000,5,2023-02-23,Ahmedabad,Delhi,Amit,6,92.0,true,Senior,Excellent
767,Employee_767,Female,30,Finance,Manager,25000,0,03-09-2023,Mumbai,Delhi,Not Assigned,5,110.0,false,Junior,Excellent
770,Employee_770,Female,36,IT,Analyst,15000,5,03-12-2023,Jaipur,Rajasthan,Neha,6,97.0,false,Senior,Excellent
793,Employee_793,Female,25,HR,Executive,70000,5,04/04/2023,Jaipur,Gujarat,Amit,4,97.0,false,Senior,Excellent
811,Employee_811,Male,25,Sales,Executive,15000,3,22/04/2023,Pune,Delhi,Neha,5,110.0,false,Mid Level,Excellent
816,Employee_816,Female,30,IT,Manager,70000,3,2023-04-27,Delhi,Delhi,Not Assigned,5,92.0,false,Mid Level,Excellent
844,Employee_844,Female,30,Marketing,Engineer,70000,3,25/05/2023,Ahmedabad,Maharashtra,Amit,6,110.0,false,Mid Level,Excellent
847,Employee_847,Male,30,Marketing,Manager,70000,1,28/05/2023,Ahmedabad,Maharashtra,Amit,4,88.0,false,Junior,Needs Improvement
879,Employee_879,Male,36,IT,Engineer,15000,3,2023-06-29,Delhi,Gujarat,Amit,5,97.0,false,Mid Level,Excellent
909,Employee_909,Male,24,Finance,Engineer,45000,0,2023-07-29,Delhi,Gujarat,Rohit,3,92.0,true,Junior,Excellent
910,Employee_910,Male,24,Sales,Executive,70000,5,30/07/2023,Jaipur,Delhi,Not Assigned,3,92.0,true,Senior,Excellent
926,Employee_926,Male,24,IT,Engineer,45000,1,08-15-2023,Ahmedabad,Delhi,Amit,5,92.0,false,Junior,Excellent
938,Employee_938,Female,25,Sales,Analyst,70000,3,08-27-2023,Delhi,Gujarat,Rohit,3,92.0,true,Mid Level,Excellent
943,Employee_943,Female,42,Finance,Manager,15000,5,01/09/2023,Jaipur,Rajasthan,Not Assigned,6,92.0,false,Senior,Excellent
965,Employee_965,Female,25,Finance,Engineer,25000,3,09-23-2023,Pune,Rajasthan,Amit,5,88.0,true,Mid Level,Needs Improvement
970,Employee_970,Male,30,Marketing,Engineer,70000,0,28/09/2023,Ahmedabad,Rajasthan,Amit,4,88.0,true,Junior,Needs Improvement
1038,Employee_1038,Female,25,Finance,Manager,70000,5,2023-12-05,Mumbai,Gujarat,Rohit,5,110.0,false,Senior,Excellent
1045,Employee_1045,Female,42,Finance,Engineer,45000,3,12/12/2023,Delhi,Rajasthan,Neha,6,88.0,false,Mid Level,Needs Improvement
1059,Employee_1059,Female,30,Finance,Engineer,45000,5,2023-12-26,Jaipur,Maharashtra,Amit,6,97.0,false,Senior,Excellent
1077,Employee_1077,Male,36,Marketing,Engineer,45000,3,2024-01-13,Jaipur,Rajasthan,Amit,3,110.0,true,Mid Level,Excellent
1091,Employee_1091,Male,25,HR,Manager,45000,5,01-27-2024,Delhi,Maharashtra,Neha,3,88.0,false,Senior,Needs Improvement
1097,Employee_1097,Female,36,HR,Manager,15000,1,02-02-2024,Mumbai,Delhi,Neha,5,92.0,true,Junior,Excellent
1101,Employee_1101,Male,25,IT,Manager,25000,5,2024-02-06,Pune,Rajasthan,Not Assigned,6,92.0,false,Senior,Excellent
1103,Employee_1103,Female,30,Marketing,Manager,45000,3,02-08-2024,Ahmedabad,Maharashtra,Rohit,5,88.0,false,Mid Level,Needs Improvement
1175,Employee_1175,Female,24,Finance,Analyst,45000,5,04-20-2024,Delhi,Rajasthan,Not Assigned,5,97.0,true,Senior,Excellent
1199,Employee_1199,Female,25,Sales,Analyst,15000,0,05-14-2024,Jaipur,Rajasthan,Amit,6,110.0,false,Junior,Excellent
1215,Employee_1215,Female,30,Finance,Engineer,15000,5,2024-05-30,Jaipur,Maharashtra,Neha,6,88.0,true,Senior,Needs Improvement
1233,Employee_1233,Male,42,Marketing,Executive,25000,0,2024-06-17,Mumbai,Delhi,Neha,6,97.0,true,Junior,Excellent
1256,Employee_1256,Female,30,Sales,Manager,15000,5,07-10-2024,Pune,Maharashtra,Neha,3,92.0,true,Senior,Excellent
1267,Employee_1267,Male,30,HR,Engineer,45000,1,21/07/2024,Delhi,Maharashtra,Neha,4,88.0,false,Junior,Needs Improvement
1284,Employee_1284,Female,42,Finance,Analyst,70000,5,2024-08-07,Jaipur,Rajasthan,Amit,3,92.0,true,Senior,Excellent
12,Employee_12,Female,42,HR,Engineer,25000,0,2023-01-13,Pune,Delhi,Rohit,5,110.0,true,Junior,Excellent
56,Employee_56,Female,25,Sales,Engineer,70000,0,02-26-2023,Jaipur,Maharashtra,Not Assigned,4,92.0,true,Junior,Excellent
76,Employee_76,Male,42,Finance,Engineer,45000,5,18/03/2023,Delhi,Gujarat,Not Assigned,4,110.0,false,Senior,Excellent
96,Employee_96,Male,36,Marketing,Analyst,15000,0,2023-04-07,Mumbai,Maharashtra,Rohit,6,92.0,true,Junior,Excellent
119,Employee_119,Female,25,Sales,Engineer,25000,1,04-30-2023,Delhi,Gujarat,Neha,6,97.0,false,Junior,Excellent
120,Employee_120,Female,30,Marketing,Manager,15000,5,2023-05-01,Jaipur,Delhi,Not Assigned,3,110.0,true,Senior,Excellent
125,Employee_125,Female,24,HR,Engineer,45000,3,05-06-2023,Pune,Rajasthan,Rohit,4,92.0,true,Mid Level,Excellent
137,Employee_137,Male,42,IT,Engineer,45000,5,05-18-2023,Ahmedabad,Maharashtra,Amit,3,110.0,false,Senior,Excellent
150,Employee_150,Female,24,IT,Analyst,15000,5,2023-05-31,Jaipur,Gujarat,Rohit,5,110.0,true,Senior,Excellent
156,Employee_156,Female,42,Sales,Executive,25000,1,2023-06-06,Jaipur,Rajasthan,Not Assigned,3,92.0,true,Junior,Excellent
159,Employee_159,Female,36,IT,Executive,15000,1,2023-06-09,Jaipur,Rajasthan,Neha,4,92.0,false,Junior,Excellent
183,Employee_183,Male,30,Finance,Engineer,45000,3,2023-07-03,Jaipur,Delhi,Not Assigned,5,92.0,false,Mid Level,Excellent
242,Employee_242,Female,25,IT,Analyst,25000,0,08-31-2023,Ahmedabad,Rajasthan,Rohit,6,110.0,false,Junior,Excellent
278,Employee_278,Female,25,Finance,Analyst,25000,3,10-06-2023,Mumbai,Gujarat,Not Assigned,4,97.0,false,Mid Level,Excellent
291,Employee_291,Female,36,Sales,Manager,15000,0,2023-10-19,Ahmedabad,Maharashtra,Rohit,5,88.0,true,Junior,Needs Improvement
299,Employee_299,Male,30,HR,Analyst,25000,5,10-27-2023,Delhi,Gujarat,Neha,6,97.0,false,Senior,Excellent
301,Employee_301,Male,42,Sales,Executive,15000,0,29/10/2023,Pune,Rajasthan,Amit,3,92.0,true,Junior,Excellent
302,Employee_302,Male,24,Finance,Analyst,15000,5,10-30-2023,Delhi,Delhi,Amit,5,92.0,true,Senior,Excellent
303,Employee_303,Female,42,Marketing,Manager,70000,3,2023-10-31,Mumbai,Rajasthan,Not Assigned,3,88.0,true,Mid Level,Needs Improvement
320,Employee_320,Male,30,HR,Executive,70000,5,11-17-2023,Jaipur,Gujarat,Amit,6,88.0,false,Senior,Needs Improvement
330,Employee_330,Female,42,IT,Manager,25000,0,2023-11-27,Delhi,Rajasthan,Rohit,4,97.0,true,Junior,Excellent
376,Employee_376,Male,30,Finance,Analyst,25000,3,12/01/2024,Ahmedabad,Maharashtra,Not Assigned,5,97.0,false,Mid Level,Excellent
380,Employee_380,Female,42,Marketing,Engineer,45000,3,01-16-2024,Delhi,Delhi,Not Assigned,4,88.0,false,Mid Level,Needs Improvement
384,Employee_384,Female,25,Finance,Manager,25000,0,2024-01-20,Jaipur,Delhi,Rohit,4,92.0,false,Junior,Excellent
411,Employee_411,Female,25,IT,Executive,70000,3,2024-02-16,Mumbai,Maharashtra,Rohit,4,92.0,false,Mid Level,Excellent
422,Employee_422,Female,36,IT,Analyst,15000,3,02-27-2024,Mumbai,Maharashtra,Rohit,3,92.0,false,Mid Level,Excellent
435,Employee_435,Male,42,IT,Manager,25000,1,2024-03-11,Pune,Rajasthan,Neha,6,97.0,false,Junior,Excellent
452,Employee_452,Female,25,IT,Analyst,70000,5,03-28-2024,Jaipur,Rajasthan,Rohit,6,88.0,false,Senior,Needs Improvement
461,Employee_461,Male,24,Finance,Analyst,15000,0,04-06-2024,Mumbai,Gujarat,Amit,4,92.0,false,Junior,Excellent
493,Employee_493,Male,25,HR,Engineer,45000,1,08/05/2024,Delhi,Delhi,Amit,6,97.0,true,Junior,Excellent
515,Employee_515,Male,42,Finance,Executive,25000,5,05-30-2024,Ahmedabad,Delhi,Amit,5,88.0,false,Senior,Needs Improvement
524,Employee_524,Female,25,IT,Analyst,70000,3,06-08-2024,Mumbai,Delhi,Rohit,3,97.0,false,Mid Level,Excellent
534,Employee_534,Male,36,IT,Engineer,45000,1,2024-06-18,Ahmedabad,Delhi,Amit,4,97.0,true,Junior,Excellent
608,Employee_608,Male,24,Marketing,Engineer,15000,5,08-31-2024,Ahmedabad,Delhi,Not Assigned,5,110.0,false,Senior,Excellent
619,Employee_619,Male,30,Finance,Analyst,45000,1,11/09/2024,Delhi,Rajasthan,Neha,3,110.0,true,Junior,Excellent
631,Employee_631,Female,42,HR,Engineer,45000,5,23/09/2024,Ahmedabad,Rajasthan,Rohit,6,110.0,true,Senior,Excellent
632,Employee_632,Male,30,Marketing,Analyst,15000,5,09-24-2024,Ahmedabad,Delhi,Amit,5,92.0,true,Senior,Excellent
656,Employee_656,Male,25,Sales,Executive,15000,5,10-18-2024,Jaipur,Delhi,Not Assigned,3,97.0,true,Senior,Excellent
659,Employee_659,Female,42,Finance,Manager,70000,1,10-21-2024,Jaipur,Delhi,Rohit,3,110.0,false,Junior,Excellent
684,Employee_684,Male,25,HR,Analyst,25000,0,2024-11-15,Ahmedabad,Rajasthan,Neha,0,110.0,true,Junior,Excellent
710,Employee_710,Female,24,Marketing,Engineer,15000,0,01-11-2023,Jaipur,Maharashtra,Rohit,6,92.0,false,Junior,Excellent
719,Employee_719,Female,36,Marketing,Engineer,70000,1,01-20-2023,Delhi,Delhi,Rohit,4,110.0,false,Junior,Excellent
725,Employee_725,Male,25,Marketing,Manager,70000,0,01-26-2023,Jaipur,Gujarat,Amit,5,97.0,false,Junior,Excellent
763,Employee_763,Female,30,IT,Analyst,15000,3,05/03/2023,Ahmedabad,Rajasthan,Rohit,6,110.0,false,Mid Level,Excellent
764,Employee_764,Female,30,HR,Manager,45000,0,03-06-2023,Mumbai,Gujarat,Neha,5,97.0,false,Junior,Excellent
778,Employee_778,Male,42,Finance,Analyst,70000,3,20/03/2023,Ahmedabad,Maharashtra,Amit,5,92.0,true,Mid Level,Excellent
789,Employee_789,Female,25,Finance,Executive,25000,1,2023-03-31,Delhi,Gujarat,Neha,5,88.0,true,Junior,Needs Improvement
821,Employee_821,Female,36,IT,Manager,25000,5,05-02-2023,Ahmedabad,Delhi,Neha,6,97.0,true,Senior,Excellent
850,Employee_850,Male,25,Marketing,Analyst,15000,0,31/05/2023,Mumbai,Rajasthan,Not Assigned,4,110.0,true,Junior,Excellent
911,Employee_911,Female,25,IT,Analyst,15000,5,07-31-2023,Jaipur,Maharashtra,Neha,3,88.0,true,Senior,Needs Improvement
912,Employee_912,Male,30,Finance,Engineer,70000,3,2023-08-01,Jaipur,Gujarat,Neha,3,110.0,true,Mid Level,Excellent
921,Employee_921,Male,36,Marketing,Manager,15000,5,2023-08-10,Delhi,Delhi,Amit,4,92.0,false,Senior,Excellent
925,Employee_925,Male,24,Marketing,Analyst,25000,5,14/08/2023,Delhi,Maharashtra,Rohit,5,88.0,false,Senior,Needs Improvement
957,Employee_957,Male,25,Marketing,Executive,70000,5,2023-09-15,Delhi,Gujarat,Rohit,4,110.0,false,Senior,Excellent
982,Employee_982,Female,36,HR,Engineer,45000,1,10/10/2023,Jaipur,Maharashtra,Not Assigned,4,110.0,true,Junior,Excellent
984,Employee_984,Male,24,Finance,Executive,45000,5,2023-10-12,Ahmedabad,Maharashtra,Not Assigned,3,92.0,false,Senior,Excellent
993,Employee_993,Male,42,Finance,Executive,25000,3,2023-10-21,Jaipur,Maharashtra,Amit,4,110.0,false,Mid Level,Excellent
1024,Employee_1024,Female,24,HR,Engineer,70000,3,21/11/2023,Delhi,Gujarat,Not Assigned,4,110.0,true,Mid Level,Excellent
1035,Employee_1035,Male,30,HR,Analyst,15000,5,2023-12-02,Ahmedabad,Maharashtra,Neha,6,92.0,true,Senior,Excellent
1058,Employee_1058,Female,30,HR,Analyst,70000,3,12-25-2023,Jaipur,Gujarat,Amit,4,97.0,true,Mid Level,Excellent
1060,Employee_1060,Female,36,Sales,Manager,45000,5,27/12/2023,Pune,Gujarat,Neha,5,110.0,false,Senior,Excellent
1064,Employee_1064,Male,25,Finance,Engineer,15000,5,12-31-2023,Pune,Rajasthan,Rohit,3,110.0,false,Senior,Excellent
1075,Employee_1075,Male,30,IT,Manager,15000,3,11/01/2024,Ahmedabad,Delhi,Amit,6,92.0,true,Mid Level,Excellent
1078,Employee_1078,Male,42,IT,Executive,15000,5,14/01/2024,Pune,Maharashtra,Not Assigned,5,97.0,false,Senior,Excellent
1082,Employee_1082,Female,42,Marketing,Manager,15000,1,01-18-2024,Delhi,Delhi,Rohit,5,92.0,false,Junior,Excellent
1121,Employee_1121,Male,24,HR,Engineer,15000,3,02-26-2024,Delhi,Gujarat,Rohit,5,92.0,true,Mid Level,Excellent
1125,Employee_1125,Female,42,Finance,Analyst,45000,3,2024-03-01,Pune,Rajasthan,Amit,6,88.0,true,Mid Level,Needs Improvement
1141,Employee_1141,Male,24,IT,Manager,45000,0,17/03/2024,Ahmedabad,Gujarat,Neha,3,97.0,true,Junior,Excellent
1144,Employee_1144,Female,30,Finance,Manager,15000,1,20/03/2024,Pune,Rajasthan,Neha,4,92.0,false,Junior,Excellent
1147,Employee_1147,Male,36,Finance,Manager,45000,0,23/03/2024,Ahmedabad,Rajasthan,Rohit,6,92.0,true,Junior,Excellent
1149,Employee_1149,Male,25,HR,Engineer,70000,0,2024-03-25,Ahmedabad,Maharashtra,Neha,5,92.0,true,Junior,Excellent
1232,Employee_1232,Female,30,Marketing,Engineer,45000,5,06-16-2024,Jaipur,Gujarat,Amit,5,88.0,true,Senior,Needs Improvement
1245,Employee_1245,Female,36,Sales,Executive,70000,3,2024-06-29,Mumbai,Gujarat,Neha,3,97.0,false,Mid Level,Excellent
1247,Employee_1247,Female,24,Finance,Manager,15000,3,07-01-2024,Delhi,Maharashtra,Not Assigned,6,92.0,false,Mid Level,Excellent
1253,Employee_1253,Male,25,Finance,Executive,70000,5,07-07-2024,Delhi,Rajasthan,Neha,6,92.0,false,Senior,Excellent
1257,Employee_1257,Female,36,Sales,Analyst,15000,5,2024-07-11,Pune,Maharashtra,Rohit,5,97.0,true,Senior,Excellent
1258,Employee_1258,Male,42,IT,Analyst,25000,1,12/07/2024,Jaipur,Maharashtra,Amit,4,97.0,false,Junior,Excellent
1268,Employee_1268,Female,36,IT,Executive,70000,3,07-22-2024,Pune,Gujarat,Not Assigned,6,97.0,false,Mid Level,Excellent
1272,Employee_1272,Male,30,HR,Engineer,70000,3,2024-07-26,Mumbai,Rajasthan,Amit,3,97.0,false,Mid Level,Excellent
1312,Employee_1312,Female,30,HR,Analyst,45000,1,04/09/2024,Jaipur,Delhi,Not Assigned,4,88.0,true,Junior,Needs Improvement
1324,Employee_1324,Female,24,Sales,Engineer,25000,0,16/09/2024,Ahmedabad,Maharashtra,Not Assigned,6,97.0,true,Junior,Excellent
30,Employee_30,Female,25,Finance,Engineer,15000,5,2023-01-31,Delhi,Delhi,Amit,5,97.0,true,Senior,Excellent
65,Employee_65,Male,30,Marketing,Manager,25000,0,03-07-2023,Jaipur,Maharashtra,Amit,4,97.0,true,Junior,Excellent
70,Employee_70,Male,42,Finance,Manager,25000,3,12/03/2023,Mumbai,Delhi,Rohit,4,88.0,false,Mid Level,Needs Improvement
71,Employee_71,Female,42,Sales,Manager,45000,0,03-13-2023,Jaipur,Gujarat,Amit,4,97.0,true,Junior,Excellent
88,Employee_88,Female,30,HR,Engineer,15000,0,30/03/2023,Pune,Gujarat,Rohit,3,88.0,false,Junior,Needs Improvement
93,Employee_93,Female,36,Marketing,Analyst,45000,1,2023-04-04,Delhi,Delhi,Rohit,5,97.0,true,Junior,Excellent
98,Employee_98,Male,25,Marketing,Executive,15000,0,04-09-2023,Pune,Delhi,Amit,5,97.0,true,Junior,Excellent
127,Employee_127,Female,24,IT,Engineer,25000,5,08/05/2023,Jaipur,Delhi,Amit,6,88.0,true,Senior,Needs Improvement
130,Employee_130,Female,25,Marketing,Executive,45000,1,11/05/2023,Mumbai,Delhi,Rohit,4,88.0,false,Junior,Needs Improvement
155,Employee_155,Male,24,Finance,Executive,25000,5,06-05-2023,Jaipur,Delhi,Not Assigned,6,110.0,false,Senior,Excellent
172,Employee_172,Male,36,Finance,Manager,15000,5,22/06/2023,Pune,Delhi,Amit,3,88.0,false,Senior,Needs Improvement
247,Employee_247,Male,42,HR,Analyst,25000,0,05/09/2023,Ahmedabad,Maharashtra,Rohit,5,110.0,false,Junior,Excellent
264,Employee_264,Male,30,Marketing,Analyst,25000,3,2023-09-22,Pune,Rajasthan,Not Assigned,6,92.0,true,Mid Level,Excellent
281,Employee_281,Female,24,IT,Engineer,15000,0,10-09-2023,Pune,Rajasthan,Rohit,4,88.0,false,Junior,Needs Improvement
332,Employee_332,Male,30,HR,Analyst,45000,3,11-29-2023,Jaipur,Delhi,Amit,3,97.0,false,Mid Level,Excellent
365,Employee_365,Female,24,Sales,Executive,70000,3,01-01-2024,Delhi,Gujarat,Neha,5,92.0,true,Mid Level,Excellent
371,Employee_371,Female,30,Finance,Executive,25000,3,01-07-2024,Mumbai,Delhi,Not Assigned,5,110.0,true,Mid Level,Excellent
388,Employee_388,Female,24,Finance,Executive,25000,3,24/01/2024,Mumbai,Gujarat,Neha,5,110.0,true,Mid Level,Excellent
389,Employee_389,Male,42,IT,Engineer,45000,1,01-25-2024,Delhi,Delhi,Neha,5,110.0,false,Junior,Excellent
393,Employee_393,Male,30,HR,Manager,70000,1,2024-01-29,Pune,Delhi,Amit,3,110.0,false,Junior,Excellent
443,Employee_443,Male,24,IT,Analyst,15000,1,03-19-2024,Ahmedabad,Delhi,Amit,4,97.0,false,Junior,Excellent
446,Employee_446,Female,25,Finance,Engineer,70000,3,03-22-2024,Ahmedabad,Maharashtra,Rohit,5,88.0,false,Mid Level,Needs Improvement
453,Employee_453,Male,25,Marketing,Manager,25000,3,2024-03-29,Mumbai,Maharashtra,Not Assigned,3,92.0,true,Mid Level,Excellent
488,Employee_488,Female,25,HR,Manager,15000,0,05-03-2024,Ahmedabad,Maharashtra,Neha,4,110.0,false,Junior,Excellent
496,Employee_496,Male,42,Finance,Engineer,70000,3,11/05/2024,Ahmedabad,Gujarat,Not Assigned,4,88.0,false,Mid Level,Needs Improvement
522,Employee_522,Male,36,Marketing,Manager,45000,0,2024-06-06,Delhi,Gujarat,Amit,0,88.0,true,Junior,Needs Improvement
547,Employee_547,Female,30,IT,Manager,15000,1,01/07/2024,Ahmedabad,Gujarat,Neha,6,92.0,false,Junior,Excellent
570,Employee_570,Male,25,Sales,Analyst,45000,0,2024-07-24,Mumbai,Gujarat,Not Assigned,4,97.0,true,Junior,Excellent
604,Employee_604,Female,24,IT,Executive,70000,0,27/08/2024,Ahmedabad,Maharashtra,Rohit,5,110.0,true,Junior,Excellent
614,Employee_614,Female,24,HR,Manager,70000,1,09-06-2024,Jaipur,Rajasthan,Neha,4,97.0,false,Junior,Excellent
622,Employee_622,Male,25,IT,Engineer,70000,1,14/09/2024,Delhi,Delhi,Not Assigned,3,88.0,false,Junior,Needs Improvement
624,Employee_624,Female,24,Sales,Analyst,70000,3,2024-09-16,Jaipur,Maharashtra,Amit,4,88.0,false,Mid Level,Needs Improvement
628,Employee_628,Female,36,Sales,Executive,25000,5,20/09/2024,Delhi,Maharashtra,Not Assigned,3,97.0,true,Senior,Excellent
640,Employee_640,Female,25,Sales,Engineer,70000,3,02/10/2024,Delhi,Gujarat,Neha,4,97.0,false,Mid Level,Excellent
666,Employee_666,Male,30,Marketing,Engineer,70000,3,2024-10-28,Delhi,Gujarat,Neha,0,88.0,true,Mid Level,Needs Improvement
678,Employee_678,Male,36,Finance,Manager,70000,3,2024-11-09,Pune,Rajasthan,Rohit,6,110.0,false,Mid Level,Excellent
706,Employee_706,Female,30,Sales,Manager,70000,1,07/01/2023,Pune,Maharashtra,Not Assigned,3,110.0,false,Junior,Excellent
709,Employee_709,Female,30,Marketing,Analyst,15000,1,10/01/2023,Jaipur,Maharashtra,Not Assigned,6,88.0,false,Junior,Needs Improvement
716,Employee_716,Female,30,Finance,Engineer,45000,0,01-17-2023,Ahmedabad,Rajasthan,Amit,5,88.0,true,Junior,Needs Improvement
718,Employee_718,Male,30,Marketing,Analyst,25000,0,19/01/2023,Jaipur,Delhi,Neha,6,88.0,false,Junior,Needs Improvement
775,Employee_775,Male,30,Finance,Analyst,25000,5,17/03/2023,Pune,Maharashtra,Not Assigned,4,110.0,true,Senior,Excellent
802,Employee_802,Female,42,Finance,Executive,15000,0,13/04/2023,Jaipur,Rajasthan,Neha,5,110.0,false,Junior,Excellent
836,Employee_836,Male,24,Finance,Analyst,15000,5,05-17-2023,Pune,Delhi,Amit,6,92.0,true,Senior,Excellent
871,Employee_871,Female,24,HR,Manager,15000,1,21/06/2023,Delhi,Maharashtra,Rohit,5,110.0,true,Junior,Excellent
889,Employee_889,Female,25,IT,Executive,15000,5,09/07/2023,Pune,Maharashtra,Neha,4,110.0,false,Senior,Excellent
902,Employee_902,Male,42,Finance,Manager,70000,1,07-22-2023,Delhi,Maharashtra,Not Assigned,3,97.0,true,Junior,Excellent
916,Employee_916,Male,36,Marketing,Executive,70000,3,05/08/2023,Delhi,Maharashtra,Amit,6,110.0,true,Mid Level,Excellent
932,Employee_932,Female,42,Sales,Analyst,25000,1,08-21-2023,Ahmedabad,Delhi,Neha,4,97.0,true,Junior,Excellent
939,Employee_939,Female,42,Sales,Analyst,70000,0,2023-08-28,Ahmedabad,Rajasthan,Not Assigned,6,92.0,true,Junior,Excellent
942,Employee_942,Female,36,IT,Executive,70000,0,2023-08-31,Jaipur,Rajasthan,Rohit,3,88.0,false,Junior,Needs Improvement
949,Employee_949,Female,30,Sales,Engineer,25000,0,07/09/2023,Delhi,Delhi,Rohit,6,92.0,false,Junior,Excellent
983,Employee_983,Male,24,IT,Executive,45000,1,10-11-2023,Mumbai,Rajasthan,Not Assigned,6,97.0,false,Junior,Excellent
988,Employee_988,Female,24,Finance,Analyst,25000,0,16/10/2023,Ahmedabad,Gujarat,Neha,6,110.0,false,Junior,Excellent
998,Employee_998,Female,25,Sales,Analyst,25000,5,10-26-2023,Mumbai,Gujarat,Rohit,4,110.0,true,Senior,Excellent
1005,Employee_1005,Female,42,Finance,Executive,15000,5,2023-11-02,Delhi,Maharashtra,Amit,5,92.0,false,Senior,Excellent
1007,Employee_1007,Female,30,IT,Engineer,25000,5,11-04-2023,Mumbai,Rajasthan,Not Assigned,3,88.0,false,Senior,Needs Improvement
1011,Employee_1011,Female,24,Marketing,Manager,70000,3,2023-11-08,Mumbai,Rajasthan,Neha,4,88.0,false,Mid Level,Needs Improvement
1033,Employee_1033,Male,25,Marketing,Analyst,45000,5,30/11/2023,Jaipur,Rajasthan,Amit,4,97.0,true,Senior,Excellent
1068,Employee_1068,Male,30,Sales,Analyst,70000,5,2024-01-04,Ahmedabad,Rajasthan,Neha,5,92.0,false,Senior,Excellent
1079,Employee_1079,Female,42,IT,Analyst,45000,1,01-15-2024,Jaipur,Rajasthan,Amit,3,88.0,false,Junior,Needs Improvement
1080,Employee_1080,Male,30,IT,Engineer,45000,5,2024-01-16,Jaipur,Maharashtra,Rohit,0,92.0,true,Senior,Excellent
1086,Employee_1086,Female,36,Sales,Engineer,15000,5,2024-01-22,Ahmedabad,Delhi,Amit,4,110.0,false,Senior,Excellent
1088,Employee_1088,Female,30,IT,Executive,15000,3,01-24-2024,Pune,Delhi,Rohit,6,88.0,false,Mid Level,Needs Improvement
1096,Employee_1096,Male,36,Marketing,Engineer,25000,3,01/02/2024,Jaipur,Delhi,Neha,6,88.0,true,Mid Level,Needs Improvement
1104,Employee_1104,Female,36,HR,Engineer,70000,0,2024-02-09,Delhi,Gujarat,Rohit,5,110.0,true,Junior,Excellent
1130,Employee_1130,Female,36,Sales,Manager,15000,1,03-06-2024,Jaipur,Gujarat,Neha,3,97.0,false,Junior,Excellent
1159,Employee_1159,Male,24,HR,Engineer,45000,5,04/04/2024,Ahmedabad,Rajasthan,Rohit,4,88.0,false,Senior,Needs Improvement
1173,Employee_1173,Female,24,Marketing,Engineer,25000,0,2024-04-18,Pune,Gujarat,Amit,5,88.0,false,Junior,Needs Improvement
1180,Employee_1180,Male,36,Marketing,Analyst,45000,1,25/04/2024,Pune,Delhi,Rohit,4,92.0,true,Junior,Excellent
1183,Employee_1183,Male,42,Finance,Executive,45000,3,28/04/2024,Pune,Delhi,Rohit,3,97.0,false,Mid Level,Excellent
1216,Employee_1216,Male,30,Marketing,Executive,45000,1,31/05/2024,Ahmedabad,Maharashtra,Amit,3,92.0,true,Junior,Excellent
1219,Employee_1219,Female,42,IT,Analyst,15000,0,03/06/2024,Ahmedabad,Delhi,Not Assigned,3,110.0,true,Junior,Excellent
1225,Employee_1225,Female,42,Finance,Engineer,15000,1,09/06/2024,Delhi,Rajasthan,Neha,4,88.0,true,Junior,Needs Improvement
1241,Employee_1241,Male,36,IT,Analyst,45000,1,06-25-2024,Jaipur,Rajasthan,Neha,6,88.0,true,Junior,Needs Improvement
1244,Employee_1244,Male,42,Sales,Executive,45000,0,06-28-2024,Jaipur,Gujarat,Not Assigned,4,92.0,false,Junior,Excellent
1252,Employee_1252,Female,25,Sales,Manager,25000,1,06/07/2024,Pune,Maharashtra,Amit,3,110.0,false,Junior,Excellent
1279,Employee_1279,Female,24,HR,Manager,45000,3,02/08/2024,Delhi,Delhi,Neha,3,88.0,true,Mid Level,Needs Improvement
1317,Employee_1317,Female,25,HR,Analyst,45000,1,2024-09-09,Jaipur,Gujarat,Amit,6,92.0,true,Junior,Excellent
1332,Employee_1332,Female,24,Marketing,Manager,25000,1,2024-09-24,Ahmedabad,Maharashtra,N,0,0.0,false,Junior,Needs Improvement
1,Employee_1,Male,42,Finance,Engineer,45000,5,02/01/2023,Pune,Gujarat,Neha,6,110.0,true,Senior,Excellent
9,Employee_9,Female,36,Sales,Executive,15000,5,2023-01-10,Jaipur,Gujarat,Rohit,6,92.0,true,Senior,Excellent
11,Employee_11,Female,24,Finance,Executive,45000,5,01-12-2023,Ahmedabad,Delhi,Not Assigned,4,88.0,true,Senior,Needs Improvement
44,Employee_44,Male,42,IT,Manager,25000,3,02-14-2023,Delhi,Delhi,Amit,4,110.0,false,Mid Level,Excellent
64,Employee_64,Male,30,Finance,Manager,45000,5,06/03/2023,Ahmedabad,Rajasthan,Not Assigned,6,88.0,true,Senior,Needs Improvement
73,Employee_73,Male,25,Sales,Manager,70000,0,15/03/2023,Mumbai,Rajasthan,Neha,4,97.0,true,Junior,Excellent
78,Employee_78,Female,30,Sales,Engineer,70000,0,2023-03-20,Pune,Gujarat,Neha,3,110.0,true,Junior,Excellent
97,Employee_97,Male,42,Finance,Manager,25000,5,08/04/2023,Delhi,Gujarat,Not Assigned,6,92.0,true,Senior,Excellent
132,Employee_132,Male,42,Marketing,Engineer,70000,3,2023-05-13,Jaipur,Maharashtra,Neha,3,92.0,true,Mid Level,Excellent
142,Employee_142,Female,36,Finance,Engineer,15000,1,23/05/2023,Ahmedabad,Delhi,Amit,4,110.0,false,Junior,Excellent
178,Employee_178,Female,30,HR,Executive,70000,1,28/06/2023,Ahmedabad,Rajasthan,Not Assigned,5,97.0,true,Junior,Excellent
190,Employee_190,Male,42,IT,Engineer,70000,3,10/07/2023,Ahmedabad,Gujarat,Neha,3,92.0,false,Mid Level,Excellent
222,Employee_222,Female,36,Sales,Analyst,45000,3,2023-08-11,Mumbai,Maharashtra,Amit,5,97.0,false,Mid Level,Excellent
236,Employee_236,Female,42,Sales,Executive,45000,3,08-25-2023,Jaipur,Gujarat,Neha,6,110.0,false,Mid Level,Excellent
254,Employee_254,Male,36,Finance,Engineer,15000,5,09-12-2023,Ahmedabad,Gujarat,Amit,4,97.0,false,Senior,Excellent
270,Employee_270,Female,42,Sales,Manager,15000,1,2023-09-28,Mumbai,Maharashtra,Neha,0,97.0,true,Junior,Excellent
275,Employee_275,Male,24,Marketing,Engineer,15000,5,10-03-2023,Delhi,Rajasthan,Amit,3,97.0,false,Senior,Excellent
276,Employee_276,Female,24,Marketing,Analyst,25000,3,2023-10-04,Jaipur,Maharashtra,Not Assigned,6,88.0,false,Mid Level,Needs Improvement
284,Employee_284,Male,24,Marketing,Analyst,15000,0,10-12-2023,Pune,Maharashtra,Neha,5,110.0,false,Junior,Excellent
296,Employee_296,Male,42,Finance,Manager,15000,5,10-24-2023,Delhi,Delhi,Not Assigned,6,97.0,false,Senior,Excellent
346,Employee_346,Female,25,Sales,Executive,70000,5,13/12/2023,Jaipur,Maharashtra,Rohit,3,110.0,false,Senior,Excellent
356,Employee_356,Female,24,HR,Executive,70000,5,12-23-2023,Mumbai,Maharashtra,Amit,6,92.0,false,Senior,Excellent
364,Employee_364,Male,30,IT,Executive,70000,0,31/12/2023,Mumbai,Gujarat,Amit,4,88.0,false,Junior,Needs Improvement
394,Employee_394,Male,42,Sales,Analyst,15000,3,30/01/2024,Mumbai,Delhi,Rohit,6,88.0,false,Mid Level,Needs Improvement
402,Employee_402,Male,36,Sales,Engineer,25000,0,2024-02-07,Jaipur,Delhi,Amit,6,92.0,false,Junior,Excellent
430,Employee_430,Male,30,Marketing,Analyst,45000,0,06/03/2024,Delhi,Maharashtra,Amit,5,92.0,true,Junior,Excellent
438,Employee_438,Male,24,HR,Engineer,15000,0,2024-03-14,Pune,Maharashtra,Amit,5,92.0,true,Junior,Excellent
440,Employee_440,Female,30,Marketing,Analyst,15000,0,03-16-2024,Delhi,Gujarat,Amit,5,92.0,true,Junior,Excellent
455,Employee_455,Male,42,Finance,Analyst,25000,0,03-31-2024,Delhi,Maharashtra,Amit,4,110.0,false,Junior,Excellent
456,Employee_456,Female,30,Sales,Engineer,15000,5,2024-04-01,Pune,Maharashtra,Amit,3,110.0,true,Senior,Excellent
468,Employee_468,Male,36,Finance,Executive,15000,0,2024-04-13,Ahmedabad,Delhi,Not Assigned,0,110.0,false,Junior,Excellent
474,Employee_474,Female,36,Marketing,Executive,45000,1,2024-04-19,Jaipur,Gujarat,Amit,4,88.0,true,Junior,Needs Improvement
512,Employee_512,Male,24,IT,Executive,45000,5,05-27-2024,Pune,Maharashtra,Amit,4,88.0,false,Senior,Needs Improvement
528,Employee_528,Male,30,HR,Engineer,45000,0,2024-06-12,Delhi,Delhi,Neha,5,92.0,true,Junior,Excellent
536,Employee_536,Male,42,IT,Analyst,25000,3,06-20-2024,Delhi,Rajasthan,Rohit,6,97.0,false,Mid Level,Excellent
540,Employee_540,Male,30,Finance,Executive,25000,5,2024-06-24,Ahmedabad,Maharashtra,Neha,0,110.0,false,Senior,Excellent
580,Employee_580,Female,30,Sales,Analyst,15000,3,03/08/2024,Ahmedabad,Rajasthan,Rohit,6,97.0,true,Mid Level,Excellent
612,Employee_612,Male,30,HR,Manager,25000,1,2024-09-04,Pune,Maharashtra,Amit,0,97.0,true,Junior,Excellent
616,Employee_616,Female,36,IT,Executive,15000,1,08/09/2024,Jaipur,Maharashtra,Not Assigned,4,110.0,true,Junior,Excellent
629,Employee_629,Female,25,IT,Analyst,25000,1,09-21-2024,Delhi,Rajasthan,Rohit,4,92.0,true,Junior,Excellent
647,Employee_647,Male,24,HR,Executive,45000,3,10-09-2024,Delhi,Rajasthan,Rohit,6,92.0,false,Mid Level,Excellent
650,Employee_650,Female,25,HR,Manager,70000,0,10-12-2024,Jaipur,Gujarat,Amit,4,110.0,true,Junior,Excellent
679,Employee_679,Male,42,IT,Manager,25000,0,10/11/2024,Delhi,Gujarat,Amit,5,88.0,true,Junior,Needs Improvement
694,Employee_694,Male,25,IT,Manager,45000,1,25/11/2024,Delhi,Rajasthan,Neha,5,92.0,true,Junior,Excellent
707,Employee_707,Female,24,Marketing,Analyst,70000,3,01-08-2023,Mumbai,Delhi,Amit,3,88.0,false,Mid Level,Needs Improvement
742,Employee_742,Female,25,Finance,Executive,25000,3,12/02/2023,Delhi,Gujarat,Rohit,6,88.0,false,Mid Level,Needs Improvement
745,Employee_745,Female,42,Marketing,Executive,15000,0,15/02/2023,Jaipur,Maharashtra,Neha,6,110.0,true,Junior,Excellent
760,Employee_760,Male,36,Marketing,Engineer,25000,0,02/03/2023,Delhi,Delhi,Not Assigned,3,88.0,false,Junior,Needs Improvement
779,Employee_779,Male,24,Marketing,Manager,70000,0,03-21-2023,Pune,Maharashtra,Rohit,4,110.0,true,Junior,Excellent
792,Employee_792,Female,42,HR,Analyst,25000,0,2023-04-03,Pune,Delhi,Not Assigned,0,97.0,false,Junior,Excellent
795,Employee_795,Male,25,HR,Manager,15000,0,2023-04-06,Pune,Maharashtra,Rohit,3,110.0,true,Junior,Excellent
806,Employee_806,Female,30,Marketing,Executive,70000,3,04-17-2023,Jaipur,Delhi,Not Assigned,3,110.0,true,Mid Level,Excellent
807,Employee_807,Female,36,Marketing,Executive,45000,0,2023-04-18,Mumbai,Rajasthan,Not Assigned,5,110.0,false,Junior,Excellent
822,Employee_822,Male,36,Marketing,Analyst,25000,1,2023-05-03,Pune,Rajasthan,Neha,6,92.0,true,Junior,Excellent
825,Employee_825,Male,42,Finance,Manager,70000,5,2023-05-06,Ahmedabad,Rajasthan,Neha,6,88.0,false,Senior,Needs Improvement
848,Employee_848,Male,25,IT,Manager,25000,5,05-29-2023,Ahmedabad,Maharashtra,Amit,4,88.0,true,Senior,Needs Improvement
890,Employee_890,Male,24,IT,Manager,25000,3,07-10-2023,Delhi,Delhi,Rohit,6,110.0,true,Mid Level,Excellent
897,Employee_897,Female,24,IT,Executive,15000,3,2023-07-17,Pune,Delhi,Amit,6,92.0,true,Mid Level,Excellent
918,Employee_918,Male,25,Marketing,Manager,25000,1,2023-08-07,Mumbai,Rajasthan,Rohit,0,110.0,true,Junior,Excellent
922,Employee_922,Male,30,Marketing,Analyst,25000,0,11/08/2023,Pune,Delhi,Rohit,6,88.0,false,Junior,Needs Improvement
955,Employee_955,Male,42,Finance,Manager,45000,1,13/09/2023,Jaipur,Rajasthan,Amit,6,88.0,true,Junior,Needs Improvement
959,Employee_959,Female,36,Sales,Engineer,70000,5,09-17-2023,Ahmedabad,Rajasthan,Amit,3,88.0,false,Senior,Needs Improvement
974,Employee_974,Male,36,Finance,Manager,70000,0,10-02-2023,Ahmedabad,Maharashtra,Neha,3,92.0,true,Junior,Excellent
977,Employee_977,Female,24,IT,Executive,70000,5,10-05-2023,Delhi,Gujarat,Neha,4,97.0,true,Senior,Excellent
1006,Employee_1006,Female,25,Finance,Executive,45000,1,03/11/2023,Delhi,Delhi,Neha,5,97.0,true,Junior,Excellent
1022,Employee_1022,Male,24,HR,Manager,45000,3,11-19-2023,Ahmedabad,Rajasthan,Not Assigned,4,110.0,true,Mid Level,Excellent
1063,Employee_1063,Female,24,IT,Manager,15000,5,30/12/2023,Delhi,Gujarat,Not Assigned,6,92.0,true,Senior,Excellent
1124,Employee_1124,Male,24,IT,Manager,70000,5,02-29-2024,Jaipur,Delhi,Rohit,4,110.0,true,Senior,Excellent
1127,Employee_1127,Male,42,Marketing,Executive,45000,1,03-03-2024,Ahmedabad,Rajasthan,Neha,5,110.0,false,Junior,Excellent
1128,Employee_1128,Female,42,HR,Manager,15000,5,2024-03-04,Mumbai,Rajasthan,Rohit,5,97.0,true,Senior,Excellent
1140,Employee_1140,Female,30,Marketing,Engineer,45000,3,2024-03-16,Delhi,Delhi,Not Assigned,4,110.0,false,Mid Level,Excellent
1145,Employee_1145,Female,25,Sales,Engineer,15000,0,03-21-2024,Mumbai,Maharashtra,Not Assigned,6,110.0,false,Junior,Excellent
1146,Employee_1146,Female,36,Marketing,Analyst,15000,1,2024-03-22,Pune,Delhi,Amit,3,88.0,false,Junior,Needs Improvement
1151,Employee_1151,Female,24,HR,Manager,25000,3,03-27-2024,Delhi,Gujarat,Neha,6,88.0,false,Mid Level,Needs Improvement
1157,Employee_1157,Female,36,Marketing,Executive,15000,0,04-02-2024,Mumbai,Gujarat,Rohit,6,88.0,false,Junior,Needs Improvement
1174,Employee_1174,Female,24,HR,Analyst,70000,3,19/04/2024,Jaipur,Rajasthan,Neha,5,92.0,true,Mid Level,Excellent
1186,Employee_1186,Female,42,Sales,Analyst,70000,3,01/05/2024,Mumbai,Gujarat,Amit,5,97.0,true,Mid Level,Excellent
1188,Employee_1188,Male,24,Finance,Executive,70000,5,2024-05-03,Pune,Rajasthan,Amit,0,97.0,true,Senior,Excellent
1299,Employee_1299,Female,42,Finance,Manager,25000,3,2024-08-22,Ahmedabad,Maharashtra,Amit,4,110.0,false,Mid Level,Excellent
1300,Employee_1300,Male,36,Finance,Analyst,70000,5,23/08/2024,Pune,Rajasthan,Rohit,6,110.0,true,Senior,Excellent
1311,Employee_1311,Female,25,Finance,Manager,15000,0,2024-09-03,Ahmedabad,Rajasthan,Neha,3,88.0,false,Junior,Needs Improvement
1316,Employee_1316,Male,25,HR,Executive,70000,1,09-08-2024,Jaipur,Maharashtra,Neha,6,92.0,false,Junior,Excellent
1325,Employee_1325,Male,25,Finance,Engineer,45000,1,09-17-2024,Mumbai,Delhi,Rohit,4,88.0,false,Junior,Needs Improvement
15,Employee_15,Female,36,Marketing,Engineer,25000,5,2023-01-16,Jaipur,Delhi,Not Assigned,5,88.0,false,Senior,Needs Improvement
19,Employee_19,Male,36,Finance,Executive,15000,5,20/01/2023,Delhi,Delhi,Amit,5,97.0,false,Senior,Excellent
22,Employee_22,Male,25,Marketing,Analyst,70000,5,23/01/2023,Ahmedabad,Delhi,Neha,5,97.0,false,Senior,Excellent
34,Employee_34,Female,24,Finance,Manager,15000,1,04/02/2023,Delhi,Delhi,Rohit,5,92.0,false,Junior,Excellent
43,Employee_43,Male,24,HR,Executive,70000,0,13/02/2023,Ahmedabad,Rajasthan,Rohit,5,88.0,false,Junior,Needs Improvement
51,Employee_51,Female,42,IT,Analyst,25000,3,2023-02-21,Delhi,Rajasthan,Not Assigned,5,92.0,true,Mid Level,Excellent
52,Employee_52,Female,42,Sales,Engineer,25000,3,22/02/2023,Ahmedabad,Delhi,Rohit,6,92.0,false,Mid Level,Excellent
87,Employee_87,Male,30,HR,Executive,45000,5,2023-03-29,Ahmedabad,Rajasthan,Not Assigned,5,110.0,false,Senior,Excellent
109,Employee_109,Female,25,HR,Manager,15000,0,20/04/2023,Delhi,Gujarat,Neha,3,110.0,false,Junior,Excellent
113,Employee_113,Female,25,HR,Engineer,25000,5,04-24-2023,Jaipur,Rajasthan,Not Assigned,3,92.0,false,Senior,Excellent
123,Employee_123,Female,36,HR,Engineer,25000,0,2023-05-04,Jaipur,Maharashtra,Neha,5,97.0,true,Junior,Excellent
181,Employee_181,Male,30,Marketing,Manager,45000,5,01/07/2023,Pune,Maharashtra,Neha,5,88.0,true,Senior,Needs Improvement
207,Employee_207,Female,25,IT,Manager,70000,1,2023-07-27,Mumbai,Rajasthan,Amit,5,92.0,true,Junior,Excellent
228,Employee_228,Female,25,Marketing,Engineer,25000,1,2023-08-17,Pune,Maharashtra,Amit,6,88.0,false,Junior,Needs Improvement
233,Employee_233,Male,36,IT,Engineer,70000,5,08-22-2023,Delhi,Rajasthan,Neha,5,97.0,true,Senior,Excellent
235,Employee_235,Female,25,Sales,Manager,25000,5,24/08/2023,Mumbai,Maharashtra,Not Assigned,4,88.0,false,Senior,Needs Improvement
237,Employee_237,Female,24,IT,Analyst,70000,5,2023-08-26,Pune,Delhi,Neha,3,92.0,false,Senior,Excellent
255,Employee_255,Female,42,Finance,Executive,15000,5,2023-09-13,Delhi,Rajasthan,Neha,4,97.0,true,Senior,Excellent
266,Employee_266,Female,42,Sales,Analyst,15000,0,09-24-2023,Ahmedabad,Rajasthan,Not Assigned,6,92.0,true,Junior,Excellent
286,Employee_286,Female,25,IT,Manager,70000,3,14/10/2023,Mumbai,Gujarat,Not Assigned,3,92.0,true,Mid Level,Excellent
289,Employee_289,Male,42,Marketing,Manager,25000,0,17/10/2023,Ahmedabad,Gujarat,Not Assigned,3,97.0,false,Junior,Excellent
297,Employee_297,Male,24,HR,Engineer,70000,5,2023-10-25,Mumbai,Gujarat,Rohit,6,110.0,true,Senior,Excellent
331,Employee_331,Male,36,Sales,Engineer,45000,1,28/11/2023,Pune,Gujarat,Amit,4,92.0,true,Junior,Excellent
340,Employee_340,Female,25,Sales,Engineer,45000,0,07/12/2023,Pune,Rajasthan,Rohit,4,97.0,true,Junior,Excellent
341,Employee_341,Male,25,Sales,Engineer,25000,0,12-08-2023,Delhi,Gujarat,Not Assigned,3,92.0,true,Junior,Excellent
344,Employee_344,Male,24,Marketing,Analyst,45000,5,12-11-2023,Delhi,Maharashtra,Amit,5,92.0,true,Senior,Excellent
359,Employee_359,Male,42,Marketing,Executive,45000,5,12-26-2023,Jaipur,Maharashtra,Amit,4,110.0,false,Senior,Excellent
400,Employee_400,Male,42,Sales,Manager,15000,1,05/02/2024,Jaipur,Maharashtra,Rohit,3,97.0,false,Junior,Excellent
419,Employee_419,Female,42,Finance,Executive,45000,5,02-24-2024,Ahmedabad,Maharashtra,Neha,3,110.0,true,Senior,Excellent
427,Employee_427,Female,36,Finance,Engineer,15000,1,03/03/2024,Jaipur,Rajasthan,Neha,5,110.0,true,Junior,Excellent
470,Employee_470,Female,42,IT,Executive,45000,5,04-15-2024,Pune,Rajasthan,Not Assigned,6,97.0,true,Senior,Excellent
476,Employee_476,Female,30,Finance,Engineer,25000,1,04-21-2024,Jaipur,Maharashtra,Rohit,4,92.0,true,Junior,Excellent
481,Employee_481,Female,25,Marketing,Engineer,25000,3,26/04/2024,Ahmedabad,Delhi,Rohit,3,92.0,false,Mid Level,Excellent
507,Employee_507,Female,42,Sales,Executive,25000,0,2024-05-22,Ahmedabad,Gujarat,Neha,5,88.0,true,Junior,Needs Improvement
516,Employee_516,Female,25,Sales,Engineer,70000,1,2024-05-31,Mumbai,Gujarat,Not Assigned,6,92.0,false,Junior,Excellent
568,Employee_568,Male,24,Sales,Manager,70000,5,22/07/2024,Mumbai,Maharashtra,Rohit,4,110.0,false,Senior,Excellent
617,Employee_617,Male,30,Marketing,Engineer,70000,1,09-09-2024,Ahmedabad,Maharashtra,Rohit,4,110.0,false,Junior,Excellent
620,Employee_620,Male,24,Finance,Analyst,25000,0,09-12-2024,Jaipur,Gujarat,Not Assigned,6,97.0,true,Junior,Excellent
636,Employee_636,Male,42,IT,Engineer,70000,3,2024-09-28,Mumbai,Delhi,Neha,6,88.0,true,Mid Level,Needs Improvement
667,Employee_667,Male,36,Sales,Analyst,25000,5,29/10/2024,Mumbai,Gujarat,Rohit,6,97.0,true,Senior,Excellent
685,Employee_685,Female,36,Marketing,Manager,15000,3,16/11/2024,Mumbai,Rajasthan,Not Assigned,4,88.0,true,Mid Level,Needs Improvement
699,Employee_699,Male,25,Marketing,Analyst,45000,5,2024-11-30,Jaipur,Maharashtra,Amit,6,97.0,false,Senior,Excellent
715,Employee_715,Male,24,Marketing,Engineer,25000,5,16/01/2023,Ahmedabad,Delhi,Not Assigned,6,88.0,true,Senior,Needs Improvement
781,Employee_781,Male,36,HR,Manager,25000,0,23/03/2023,Mumbai,Delhi,Rohit,3,97.0,true,Junior,Excellent
782,Employee_782,Male,30,Sales,Analyst,25000,1,03-24-2023,Pune,Delhi,Rohit,3,97.0,false,Junior,Excellent
818,Employee_818,Male,25,Marketing,Executive,70000,5,04-29-2023,Pune,Gujarat,Neha,5,88.0,false,Senior,Needs Improvement
832,Employee_832,Male,25,Marketing,Engineer,70000,5,13/05/2023,Ahmedabad,Maharashtra,Rohit,6,97.0,false,Senior,Excellent
862,Employee_862,Male,30,Finance,Executive,70000,3,12/06/2023,Ahmedabad,Maharashtra,Neha,3,110.0,true,Mid Level,Excellent
863,Employee_863,Female,36,IT,Executive,25000,1,06-13-2023,Mumbai,Gujarat,Rohit,3,97.0,false,Junior,Excellent
865,Employee_865,Male,24,Marketing,Manager,15000,3,15/06/2023,Pune,Delhi,Amit,6,88.0,false,Mid Level,Needs Improvement
866,Employee_866,Female,30,IT,Analyst,25000,0,06-16-2023,Jaipur,Rajasthan,Neha,3,88.0,false,Junior,Needs Improvement
868,Employee_868,Male,25,IT,Analyst,15000,3,18/06/2023,Mumbai,Gujarat,Amit,4,88.0,false,Mid Level,Needs Improvement
878,Employee_878,Male,24,Sales,Analyst,25000,1,06-28-2023,Ahmedabad,Maharashtra,Rohit,5,97.0,false,Junior,Excellent
887,Employee_887,Male,24,IT,Executive,70000,3,07-07-2023,Delhi,Gujarat,Neha,4,92.0,true,Mid Level,Excellent
930,Employee_930,Female,24,Finance,Manager,15000,1,2023-08-19,Delhi,Rajasthan,Not Assigned,5,88.0,false,Junior,Needs Improvement
941,Employee_941,Female,42,HR,Manager,25000,0,08-30-2023,Delhi,Gujarat,Neha,4,97.0,true,Junior,Excellent
946,Employee_946,Female,30,Finance,Analyst,70000,0,04/09/2023,Mumbai,Rajasthan,Neha,6,92.0,true,Junior,Excellent
947,Employee_947,Male,36,Marketing,Engineer,15000,0,09-05-2023,Delhi,Gujarat,Amit,4,92.0,false,Junior,Excellent
950,Employee_950,Female,42,HR,Executive,70000,3,09-08-2023,Jaipur,Delhi,Rohit,5,88.0,true,Mid Level,Needs Improvement
973,Employee_973,Female,36,Finance,Engineer,25000,1,01/10/2023,Delhi,Gujarat,Amit,4,110.0,false,Junior,Excellent
1021,Employee_1021,Male,42,HR,Manager,45000,0,18/11/2023,Pune,Rajasthan,Neha,5,88.0,false,Junior,Needs Improvement
1055,Employee_1055,Female,36,Sales,Engineer,15000,1,12-22-2023,Jaipur,Maharashtra,Rohit,3,97.0,false,Junior,Excellent
1074,Employee_1074,Female,42,Marketing,Manager,45000,0,2024-01-10,Pune,Delhi,Neha,4,110.0,false,Junior,Excellent
1089,Employee_1089,Male,42,IT,Manager,15000,1,2024-01-25,Mumbai,Maharashtra,Rohit,6,92.0,true,Junior,Excellent
1100,Employee_1100,Male,36,IT,Executive,25000,5,02-05-2024,Pune,Delhi,Amit,4,92.0,false,Senior,Excellent
1112,Employee_1112,Male,42,HR,Executive,15000,0,02-17-2024,Mumbai,Gujarat,Rohit,3,88.0,false,Junior,Needs Improvement
1132,Employee_1132,Male,42,Finance,Analyst,15000,1,08/03/2024,Jaipur,Gujarat,Neha,6,110.0,false,Junior,Excellent
1179,Employee_1179,Male,25,Marketing,Engineer,25000,5,2024-04-24,Jaipur,Gujarat,Amit,5,110.0,false,Senior,Excellent
1187,Employee_1187,Male,36,Sales,Engineer,15000,0,05-02-2024,Ahmedabad,Maharashtra,Amit,5,110.0,true,Junior,Excellent
1189,Employee_1189,Female,24,Sales,Manager,70000,1,04/05/2024,Pune,Rajasthan,Not Assigned,3,97.0,false,Junior,Excellent
1191,Employee_1191,Female,30,Finance,Engineer,25000,0,2024-05-06,Mumbai,Delhi,Neha,6,92.0,false,Junior,Excellent
1200,Employee_1200,Female,30,HR,Engineer,15000,1,2024-05-15,Mumbai,Gujarat,Amit,6,110.0,true,Junior,Excellent
1237,Employee_1237,Male,24,Finance,Analyst,25000,3,21/06/2024,Pune,Delhi,Not Assigned,3,97.0,false,Mid Level,Excellent
1277,Employee_1277,Female,25,Finance,Engineer,45000,1,07-31-2024,Mumbai,Gujarat,Rohit,3,97.0,true,Junior,Excellent
1296,Employee_1296,Female,30,HR,Engineer,45000,1,2024-08-19,Ahmedabad,Delhi,Neha,0,88.0,false,Junior,Needs Improvement
1298,Employee_1298,Female,24,HR,Engineer,70000,1,08-21-2024,Mumbai,Maharashtra,Amit,3,110.0,false,Junior,Excellent
1322,Employee_1322,Male,24,Marketing,Manager,45000,1,09-14-2024,Delhi,Delhi,Amit,4,110.0,false,Junior,Excellent
18,Employee_18,Female,42,HR,Analyst,70000,5,2023-01-19,Pune,Gujarat,Neha,0,92.0,false,Senior,Excellent
79,Employee_79,Male,42,Marketing,Analyst,15000,3,21/03/2023,Ahmedabad,Maharashtra,Not Assigned,6,88.0,true,Mid Level,Needs Improvement
103,Employee_103,Male,30,Finance,Executive,15000,3,14/04/2023,Jaipur,Delhi,Not Assigned,6,97.0,false,Mid Level,Excellent
110,Employee_110,Female,42,IT,Analyst,25000,0,04-21-2023,Jaipur,Maharashtra,Neha,6,88.0,true,Junior,Needs Improvement
133,Employee_133,Female,42,IT,Analyst,25000,5,14/05/2023,Delhi,Rajasthan,Rohit,5,97.0,true,Senior,Excellent
144,Employee_144,Female,25,Marketing,Manager,25000,0,2023-05-25,Jaipur,Gujarat,Rohit,0,110.0,true,Junior,Excellent
148,Employee_148,Male,36,Marketing,Engineer,15000,5,29/05/2023,Pune,Delhi,Not Assigned,6,88.0,false,Senior,Needs Improvement
149,Employee_149,Female,24,HR,Executive,25000,0,05-30-2023,Mumbai,Rajasthan,Not Assigned,4,92.0,true,Junior,Excellent
167,Employee_167,Male,36,Finance,Executive,45000,3,06-17-2023,Jaipur,Delhi,Not Assigned,5,92.0,true,Mid Level,Excellent
209,Employee_209,Female,24,Finance,Engineer,70000,0,07-29-2023,Pune,Delhi,Rohit,6,88.0,false,Junior,Needs Improvement
298,Employee_298,Female,30,HR,Executive,15000,5,26/10/2023,Ahmedabad,Delhi,Not Assigned,4,110.0,true,Senior,Excellent
309,Employee_309,Male,30,IT,Executive,45000,1,2023-11-06,Jaipur,Maharashtra,Amit,6,88.0,false,Junior,Needs Improvement
345,Employee_345,Female,24,IT,Analyst,70000,0,2023-12-12,Mumbai,Gujarat,Rohit,3,97.0,true,Junior,Excellent
347,Employee_347,Female,24,Marketing,Analyst,25000,5,12-14-2023,Delhi,Maharashtra,Rohit,6,92.0,true,Senior,Excellent
351,Employee_351,Female,36,HR,Analyst,25000,0,2023-12-18,Mumbai,Rajasthan,Not Assigned,3,88.0,false,Junior,Needs Improvement
473,Employee_473,Female,36,IT,Analyst,45000,3,04-18-2024,Ahmedabad,Maharashtra,Neha,5,88.0,true,Mid Level,Needs Improvement
489,Employee_489,Female,30,HR,Executive,25000,3,2024-05-04,Jaipur,Maharashtra,Not Assigned,4,110.0,true,Mid Level,Excellent
491,Employee_491,Female,42,Sales,Executive,25000,1,05-06-2024,Pune,Maharashtra,Amit,4,110.0,true,Junior,Excellent
500,Employee_500,Male,42,Sales,Analyst,15000,5,05-15-2024,Delhi,Rajasthan,Amit,3,88.0,false,Senior,Needs Improvement
501,Employee_501,Male,42,Marketing,Manager,15000,5,2024-05-16,Ahmedabad,Gujarat,Not Assigned,4,88.0,true,Senior,Needs Improvement
508,Employee_508,Male,24,HR,Engineer,25000,5,23/05/2024,Mumbai,Gujarat,Neha,6,92.0,true,Senior,Excellent
513,Employee_513,Female,36,HR,Analyst,70000,1,2024-05-28,Jaipur,Rajasthan,Not Assigned,4,92.0,false,Junior,Excellent
514,Employee_514,Female,24,Sales,Executive,70000,5,29/05/2024,Mumbai,Delhi,Rohit,3,110.0,true,Senior,Excellent
523,Employee_523,Male,30,IT,Manager,25000,1,07/06/2024,Pune,Delhi,Neha,5,97.0,true,Junior,Excellent
530,Employee_530,Female,25,IT,Engineer,70000,3,06-14-2024,Delhi,Gujarat,Rohit,6,110.0,true,Mid Level,Excellent
549,Employee_549,Female,30,Finance,Engineer,15000,0,2024-07-03,Mumbai,Rajasthan,Neha,3,88.0,true,Junior,Needs Improvement
556,Employee_556,Female,24,Sales,Manager,45000,5,10/07/2024,Delhi,Maharashtra,Amit,6,97.0,false,Senior,Excellent
561,Employee_561,Female,25,Marketing,Analyst,45000,5,2024-07-15,Pune,Maharashtra,Not Assigned,3,97.0,false,Senior,Excellent
576,Employee_576,Female,24,Sales,Executive,45000,5,2024-07-30,Pune,Gujarat,Neha,0,110.0,true,Senior,Excellent
578,Employee_578,Male,42,Marketing,Engineer,45000,3,08-01-2024,Jaipur,Gujarat,Rohit,4,88.0,false,Mid Level,Needs Improvement
590,Employee_590,Male,42,HR,Engineer,70000,0,08-13-2024,Jaipur,Gujarat,Not Assigned,3,92.0,true,Junior,Excellent
635,Employee_635,Male,36,Marketing,Executive,15000,0,09-27-2024,Delhi,Maharashtra,Neha,5,88.0,true,Junior,Needs Improvement
692,Employee_692,Male,24,Sales,Executive,70000,3,11-23-2024,Mumbai,Maharashtra,Rohit,4,92.0,false,Mid Level,Excellent
698,Employee_698,Male,42,IT,Executive,15000,3,11-29-2024,Ahmedabad,Rajasthan,Neha,5,88.0,true,Mid Level,Needs Improvement
702,Employee_702,Male,25,Sales,Analyst,45000,1,2023-01-03,Mumbai,Gujarat,Rohit,0,88.0,true,Junior,Needs Improvement
736,Employee_736,Male,24,Finance,Manager,15000,5,06/02/2023,Mumbai,Delhi,Not Assigned,5,92.0,true,Senior,Excellent
740,Employee_740,Female,30,IT,Engineer,15000,1,02-10-2023,Jaipur,Delhi,Neha,6,110.0,false,Junior,Excellent
754,Employee_754,Male,30,Finance,Engineer,45000,0,24/02/2023,Ahmedabad,Rajasthan,Neha,4,110.0,false,Junior,Excellent
772,Employee_772,Male,42,Finance,Engineer,25000,3,14/03/2023,Ahmedabad,Gujarat,Amit,6,92.0,true,Mid Level,Excellent
785,Employee_785,Male,25,IT,Analyst,15000,1,03-27-2023,Delhi,Maharashtra,Not Assigned,6,110.0,false,Junior,Excellent
808,Employee_808,Male,30,HR,Engineer,15000,5,19/04/2023,Pune,Gujarat,Amit,6,97.0,false,Senior,Excellent
815,Employee_815,Female,24,IT,Engineer,45000,3,04-26-2023,Jaipur,Delhi,Amit,6,92.0,false,Mid Level,Excellent
845,Employee_845,Female,25,IT,Analyst,25000,0,05-26-2023,Pune,Delhi,Neha,6,88.0,false,Junior,Needs Improvement
849,Employee_849,Female,30,HR,Analyst,15000,0,2023-05-30,Ahmedabad,Maharashtra,Amit,4,88.0,true,Junior,Needs Improvement
855,Employee_855,Female,30,IT,Engineer,70000,1,2023-06-05,Ahmedabad,Gujarat,Rohit,3,92.0,true,Junior,Excellent
891,Employee_891,Female,42,HR,Manager,70000,1,2023-07-11,Ahmedabad,Rajasthan,Neha,4,97.0,true,Junior,Excellent
898,Employee_898,Female,24,Sales,Engineer,15000,3,18/07/2023,Jaipur,Gujarat,Amit,6,97.0,false,Mid Level,Excellent
900,Employee_900,Female,24,Marketing,Analyst,25000,1,2023-07-20,Ahmedabad,Delhi,Not Assigned,0,88.0,false,Junior,Needs Improvement
958,Employee_958,Male,42,Marketing,Executive,25000,1,16/09/2023,Delhi,Maharashtra,Neha,6,88.0,false,Junior,Needs Improvement
971,Employee_971,Female,42,Sales,Analyst,15000,1,09-29-2023,Delhi,Rajasthan,Neha,5,88.0,false,Junior,Needs Improvement
1040,Employee_1040,Female,30,Sales,Manager,45000,0,12-07-2023,Ahmedabad,Delhi,Not Assigned,3,97.0,true,Junior,Excellent
1073,Employee_1073,Female,24,IT,Manager,45000,5,01-09-2024,Delhi,Gujarat,Not Assigned,4,88.0,true,Senior,Needs Improvement
1076,Employee_1076,Male,25,Sales,Engineer,25000,5,01-12-2024,Ahmedabad,Maharashtra,Amit,3,92.0,true,Senior,Excellent
1111,Employee_1111,Male,30,Marketing,Engineer,45000,0,16/02/2024,Jaipur,Delhi,Amit,4,88.0,false,Junior,Needs Improvement
1114,Employee_1114,Male,42,HR,Manager,70000,3,19/02/2024,Mumbai,Delhi,Rohit,4,92.0,false,Mid Level,Excellent
1119,Employee_1119,Male,36,Marketing,Executive,25000,5,2024-02-24,Mumbai,Delhi,Neha,4,97.0,true,Senior,Excellent
1136,Employee_1136,Male,42,IT,Engineer,25000,5,03-12-2024,Ahmedabad,Maharashtra,Neha,4,92.0,false,Senior,Excellent
1148,Employee_1148,Male,25,IT,Manager,45000,0,03-24-2024,Mumbai,Gujarat,Rohit,5,97.0,true,Junior,Excellent
1170,Employee_1170,Female,25,Sales,Analyst,25000,3,2024-04-15,Ahmedabad,Delhi,Amit,0,88.0,true,Mid Level,Needs Improvement
1195,Employee_1195,Male,42,Marketing,Executive,25000,3,10/05/2024,Pune,Rajasthan,Neha,4,110.0,true,Mid Level,Excellent
1204,Employee_1204,Female,42,Finance,Manager,70000,5,19/05/2024,Mumbai,Maharashtra,Rohit,5,88.0,true,Senior,Needs Improvement
1223,Employee_1223,Male,36,Sales,Analyst,15000,5,06-07-2024,Ahmedabad,Rajasthan,Neha,5,92.0,false,Senior,Excellent
1273,Employee_1273,Female,24,Finance,Analyst,70000,1,27/07/2024,Jaipur,Delhi,Rohit,6,92.0,false,Junior,Excellent
1289,Employee_1289,Female,24,Marketing,Executive,45000,5,08-12-2024,Jaipur,Rajasthan,Neha,6,110.0,false,Senior,Excellent
1313,Employee_1313,Female,25,Sales,Engineer,45000,1,09-05-2024,Mumbai,Maharashtra,Amit,3,92.0,false,Junior,Excellent
1319,Employee_1319,Female,42,IT,Engineer,15000,5,09-11-2024,Pune,Gujarat,Not Assigned,4,92.0,true,Senior,Excellent
17,Employee_17,Female,30,HR,Executive,25000,3,01-18-2023,Delhi,Rajasthan,Neha,4,97.0,true,Mid Level,Excellent
27,Employee_27,Female,24,Sales,Analyst,45000,0,2023-01-28,Delhi,Rajasthan,Rohit,3,97.0,true,Junior,Excellent
60,Employee_60,Female,25,Marketing,Engineer,15000,1,2023-03-02,Delhi,Rajasthan,Not Assigned,6,110.0,true,Junior,Excellent
74,Employee_74,Female,42,IT,Manager,15000,5,03-16-2023,Delhi,Rajasthan,Rohit,5,110.0,true,Senior,Excellent
95,Employee_95,Male,24,HR,Executive,45000,1,04-06-2023,Delhi,Maharashtra,Not Assigned,4,88.0,false,Junior,Needs Improvement
116,Employee_116,Female,25,IT,Analyst,25000,1,04-27-2023,Delhi,Rajasthan,Rohit,5,88.0,true,Junior,Needs Improvement
169,Employee_169,Male,30,Sales,Engineer,45000,0,19/06/2023,Delhi,Delhi,Neha,6,110.0,false,Junior,Excellent
180,Employee_180,Female,25,Finance,Executive,45000,1,2023-06-30,Ahmedabad,Delhi,Neha,0,97.0,true,Junior,Excellent
184,Employee_184,Female,30,IT,Executive,15000,5,04/07/2023,Delhi,Gujarat,Amit,4,92.0,false,Senior,Excellent
195,Employee_195,Male,24,IT,Engineer,45000,3,2023-07-15,Delhi,Gujarat,Neha,5,97.0,false,Mid Level,Excellent
205,Employee_205,Male,36,HR,Executive,25000,1,25/07/2023,Delhi,Maharashtra,Neha,4,92.0,false,Junior,Excellent
215,Employee_215,Female,42,HR,Manager,45000,3,08-04-2023,Mumbai,Delhi,Rohit,5,110.0,false,Mid Level,Excellent
225,Employee_225,Male,30,Marketing,Engineer,15000,1,2023-08-14,Jaipur,Rajasthan,Not Assigned,5,92.0,true,Junior,Excellent
251,Employee_251,Female,24,IT,Engineer,15000,5,09-09-2023,Ahmedabad,Gujarat,Neha,4,88.0,false,Senior,Needs Improvement
262,Employee_262,Female,24,IT,Manager,15000,0,20/09/2023,Delhi,Delhi,Neha,3,97.0,true,Junior,Excellent
271,Employee_271,Male,24,Finance,Manager,25000,5,29/09/2023,Ahmedabad,Delhi,Not Assigned,6,92.0,true,Senior,Excellent
285,Employee_285,Male,36,HR,Executive,70000,5,2023-10-13,Jaipur,Rajasthan,Not Assigned,4,92.0,true,Senior,Excellent
288,Employee_288,Male,30,IT,Engineer,25000,1,2023-10-16,Mumbai,Delhi,Rohit,0,110.0,false,Junior,Excellent
300,Employee_300,Female,42,Finance,Analyst,45000,0,2023-10-28,Jaipur,Gujarat,Rohit,5,88.0,true,Junior,Needs Improvement
328,Employee_328,Male,30,HR,Engineer,45000,5,25/11/2023,Jaipur,Gujarat,Neha,5,110.0,true,Senior,Excellent
338,Employee_338,Male,42,HR,Executive,15000,0,12-05-2023,Ahmedabad,Delhi,Neha,5,92.0,true,Junior,Excellent
343,Employee_343,Male,36,Finance,Manager,15000,1,10/12/2023,Jaipur,Gujarat,Not Assigned,6,92.0,false,Junior,Excellent
348,Employee_348,Female,30,IT,Manager,25000,3,2023-12-15,Delhi,Gujarat,Rohit,5,92.0,true,Mid Level,Excellent
353,Employee_353,Male,30,HR,Analyst,15000,0,12-20-2023,Pune,Maharashtra,Neha,6,88.0,true,Junior,Needs Improvement
369,Employee_369,Female,42,HR,Engineer,70000,5,2024-01-05,Jaipur,Maharashtra,Neha,3,97.0,false,Senior,Excellent
401,Employee_401,Female,30,Finance,Manager,45000,0,02-06-2024,Ahmedabad,Gujarat,Not Assigned,4,88.0,false,Junior,Needs Improvement
404,Employee_404,Female,24,Finance,Executive,45000,3,02-09-2024,Delhi,Maharashtra,Not Assigned,3,88.0,true,Mid Level,Needs Improvement
410,Employee_410,Male,24,IT,Analyst,45000,3,02-15-2024,Jaipur,Maharashtra,Amit,4,97.0,false,Mid Level,Excellent
417,Employee_417,Female,24,Sales,Engineer,70000,0,2024-02-22,Delhi,Delhi,Neha,5,97.0,true,Junior,Excellent
436,Employee_436,Male,30,Marketing,Executive,25000,0,12/03/2024,Mumbai,Gujarat,Neha,5,92.0,true,Junior,Excellent
463,Employee_463,Male,36,Sales,Engineer,25000,1,08/04/2024,Delhi,Delhi,Rohit,3,97.0,false,Junior,Excellent
466,Employee_466,Male,36,Sales,Engineer,25000,3,11/04/2024,Jaipur,Rajasthan,Amit,4,88.0,false,Mid Level,Needs Improvement
475,Employee_475,Female,30,Finance,Executive,15000,3,20/04/2024,Ahmedabad,Gujarat,Rohit,5,97.0,true,Mid Level,Excellent
490,Employee_490,Male,25,IT,Engineer,70000,3,05/05/2024,Mumbai,Delhi,Amit,6,97.0,false,Mid Level,Excellent
517,Employee_517,Male,25,Sales,Executive,15000,0,01/06/2024,Mumbai,Rajasthan,Neha,6,88.0,true,Junior,Needs Improvement
531,Employee_531,Male,30,IT,Manager,70000,3,2024-06-15,Pune,Delhi,Amit,4,110.0,false,Mid Level,Excellent
535,Employee_535,Male,42,Finance,Executive,45000,0,19/06/2024,Mumbai,Rajasthan,Neha,5,92.0,true,Junior,Excellent
595,Employee_595,Female,25,HR,Analyst,25000,1,18/08/2024,Delhi,Gujarat,Amit,6,88.0,true,Junior,Needs Improvement
600,Employee_600,Female,25,IT,Engineer,25000,3,2024-08-23,Pune,Delhi,Amit,5,110.0,false,Mid Level,Excellent
615,Employee_615,Female,24,Finance,Manager,45000,3,2024-09-07,Mumbai,Delhi,Not Assigned,4,92.0,false,Mid Level,Excellent
639,Employee_639,Female,24,Finance,Engineer,25000,0,2024-10-01,Ahmedabad,Rajasthan,Amit,4,92.0,true,Junior,Excellent
688,Employee_688,Male,30,Finance,Executive,45000,5,19/11/2024,Mumbai,Delhi,Not Assigned,6,110.0,false,Senior,Excellent
722,Employee_722,Female,25,HR,Manager,45000,5,01-23-2023,Jaipur,Gujarat,Not Assigned,3,92.0,false,Senior,Excellent
738,Employee_738,Male,36,Sales,Engineer,45000,5,2023-02-08,Delhi,Delhi,Rohit,0,97.0,false,Senior,Excellent
739,Employee_739,Male,36,Sales,Executive,45000,5,09/02/2023,Jaipur,Rajasthan,Amit,4,110.0,true,Senior,Excellent
751,Employee_751,Male,24,Marketing,Analyst,45000,3,21/02/2023,Pune,Rajasthan,Not Assigned,4,110.0,false,Mid Level,Excellent
773,Employee_773,Female,24,Finance,Engineer,15000,0,03-15-2023,Ahmedabad,Maharashtra,Rohit,5,88.0,true,Junior,Needs Improvement
800,Employee_800,Female,36,Finance,Manager,70000,5,04-11-2023,Delhi,Rajasthan,Not Assigned,5,110.0,false,Senior,Excellent
805,Employee_805,Male,42,IT,Manager,45000,3,16/04/2023,Delhi,Gujarat,Rohit,4,92.0,false,Mid Level,Excellent
829,Employee_829,Male,25,Finance,Engineer,25000,3,10/05/2023,Mumbai,Gujarat,Rohit,4,97.0,false,Mid Level,Excellent
908,Employee_908,Female,42,Finance,Analyst,15000,0,07-28-2023,Mumbai,Rajasthan,Neha,5,88.0,false,Junior,Needs Improvement
929,Employee_929,Female,24,HR,Analyst,70000,0,08-18-2023,Mumbai,Gujarat,Neha,6,92.0,false,Junior,Excellent
969,Employee_969,Female,24,HR,Manager,15000,3,2023-09-27,Delhi,Delhi,Amit,3,92.0,false,Mid Level,Excellent
976,Employee_976,Female,25,HR,Engineer,45000,1,04/10/2023,Mumbai,Rajasthan,Rohit,3,97.0,true,Junior,Excellent
985,Employee_985,Female,42,Finance,Manager,70000,1,13/10/2023,Ahmedabad,Gujarat,Not Assigned,3,97.0,false,Junior,Excellent
986,Employee_986,Female,24,HR,Manager,15000,0,10-14-2023,Delhi,Delhi,Amit,4,97.0,false,Junior,Excellent
1009,Employee_1009,Male,30,Sales,Engineer,15000,1,06/11/2023,Delhi,Gujarat,Neha,3,92.0,false,Junior,Excellent
1016,Employee_1016,Female,24,Sales,Manager,45000,5,11-13-2023,Mumbai,Gujarat,Not Assigned,3,88.0,false,Senior,Needs Improvement
1026,Employee_1026,Male,25,HR,Engineer,15000,5,2023-11-23,Ahmedabad,Delhi,Not Assigned,0,88.0,true,Senior,Needs Improvement
1030,Employee_1030,Male,25,Sales,Manager,45000,3,27/11/2023,Ahmedabad,Delhi,Neha,5,110.0,true,Mid Level,Excellent
1039,Employee_1039,Male,25,HR,Engineer,70000,3,06/12/2023,Jaipur,Gujarat,Not Assigned,5,97.0,false,Mid Level,Excellent
1041,Employee_1041,Female,42,HR,Manager,25000,3,2023-12-08,Ahmedabad,Rajasthan,Amit,5,97.0,true,Mid Level,Excellent
1049,Employee_1049,Male,25,HR,Engineer,25000,0,12-16-2023,Ahmedabad,Delhi,Neha,4,92.0,true,Junior,Excellent
1052,Employee_1052,Male,25,Sales,Analyst,45000,0,12-19-2023,Ahmedabad,Delhi,Neha,6,110.0,false,Junior,Excellent
1109,Employee_1109,Female,36,Finance,Analyst,45000,1,02-14-2024,Jaipur,Maharashtra,Neha,6,110.0,false,Junior,Excellent
1123,Employee_1123,Male,30,Marketing,Analyst,15000,5,28/02/2024,Mumbai,Rajasthan,Rohit,3,110.0,false,Senior,Excellent
1129,Employee_1129,Male,36,Sales,Engineer,70000,5,05/03/2024,Mumbai,Delhi,Rohit,5,92.0,true,Senior,Excellent
1137,Employee_1137,Male,30,Sales,Executive,25000,5,2024-03-13,Pune,Delhi,Not Assigned,5,88.0,false,Senior,Needs Improvement
1168,Employee_1168,Female,36,Marketing,Manager,25000,0,13/04/2024,Mumbai,Maharashtra,Not Assigned,6,88.0,false,Junior,Needs Improvement
1184,Employee_1184,Male,24,Sales,Engineer,45000,1,04-29-2024,Delhi,Gujarat,Neha,4,97.0,true,Junior,Excellent
1185,Employee_1185,Female,42,Sales,Executive,70000,3,2024-04-30,Jaipur,Delhi,Amit,5,110.0,false,Mid Level,Excellent
1201,Employee_1201,Male,36,HR,Engineer,15000,3,16/05/2024,Delhi,Maharashtra,Amit,6,92.0,true,Mid Level,Excellent
1212,Employee_1212,Female,24,HR,Executive,45000,3,2024-05-27,Ahmedabad,Rajasthan,Amit,4,92.0,false,Mid Level,Excellent
1224,Employee_1224,Female,25,Marketing,Manager,45000,1,2024-06-08,Mumbai,Rajasthan,Rohit,0,110.0,false,Junior,Excellent
1235,Employee_1235,Male,36,Finance,Engineer,45000,5,06-19-2024,Mumbai,Maharashtra,Neha,4,110.0,false,Senior,Excellent
1275,Employee_1275,Male,42,Sales,Engineer,25000,1,2024-07-29,Mumbai,Delhi,Rohit,6,97.0,true,Junior,Excellent
