transaction_id,transaction_timestamp,sender_bank,receiver_bank,sender_upi,receiver_upi,amount,transaction_type,transaction_status,city,state,device_id,response_time_ms,failure_reason,load_timestamp,source_file,fraud_reason
d78dcddc-d57e-414c-b5b7-03d469b27576,2026-06-28 21:09:16,HDFC,SBI,ka****59@okhdfc,ka****25@oksbi,49119.0,BILL PAYMENT,SUCCESS,INDORE,MADHYA PRADESH,DEV100181,863,,2026-07-12 18:25:28.953779,dbfs:/Volumes/dbacademy/default/myvolume/Project%20Sentinel/upi_transactions.csv,High Value Transaction
d66089cd-0666-4ab5-b5f9-f80babd5443d,2026-06-25 11:57:27,ICICI,SBI,ar****34@icici,ka****65@oksbi,48276.0,BILL PAYMENT,SUCCESS,PUNE,MAHARASHTRA,DEV100023,1932,,2026-07-12 18:25:28.953779,dbfs:/Volumes/dbacademy/default/myvolume/Project%20Sentinel/upi_transactions.csv,High Value Transaction
60bd73cb-704b-4b00-b57a-b3914e6a0fcf,2026-06-28 20:15:57,ICICI,SBI,ka****20@icici,an****01@oksbi,48279.0,P2P,SUCCESS,MUMBAI,MAHARASHTRA,DEV100174,1044,,2026-07-12 18:25:28.953779,dbfs:/Volumes/dbacademy/default/myvolume/Project%20Sentinel/upi_transactions.csv,High Value Transaction
be321c20-4817-418e-81fb-129050eb9be5,2026-06-25 13:19:05,HDFC,ICICI,ka****86@okhdfc,am****26@icici,49809.0,P2P,SUCCESS,MUMBAI,MAHARASHTRA,DEV100154,1636,,2026-07-12 18:25:28.953779,dbfs:/Volumes/dbacademy/default/myvolume/Project%20Sentinel/upi_transactions.csv,High Value Transaction
05785a3d-0c58-4c9f-8213-cc304875a6c4,2026-06-25 17:37:50,AXIS,HDFC,ma****71@axis,am****29@okhdfc,49130.0,MERCHANT,SUCCESS,AHMEDABAD,GUJARAT,DEV100111,995,,2026-07-12 18:25:28.953779,dbfs:/Volumes/dbacademy/default/myvolume/Project%20Sentinel/upi_transactions.csv,High Value Transaction
36277401-2c8b-435b-b684-b757ef4bc362,2026-06-25 04:52:33,AXIS,SBI,di****15@axis,pr****15@oksbi,48775.0,P2P,SUCCESS,DELHI,DELHI,DEV100039,2139,,2026-07-12 18:25:28.953779,dbfs:/Volumes/dbacademy/default/myvolume/Project%20Sentinel/upi_transactions.csv,High Value Transaction
959a9c14-3752-4e4a-9db0-47504a696e26,2026-07-01 17:59:24,SBI,AXIS,ri****61@oksbi,sn****33@axis,48544.0,MERCHANT,SUCCESS,INDORE,MADHYA PRADESH,DEV100047,499,,2026-07-12 18:25:28.953779,dbfs:/Volumes/dbacademy/default/myvolume/Project%20Sentinel/upi_transactions.csv,High Value Transaction
51e13d5d-0efd-4ff5-8883-4bd40ee814fa,2026-07-12 08:07:13,AXIS,SBI,ni****14@axis,ri****63@oksbi,48736.0,MERCHANT,SUCCESS,JAIPUR,RAJASTHAN,DEV100073,1418,,2026-07-12 18:25:28.953779,dbfs:/Volumes/dbacademy/default/myvolume/Project%20Sentinel/upi_transactions.csv,High Value Transaction
7cee4b72-c435-432b-a065-c2a38ba95bbd,2026-06-15 21:31:04,ICICI,HDFC,ne****18@icici,po****29@okhdfc,48159.0,P2P,SUCCESS,PUNE,MAHARASHTRA,DEV100179,961,,2026-07-12 18:25:28.953779,dbfs:/Volumes/dbacademy/default/myvolume/Project%20Sentinel/upi_transactions.csv,High Value Transaction
032c806f-337e-4619-a4c8-ac87509bf316,2026-07-11 18:40:34,HDFC,ICICI,ka****69@okhdfc,ha****58@icici,49683.0,BILL PAYMENT,SUCCESS,BANGALORE,KARNATAKA,DEV100107,968,,2026-07-12 18:25:28.953779,dbfs:/Volumes/dbacademy/default/myvolume/Project%20Sentinel/upi_transactions.csv,High Value Transaction
36013873-1398-4809-8211-a9de4a9aee13,2026-06-14 07:17:24,HDFC,ICICI,di****94@okhdfc,ri****01@icici,48627.0,MERCHANT,SUCCESS,AHMEDABAD,GUJARAT,DEV100117,2791,,2026-07-12 18:25:28.953779,dbfs:/Volumes/dbacademy/default/myvolume/Project%20Sentinel/upi_transactions.csv,High Value Transaction
0ec28e85-37ce-4d1d-9645-1a4cfad92424,2026-06-18 01:10:50,HDFC,AXIS,ka****95@okhdfc,ka****60@axis,48952.0,P2P,SUCCESS,PUNE,MAHARASHTRA,DEV100154,1991,,2026-07-12 18:25:28.953779,dbfs:/Volumes/dbacademy/default/myvolume/Project%20Sentinel/upi_transactions.csv,High Value Transaction
dd0a3dba-d154-4539-88bf-c71dd080fcb4,2026-06-25 22:55:16,ICICI,HDFC,sn****83@icici,ka****05@okhdfc,49365.0,BILL PAYMENT,SUCCESS,HYDERABAD,TELANGANA,DEV100191,2559,,2026-07-12 18:25:28.953779,dbfs:/Volumes/dbacademy/default/myvolume/Project%20Sentinel/upi_transactions.csv,High Value Transaction
825aeb6f-b557-4655-b0a5-b3f1f1eefbcb,2026-07-02 01:59:48,ICICI,AXIS,pr****62@icici,pr****36@axis,48359.0,P2P,SUCCESS,JAIPUR,RAJASTHAN,DEV100118,191,,2026-07-12 18:25:28.953779,dbfs:/Volumes/dbacademy/default/myvolume/Project%20Sentinel/upi_transactions.csv,High Value Transaction
b5291624-8ffc-4b1a-8de1-380d166a4101,2026-07-10 19:11:26,HDFC,AXIS,po****51@okhdfc,pr****43@axis,49192.0,RECHARGE,SUCCESS,AHMEDABAD,GUJARAT,DEV100141,623,,2026-07-12 18:25:28.953779,dbfs:/Volumes/dbacademy/default/myvolume/Project%20Sentinel/upi_transactions.csv,High Value Transaction
8c59f00c-21bb-4157-b613-162b238f50c1,2026-06-17 20:57:31,AXIS,SBI,ma****26@axis,pr****51@oksbi,48209.0,P2P,SUCCESS,JAIPUR,RAJASTHAN,DEV100033,1888,,2026-07-12 18:25:28.953779,dbfs:/Volumes/dbacademy/default/myvolume/Project%20Sentinel/upi_transactions.csv,High Value Transaction
35b4179a-ab7c-45e3-8734-8e40e9fd9fbd,2026-07-06 09:21:43,ICICI,AXIS,ni****05@icici,di****13@axis,49397.0,P2P,SUCCESS,INDORE,MADHYA PRADESH,DEV100111,252,,2026-07-12 18:25:28.953779,dbfs:/Volumes/dbacademy/default/myvolume/Project%20Sentinel/upi_transactions.csv,High Value Transaction
89406e7b-9026-4e0e-adf7-71b7acb11682,2026-07-11 01:25:53,AXIS,ICICI,ar****62@axis,ma****99@icici,48245.0,BILL PAYMENT,SUCCESS,INDORE,MADHYA PRADESH,DEV100026,246,,2026-07-12 18:25:28.953779,dbfs:/Volumes/dbacademy/default/myvolume/Project%20Sentinel/upi_transactions.csv,High Value Transaction
40f77df9-91db-45d9-954b-a1baee367d3b,2026-07-04 16:50:53,AXIS,ICICI,ka****02@axis,si****41@icici,48841.0,MERCHANT,SUCCESS,MUMBAI,MAHARASHTRA,DEV100047,2751,,2026-07-12 18:25:28.953779,dbfs:/Volumes/dbacademy/default/myvolume/Project%20Sentinel/upi_transactions.csv,High Value Transaction
c520d66d-3eab-48bc-ae3d-76f9960b6acd,2026-06-21 17:09:49,AXIS,HDFC,ka****64@axis,po****57@okhdfc,49894.0,P2P,SUCCESS,JAIPUR,RAJASTHAN,DEV100043,1890,,2026-07-12 18:25:28.953779,dbfs:/Volumes/dbacademy/default/myvolume/Project%20Sentinel/upi_transactions.csv,High Value Transaction
e7038d04-60e5-4e3b-a4e9-b8ae7a5358da,2026-07-11 07:24:31,HDFC,ICICI,ka****42@okhdfc,an****35@icici,48630.0,P2P,SUCCESS,PUNE,MAHARASHTRA,DEV100097,668,,2026-07-12 18:25:28.953779,dbfs:/Volumes/dbacademy/default/myvolume/Project%20Sentinel/upi_transactions.csv,High Value Transaction
b8d1b005-315d-41e5-a58b-a16af0b79e9d,2026-06-29 23:05:49,SBI,ICICI,ka****22@oksbi,ha****72@icici,49004.0,P2P,SUCCESS,JAIPUR,RAJASTHAN,DEV100035,1488,,2026-07-12 18:25:28.953779,dbfs:/Volumes/dbacademy/default/myvolume/Project%20Sentinel/upi_transactions.csv,High Value Transaction
12eeec82-617c-4c94-a304-4c2a9cd86e71,2026-07-07 02:41:56,SBI,HDFC,po****81@oksbi,ka****06@okhdfc,49925.0,MERCHANT,SUCCESS,INDORE,MADHYA PRADESH,DEV100127,1064,,2026-07-12 18:25:28.953779,dbfs:/Volumes/dbacademy/default/myvolume/Project%20Sentinel/upi_transactions.csv,High Value Transaction
a6728174-48b4-46b9-a630-1ef62c6b84be,2026-07-11 16:48:10,SBI,HDFC,ar****48@oksbi,ni****65@okhdfc,48363.0,P2P,SUCCESS,HYDERABAD,TELANGANA,DEV100026,1414,,2026-07-12 18:25:28.953779,dbfs:/Volumes/dbacademy/default/myvolume/Project%20Sentinel/upi_transactions.csv,High Value Transaction
e7da7517-6f8c-4353-ab10-a28086f30de1,2026-06-23 09:35:27,ICICI,SBI,ka****74@icici,ne****74@oksbi,49419.0,MERCHANT,SUCCESS,HYDERABAD,TELANGANA,DEV100096,886,,2026-07-12 18:25:28.953779,dbfs:/Volumes/dbacademy/default/myvolume/Project%20Sentinel/upi_transactions.csv,High Value Transaction
1e59d4b6-daf4-416a-bc26-40003f5c629f,2026-06-27 13:37:17,AXIS,HDFC,ka****88@axis,pr****53@okhdfc,48943.0,MERCHANT,SUCCESS,INDORE,MADHYA PRADESH,DEV100112,692,,2026-07-12 18:25:28.953779,dbfs:/Volumes/dbacademy/default/myvolume/Project%20Sentinel/upi_transactions.csv,High Value Transaction
5b2ec6d6-eed9-43d8-85ba-832dd2ab9b4a,2026-06-30 01:30:51,ICICI,AXIS,si****50@icici,pr****14@axis,49280.0,P2P,SUCCESS,DELHI,DELHI,DEV100176,2636,,2026-07-12 18:25:28.953779,dbfs:/Volumes/dbacademy/default/myvolume/Project%20Sentinel/upi_transactions.csv,High Value Transaction
71976bc6-9af4-4fcd-bfc4-29c5eabc706c,2026-07-11 09:46:46,SBI,ICICI,di****35@oksbi,ra****52@icici,48727.0,P2P,SUCCESS,DELHI,DELHI,DEV100048,988,,2026-07-12 18:25:28.953779,dbfs:/Volumes/dbacademy/default/myvolume/Project%20Sentinel/upi_transactions.csv,High Value Transaction
1d75993a-ba87-49fe-af00-061333f5db83,2026-07-01 09:00:55,ICICI,AXIS,ka****87@icici,ne****90@axis,49193.0,P2P,SUCCESS,AHMEDABAD,GUJARAT,DEV100175,1546,,2026-07-12 18:25:28.953779,dbfs:/Volumes/dbacademy/default/myvolume/Project%20Sentinel/upi_transactions.csv,High Value Transaction
13e5b76f-ac42-4699-819d-2ff538213ff0,2026-06-21 14:35:30,ICICI,AXIS,an****39@icici,si****05@axis,48455.0,MERCHANT,SUCCESS,MUMBAI,MAHARASHTRA,DEV100033,1579,,2026-07-12 18:25:28.953779,dbfs:/Volumes/dbacademy/default/myvolume/Project%20Sentinel/upi_transactions.csv,High Value Transaction
fd043afe-e947-42af-b5dc-3979cb3e974f,2026-06-30 19:15:59,HDFC,AXIS,sn****09@okhdfc,ar****75@axis,48867.0,P2P,SUCCESS,AHMEDABAD,GUJARAT,DEV100153,2098,,2026-07-12 18:25:28.953779,dbfs:/Volumes/dbacademy/default/myvolume/Project%20Sentinel/upi_transactions.csv,High Value Transaction
1bf93382-5092-497d-a402-3811f3b14c3f,2026-06-21 21:02:18,HDFC,ICICI,ni****87@okhdfc,ma****86@icici,49717.0,P2P,SUCCESS,PUNE,MAHARASHTRA,DEV100049,1595,,2026-07-12 18:25:28.953779,dbfs:/Volumes/dbacademy/default/myvolume/Project%20Sentinel/upi_transactions.csv,High Value Transaction
fe1618f2-989b-497a-935c-5f26bd846b94,2026-07-01 14:24:17,HDFC,SBI,ha****51@okhdfc,pr****23@oksbi,49877.0,BILL PAYMENT,SUCCESS,AHMEDABAD,GUJARAT,DEV100079,844,,2026-07-12 18:25:28.953779,dbfs:/Volumes/dbacademy/default/myvolume/Project%20Sentinel/upi_transactions.csv,High Value Transaction
16e3de62-52fb-4503-83aa-2a1157687641,2026-06-28 20:02:17,ICICI,AXIS,ro****39@icici,ka****14@axis,49891.0,P2P,SUCCESS,MUMBAI,MAHARASHTRA,DEV100037,1922,,2026-07-12 18:25:28.953779,dbfs:/Volumes/dbacademy/default/myvolume/Project%20Sentinel/upi_transactions.csv,High Value Transaction
61c3dedf-63fb-4323-9796-87686eca0bde,2026-06-26 12:35:07,ICICI,HDFC,po****12@icici,si****79@okhdfc,48063.0,MERCHANT,SUCCESS,BANGALORE,KARNATAKA,DEV100104,2386,,2026-07-12 18:25:28.953779,dbfs:/Volumes/dbacademy/default/myvolume/Project%20Sentinel/upi_transactions.csv,High Value Transaction
8f1f499c-d921-4857-9111-9b2ab9c4faef,2026-06-18 02:28:29,SBI,HDFC,ro****68@oksbi,an****81@okhdfc,48757.0,MERCHANT,SUCCESS,INDORE,MADHYA PRADESH,DEV100185,1131,,2026-07-12 18:25:28.953779,dbfs:/Volumes/dbacademy/default/myvolume/Project%20Sentinel/upi_transactions.csv,High Value Transaction
8246f2c4-50dd-4f21-b39e-011db460f289,2026-07-12 06:37:16,HDFC,SBI,ne****14@okhdfc,di****21@oksbi,48587.0,P2P,SUCCESS,HYDERABAD,TELANGANA,DEV100070,2873,,2026-07-12 18:25:28.953779,dbfs:/Volumes/dbacademy/default/myvolume/Project%20Sentinel/upi_transactions.csv,High Value Transaction
0e6b1713-d72b-4c32-b054-895fa8637f05,2026-06-28 00:09:48,SBI,HDFC,ha****59@oksbi,ka****56@okhdfc,48341.0,MERCHANT,SUCCESS,MUMBAI,MAHARASHTRA,DEV100107,2428,,2026-07-12 18:25:28.953779,dbfs:/Volumes/dbacademy/default/myvolume/Project%20Sentinel/upi_transactions.csv,High Value Transaction
0a025880-197e-4a2c-a379-1a9b4b6e95f1,2026-06-30 05:29:39,SBI,AXIS,ne****19@oksbi,sn****80@axis,48540.0,BILL PAYMENT,SUCCESS,PUNE,MAHARASHTRA,DEV100090,2831,,2026-07-12 18:25:28.953779,dbfs:/Volumes/dbacademy/default/myvolume/Project%20Sentinel/upi_transactions.csv,High Value Transaction
047264aa-d2b8-4516-ba5c-ab005d1851b1,2026-06-25 09:43:26,AXIS,ICICI,po****02@axis,di****34@icici,49747.0,P2P,SUCCESS,HYDERABAD,TELANGANA,DEV100041,1559,,2026-07-12 18:25:28.953779,dbfs:/Volumes/dbacademy/default/myvolume/Project%20Sentinel/upi_transactions.csv,High Value Transaction
8a8fb552-8867-4acf-9a9c-40df025500db,2026-07-09 16:52:36,HDFC,AXIS,ar****14@okhdfc,ma****94@axis,49592.0,P2P,SUCCESS,BANGALORE,KARNATAKA,DEV100136,643,,2026-07-12 18:25:28.953779,dbfs:/Volumes/dbacademy/default/myvolume/Project%20Sentinel/upi_transactions.csv,High Value Transaction
7ed3f031-a64c-4db4-8eba-52a6c9a4c1e2,2026-06-30 10:07:41,AXIS,HDFC,vi****39@axis,ni****32@okhdfc,48631.0,BILL PAYMENT,SUCCESS,HYDERABAD,TELANGANA,DEV100188,1755,,2026-07-12 18:25:28.953779,dbfs:/Volumes/dbacademy/default/myvolume/Project%20Sentinel/upi_transactions.csv,High Value Transaction
ab6ff941-b86a-4583-b174-495a9cc50ca1,2026-06-16 16:33:32,AXIS,ICICI,pr****79@axis,vi****96@icici,48632.0,P2P,SUCCESS,JAIPUR,RAJASTHAN,DEV100119,2290,,2026-07-12 18:25:28.953779,dbfs:/Volumes/dbacademy/default/myvolume/Project%20Sentinel/upi_transactions.csv,High Value Transaction
6574720f-b077-4d6a-aaa7-9fdcd6097fd0,2026-06-30 13:36:42,SBI,AXIS,ma****94@oksbi,ka****59@axis,49330.0,MERCHANT,SUCCESS,BANGALORE,KARNATAKA,DEV100170,632,,2026-07-12 18:25:28.953779,dbfs:/Volumes/dbacademy/default/myvolume/Project%20Sentinel/upi_transactions.csv,High Value Transaction
32655287-803a-4ec5-adf5-738dfd7b93f9,2026-07-03 22:02:33,ICICI,SBI,po****28@icici,po****28@oksbi,48683.0,P2P,SUCCESS,MUMBAI,MAHARASHTRA,DEV100027,2508,,2026-07-12 18:25:28.953779,dbfs:/Volumes/dbacademy/default/myvolume/Project%20Sentinel/upi_transactions.csv,High Value Transaction
16c4cb02-66cd-4307-bb86-7134c1efde43,2026-07-07 18:19:08,AXIS,HDFC,ma****79@axis,si****90@okhdfc,48246.0,MERCHANT,SUCCESS,BANGALORE,KARNATAKA,DEV100104,2779,,2026-07-12 18:25:28.953779,dbfs:/Volumes/dbacademy/default/myvolume/Project%20Sentinel/upi_transactions.csv,High Value Transaction
3348b9e1-9a2c-4258-926e-6d6c8cf4f4b6,2026-07-05 16:26:13,ICICI,HDFC,ka****33@icici,si****22@okhdfc,49523.0,MERCHANT,SUCCESS,INDORE,MADHYA PRADESH,DEV100103,1771,,2026-07-12 18:25:28.953779,dbfs:/Volumes/dbacademy/default/myvolume/Project%20Sentinel/upi_transactions.csv,High Value Transaction
54423c77-69a1-49dc-92ff-b9969e46b1dd,2026-07-11 04:59:20,AXIS,ICICI,an****10@axis,ha****03@icici,48898.0,BILL PAYMENT,SUCCESS,PUNE,MAHARASHTRA,DEV100009,2548,,2026-07-12 18:25:28.953779,dbfs:/Volumes/dbacademy/default/myvolume/Project%20Sentinel/upi_transactions.csv,High Value Transaction
94896f95-0da7-4d6f-aa92-e43df9f17b9a,2026-07-03 08:47:11,AXIS,HDFC,ha****43@axis,ro****15@okhdfc,48493.0,P2P,SUCCESS,JAIPUR,RAJASTHAN,DEV100192,2908,,2026-07-12 18:25:28.953779,dbfs:/Volumes/dbacademy/default/myvolume/Project%20Sentinel/upi_transactions.csv,High Value Transaction
311a4c7c-3b70-4d2d-bea0-1ee7d9b20468,2026-07-02 00:33:50,SBI,HDFC,vi****67@oksbi,am****92@okhdfc,48266.0,MERCHANT,SUCCESS,JAIPUR,RAJASTHAN,DEV100087,2483,,2026-07-12 18:25:28.953779,dbfs:/Volumes/dbacademy/default/myvolume/Project%20Sentinel/upi_transactions.csv,High Value Transaction
42a44265-e52d-406c-b8f7-de8a0852a0bd,2026-06-17 03:05:18,AXIS,SBI,ri****98@axis,ni****74@oksbi,48563.0,MERCHANT,SUCCESS,DELHI,DELHI,DEV100162,467,,2026-07-12 18:25:28.953779,dbfs:/Volumes/dbacademy/default/myvolume/Project%20Sentinel/upi_transactions.csv,High Value Transaction
0b97872e-1271-43b0-8b95-5d2cf2ba69b6,2026-06-13 13:52:18,HDFC,SBI,pr****63@okhdfc,ni****00@oksbi,48583.0,P2P,SUCCESS,HYDERABAD,TELANGANA,DEV100178,2614,,2026-07-12 18:25:28.953779,dbfs:/Volumes/dbacademy/default/myvolume/Project%20Sentinel/upi_transactions.csv,High Value Transaction
87ceb43c-aca2-4d1d-9b9b-4bd552b1bb90,2026-07-03 01:02:22,HDFC,ICICI,ma****72@okhdfc,po****94@icici,48860.0,RECHARGE,FAILED,MUMBAI,MAHARASHTRA,DEV100166,415,Invalid UPI,2026-07-12 18:25:28.953779,dbfs:/Volumes/dbacademy/default/myvolume/Project%20Sentinel/upi_transactions.csv,High Value Transaction
f0b402b3-05f7-44b1-a4d6-db07f07ae422,2026-06-27 19:33:54,HDFC,SBI,di****88@okhdfc,ka****07@oksbi,49038.0,P2P,SUCCESS,PUNE,MAHARASHTRA,DEV100103,1652,,2026-07-12 18:25:28.953779,dbfs:/Volumes/dbacademy/default/myvolume/Project%20Sentinel/upi_transactions.csv,High Value Transaction
8ee4300b-4c99-493f-a3e4-6b6de4ce6cc6,2026-06-17 14:26:53,ICICI,HDFC,ka****11@icici,ka****15@okhdfc,49453.0,P2P,SUCCESS,INDORE,MADHYA PRADESH,DEV100082,978,,2026-07-12 18:25:28.953779,dbfs:/Volumes/dbacademy/default/myvolume/Project%20Sentinel/upi_transactions.csv,High Value Transaction
ea514de9-944a-4bb8-9a44-558476ce3d5e,2026-07-11 14:11:55,AXIS,ICICI,di****53@axis,an****86@icici,48090.0,RECHARGE,SUCCESS,HYDERABAD,TELANGANA,DEV100089,114,,2026-07-12 18:25:28.953779,dbfs:/Volumes/dbacademy/default/myvolume/Project%20Sentinel/upi_transactions.csv,High Value Transaction
6b575ded-61fe-4d33-8760-21666e3976d9,2026-07-08 19:34:57,SBI,ICICI,pr****77@oksbi,ra****60@icici,48158.0,P2P,SUCCESS,JAIPUR,RAJASTHAN,DEV100010,684,,2026-07-12 18:25:28.953779,dbfs:/Volumes/dbacademy/default/myvolume/Project%20Sentinel/upi_transactions.csv,High Value Transaction
84ca05ad-dcd5-4049-847a-ea25bfb73b5f,2026-07-10 23:34:45,HDFC,AXIS,ma****46@okhdfc,an****82@axis,48192.0,P2P,SUCCESS,AHMEDABAD,GUJARAT,DEV100124,1784,,2026-07-12 18:25:28.953779,dbfs:/Volumes/dbacademy/default/myvolume/Project%20Sentinel/upi_transactions.csv,High Value Transaction
b415b1cd-0c39-45e2-a519-9a0afbdb4c0c,2026-07-09 06:12:57,SBI,AXIS,pr****43@oksbi,sn****05@axis,49037.0,P2P,SUCCESS,MUMBAI,MAHARASHTRA,DEV100083,2741,,2026-07-12 18:25:28.953779,dbfs:/Volumes/dbacademy/default/myvolume/Project%20Sentinel/upi_transactions.csv,High Value Transaction
a14aa61f-ab6e-4b5d-acf8-e8a35607514a,2026-06-21 11:04:55,AXIS,ICICI,ka****83@axis,ne****88@icici,48637.0,RECHARGE,SUCCESS,MUMBAI,MAHARASHTRA,DEV100196,1505,,2026-07-12 18:25:28.953779,dbfs:/Volumes/dbacademy/default/myvolume/Project%20Sentinel/upi_transactions.csv,High Value Transaction
88570c13-22e3-4a7f-b877-407343fbdddd,2026-06-14 21:52:30,SBI,ICICI,ma****53@oksbi,am****25@icici,48271.0,BILL PAYMENT,SUCCESS,HYDERABAD,TELANGANA,DEV100099,206,,2026-07-12 18:25:28.953779,dbfs:/Volumes/dbacademy/default/myvolume/Project%20Sentinel/upi_transactions.csv,High Value Transaction
c5e848e7-b268-4e6f-8bfb-d7c1065d3324,2026-07-08 03:01:19,SBI,ICICI,si****61@oksbi,an****10@icici,49292.0,MERCHANT,SUCCESS,BANGALORE,KARNATAKA,DEV100140,720,,2026-07-12 18:25:28.953779,dbfs:/Volumes/dbacademy/default/myvolume/Project%20Sentinel/upi_transactions.csv,High Value Transaction
5c3f3f7e-c175-4429-99e6-b1e894d65cb1,2026-06-27 14:28:57,AXIS,ICICI,pr****84@axis,ka****28@icici,49853.0,P2P,SUCCESS,MUMBAI,MAHARASHTRA,DEV100185,1577,,2026-07-12 18:25:28.953779,dbfs:/Volumes/dbacademy/default/myvolume/Project%20Sentinel/upi_transactions.csv,High Value Transaction
af4d8a30-b35e-4716-b77d-07dae254aaa7,2026-07-05 23:05:07,ICICI,HDFC,vi****18@icici,ka****23@okhdfc,49104.0,RECHARGE,SUCCESS,DELHI,DELHI,DEV100191,995,,2026-07-12 18:25:28.953779,dbfs:/Volumes/dbacademy/default/myvolume/Project%20Sentinel/upi_transactions.csv,High Value Transaction
d59774f6-ccde-4a64-a9d1-e4b9f8cfafe1,2026-06-23 07:22:46,HDFC,SBI,ma****86@okhdfc,ma****24@oksbi,48600.0,P2P,SUCCESS,BANGALORE,KARNATAKA,DEV100168,625,,2026-07-12 18:25:28.953779,dbfs:/Volumes/dbacademy/default/myvolume/Project%20Sentinel/upi_transactions.csv,High Value Transaction
cc9ef44b-5e6b-4723-917d-c1572baf7f0e,2026-06-26 03:26:00,AXIS,SBI,ka****03@axis,ma****34@oksbi,48209.0,BILL PAYMENT,SUCCESS,INDORE,MADHYA PRADESH,DEV100053,1369,,2026-07-12 18:25:28.953779,dbfs:/Volumes/dbacademy/default/myvolume/Project%20Sentinel/upi_transactions.csv,High Value Transaction
81af27be-5f9d-471d-b6ed-365b11545483,2026-07-05 17:44:19,SBI,ICICI,pr****95@oksbi,di****67@icici,49607.0,P2P,SUCCESS,DELHI,DELHI,DEV100029,2442,,2026-07-12 18:25:28.953779,dbfs:/Volumes/dbacademy/default/myvolume/Project%20Sentinel/upi_transactions.csv,High Value Transaction
95e0345c-90a3-4914-a36d-58db733f73eb,2026-06-26 05:03:53,HDFC,SBI,vi****10@okhdfc,ro****17@oksbi,48807.0,P2P,SUCCESS,INDORE,MADHYA PRADESH,DEV100163,338,,2026-07-12 18:25:28.953779,dbfs:/Volumes/dbacademy/default/myvolume/Project%20Sentinel/upi_transactions.csv,High Value Transaction
6880ec2e-ad5c-4762-8851-6268687b0997,2026-07-03 12:37:36,HDFC,SBI,ha****83@okhdfc,ka****44@oksbi,48653.0,BILL PAYMENT,SUCCESS,MUMBAI,MAHARASHTRA,DEV100041,136,,2026-07-12 18:25:28.953779,dbfs:/Volumes/dbacademy/default/myvolume/Project%20Sentinel/upi_transactions.csv,High Value Transaction
6d0b303b-b202-4e03-b000-5755f054ed5c,2026-07-07 14:57:55,ICICI,AXIS,pr****36@icici,vi****03@axis,49062.0,BILL PAYMENT,SUCCESS,AHMEDABAD,GUJARAT,DEV100013,757,,2026-07-12 18:25:28.953779,dbfs:/Volumes/dbacademy/default/myvolume/Project%20Sentinel/upi_transactions.csv,High Value Transaction
5bd4317f-798c-4fb7-9edc-fc46227f49bc,2026-07-08 15:29:51,HDFC,AXIS,am****69@okhdfc,sn****49@axis,48230.0,P2P,SUCCESS,PUNE,MAHARASHTRA,DEV100069,1448,,2026-07-12 18:25:28.953779,dbfs:/Volumes/dbacademy/default/myvolume/Project%20Sentinel/upi_transactions.csv,High Value Transaction
9ece1416-43f5-4c4e-9e62-6a61608daddd,2026-07-04 18:09:21,ICICI,AXIS,ra****45@icici,ri****54@axis,48884.0,P2P,SUCCESS,HYDERABAD,TELANGANA,DEV100113,1706,,2026-07-12 18:25:28.953779,dbfs:/Volumes/dbacademy/default/myvolume/Project%20Sentinel/upi_transactions.csv,High Value Transaction
811a83cf-e12b-46e7-8ba0-aff80665631f,2026-06-20 23:25:16,AXIS,SBI,ro****62@axis,ka****72@oksbi,48363.0,RECHARGE,SUCCESS,MUMBAI,MAHARASHTRA,DEV100137,1520,,2026-07-12 18:25:28.953779,dbfs:/Volumes/dbacademy/default/myvolume/Project%20Sentinel/upi_transactions.csv,High Value Transaction
726a99ab-14fa-492d-b60b-098c94c7e150,2026-06-16 22:48:53,AXIS,SBI,ne****70@axis,ri****70@oksbi,48299.0,P2P,SUCCESS,HYDERABAD,TELANGANA,DEV100127,138,,2026-07-12 18:25:28.953779,dbfs:/Volumes/dbacademy/default/myvolume/Project%20Sentinel/upi_transactions.csv,High Value Transaction
89070d54-4696-4ea7-aa93-03a754eed7db,2026-06-21 14:49:31,HDFC,ICICI,ka****83@okhdfc,pr****75@icici,48036.0,P2P,SUCCESS,PUNE,MAHARASHTRA,DEV100109,133,,2026-07-12 18:25:28.953779,dbfs:/Volumes/dbacademy/default/myvolume/Project%20Sentinel/upi_transactions.csv,High Value Transaction
32eb6b1c-0ce6-4c10-b3dd-15b60a20f60c,2026-07-05 20:28:38,SBI,AXIS,ra****06@oksbi,ni****84@axis,48810.0,P2P,SUCCESS,MUMBAI,MAHARASHTRA,DEV100161,216,,2026-07-12 18:25:28.953779,dbfs:/Volumes/dbacademy/default/myvolume/Project%20Sentinel/upi_transactions.csv,High Value Transaction
3e222f1c-7deb-4341-9fe0-6947d3e0bab7,2026-07-05 11:06:54,AXIS,SBI,ni****26@axis,po****98@oksbi,49763.0,RECHARGE,SUCCESS,PUNE,MAHARASHTRA,DEV100157,1179,,2026-07-12 18:25:28.953779,dbfs:/Volumes/dbacademy/default/myvolume/Project%20Sentinel/upi_transactions.csv,High Value Transaction
7940ca45-da64-4f56-9dfb-4d38e9c3866c,2026-07-10 09:01:06,HDFC,ICICI,ma****53@okhdfc,ni****91@icici,49201.0,P2P,SUCCESS,INDORE,MADHYA PRADESH,DEV100179,250,,2026-07-12 18:25:28.953779,dbfs:/Volumes/dbacademy/default/myvolume/Project%20Sentinel/upi_transactions.csv,High Value Transaction
24394000-287c-429f-a0b6-53ea3ec19f6c,2026-07-04 11:34:04,AXIS,ICICI,vi****23@axis,ka****66@icici,49672.0,BILL PAYMENT,SUCCESS,DELHI,DELHI,DEV100137,1343,,2026-07-12 18:25:28.953779,dbfs:/Volumes/dbacademy/default/myvolume/Project%20Sentinel/upi_transactions.csv,High Value Transaction
a2cc0d5e-35cf-4322-989d-8bf2e7ca8a70,2026-07-04 22:07:07,HDFC,AXIS,si****95@okhdfc,pr****73@axis,49764.0,RECHARGE,SUCCESS,HYDERABAD,TELANGANA,DEV100114,2316,,2026-07-12 18:25:28.953779,dbfs:/Volumes/dbacademy/default/myvolume/Project%20Sentinel/upi_transactions.csv,High Value Transaction
0a768161-7a67-4504-9ba2-2551b68125cd,2026-06-12 18:38:29,SBI,HDFC,ka****63@oksbi,ka****50@okhdfc,49259.0,MERCHANT,SUCCESS,MUMBAI,MAHARASHTRA,DEV100143,2936,,2026-07-12 18:25:28.953779,dbfs:/Volumes/dbacademy/default/myvolume/Project%20Sentinel/upi_transactions.csv,High Value Transaction
904139e5-e961-496f-963d-19b8b4396eb2,2026-06-29 14:26:47,SBI,AXIS,ri****68@oksbi,ne****79@axis,49269.0,BILL PAYMENT,SUCCESS,AHMEDABAD,GUJARAT,DEV100066,1090,,2026-07-12 18:25:28.953779,dbfs:/Volumes/dbacademy/default/myvolume/Project%20Sentinel/upi_transactions.csv,High Value Transaction
761e493c-4f20-40e0-a047-4db570a03751,2026-07-03 02:56:56,HDFC,SBI,ka****37@okhdfc,pr****65@oksbi,49268.0,P2P,SUCCESS,MUMBAI,MAHARASHTRA,DEV100125,1535,,2026-07-12 18:25:28.953779,dbfs:/Volumes/dbacademy/default/myvolume/Project%20Sentinel/upi_transactions.csv,High Value Transaction
a4524589-0a58-496d-87e0-041608591f6c,2026-07-12 11:42:09,SBI,ICICI,am****67@oksbi,di****15@icici,49324.0,P2P,SUCCESS,AHMEDABAD,GUJARAT,DEV100180,1911,,2026-07-12 18:25:28.953779,dbfs:/Volumes/dbacademy/default/myvolume/Project%20Sentinel/upi_transactions.csv,High Value Transaction
276cbc49-850c-4d3c-8d59-c4785631d1b5,2026-07-01 05:07:09,HDFC,ICICI,pr****24@okhdfc,sn****86@icici,49924.0,MERCHANT,SUCCESS,MUMBAI,MAHARASHTRA,DEV100188,1439,,2026-07-12 18:25:28.953779,dbfs:/Volumes/dbacademy/default/myvolume/Project%20Sentinel/upi_transactions.csv,High Value Transaction
aae83c5e-d9fb-4e94-8230-057cd13cd179,2026-06-26 02:42:12,ICICI,AXIS,sn****57@icici,ra****06@axis,48954.0,BILL PAYMENT,SUCCESS,PUNE,MAHARASHTRA,DEV100124,611,,2026-07-12 18:25:28.953779,dbfs:/Volumes/dbacademy/default/myvolume/Project%20Sentinel/upi_transactions.csv,High Value Transaction
51f61fbf-4776-4151-80df-393a42b2298d,2026-06-16 15:57:15,SBI,AXIS,pr****65@oksbi,ra****23@axis,48052.0,BILL PAYMENT,SUCCESS,HYDERABAD,TELANGANA,DEV100134,1007,,2026-07-12 18:25:28.953779,dbfs:/Volumes/dbacademy/default/myvolume/Project%20Sentinel/upi_transactions.csv,High Value Transaction
017232f0-62fc-4eda-9900-0daac9bd7e8d,2026-07-01 23:14:30,HDFC,ICICI,pr****87@okhdfc,ar****66@icici,48540.0,P2P,SUCCESS,JAIPUR,RAJASTHAN,DEV100068,2135,,2026-07-12 18:25:28.953779,dbfs:/Volumes/dbacademy/default/myvolume/Project%20Sentinel/upi_transactions.csv,High Value Transaction
ed4643df-05b8-408e-ad2a-878667aabebd,2026-07-06 09:48:17,AXIS,ICICI,ri****60@axis,ka****55@icici,49054.0,RECHARGE,SUCCESS,HYDERABAD,TELANGANA,DEV100047,2672,,2026-07-12 18:25:28.953779,dbfs:/Volumes/dbacademy/default/myvolume/Project%20Sentinel/upi_transactions.csv,High Value Transaction
cabd0f6e-2507-4578-9c1f-e9a9eb2c5064,2026-06-18 21:45:58,HDFC,AXIS,pr****24@okhdfc,ha****05@axis,48060.0,P2P,SUCCESS,INDORE,MADHYA PRADESH,DEV100008,1649,,2026-07-12 18:25:28.953779,dbfs:/Volumes/dbacademy/default/myvolume/Project%20Sentinel/upi_transactions.csv,High Value Transaction
5fa22b42-305a-4dd1-b186-3eae446d11ea,2026-07-04 08:16:59,SBI,ICICI,pr****16@oksbi,di****44@icici,49576.0,P2P,SUCCESS,HYDERABAD,TELANGANA,DEV100007,919,,2026-07-12 18:25:28.953779,dbfs:/Volumes/dbacademy/default/myvolume/Project%20Sentinel/upi_transactions.csv,High Value Transaction
c9dfb31d-b2d3-45da-858b-2b554d33ce7a,2026-06-25 01:07:31,ICICI,SBI,an****58@icici,si****97@oksbi,48437.0,P2P,SUCCESS,JAIPUR,RAJASTHAN,DEV100178,395,,2026-07-12 18:25:28.953779,dbfs:/Volumes/dbacademy/default/myvolume/Project%20Sentinel/upi_transactions.csv,High Value Transaction
27bdd831-e6c0-4a42-911a-10c183326751,2026-06-22 10:15:41,AXIS,SBI,ni****58@axis,sn****36@oksbi,48614.0,BILL PAYMENT,SUCCESS,JAIPUR,RAJASTHAN,DEV100038,1164,,2026-07-12 18:25:28.953779,dbfs:/Volumes/dbacademy/default/myvolume/Project%20Sentinel/upi_transactions.csv,High Value Transaction
15c32a5f-d282-4274-9d09-cea52e403f78,2026-06-15 05:15:52,SBI,HDFC,ka****82@oksbi,ro****30@okhdfc,49616.0,BILL PAYMENT,SUCCESS,JAIPUR,RAJASTHAN,DEV100026,541,,2026-07-12 18:25:28.953779,dbfs:/Volumes/dbacademy/default/myvolume/Project%20Sentinel/upi_transactions.csv,High Value Transaction
08ceee67-3fac-4051-b594-a661e12fa122,2026-06-20 17:37:03,HDFC,AXIS,sn****58@okhdfc,ar****23@axis,48041.0,MERCHANT,SUCCESS,HYDERABAD,TELANGANA,DEV100135,1945,,2026-07-12 18:25:28.953779,dbfs:/Volumes/dbacademy/default/myvolume/Project%20Sentinel/upi_transactions.csv,High Value Transaction
83754a5e-b17b-4c60-bd7a-66e56323fe2e,2026-06-30 01:19:06,AXIS,ICICI,ra****68@axis,di****16@icici,49248.0,P2P,SUCCESS,PUNE,MAHARASHTRA,DEV100087,420,,2026-07-12 18:25:28.953779,dbfs:/Volumes/dbacademy/default/myvolume/Project%20Sentinel/upi_transactions.csv,High Value Transaction
ad5bc64c-3796-47c8-8112-1648facb8290,2026-07-06 18:38:38,HDFC,SBI,ar****02@okhdfc,ne****58@oksbi,49223.0,RECHARGE,SUCCESS,BANGALORE,KARNATAKA,DEV100014,754,,2026-07-12 18:25:28.953779,dbfs:/Volumes/dbacademy/default/myvolume/Project%20Sentinel/upi_transactions.csv,High Value Transaction
23919763-ac37-4def-a9ab-941c9dcdd032,2026-06-27 17:02:18,HDFC,SBI,ka****87@okhdfc,ra****59@oksbi,49077.0,P2P,SUCCESS,JAIPUR,RAJASTHAN,DEV100008,1578,,2026-07-12 18:25:28.953779,dbfs:/Volumes/dbacademy/default/myvolume/Project%20Sentinel/upi_transactions.csv,High Value Transaction
2e3c51b3-dfb2-40a1-ae67-6c5143952c13,2026-06-13 03:06:28,HDFC,ICICI,ka****72@okhdfc,sn****68@icici,49332.0,MERCHANT,SUCCESS,PUNE,MAHARASHTRA,DEV100111,2155,,2026-07-12 18:25:28.953779,dbfs:/Volumes/dbacademy/default/myvolume/Project%20Sentinel/upi_transactions.csv,High Value Transaction
98b14cc8-8ff5-4fd8-a43b-113158910248,2026-06-29 06:17:31,SBI,ICICI,pr****80@oksbi,pr****07@icici,49459.0,P2P,SUCCESS,DELHI,DELHI,DEV100119,1804,,2026-07-12 18:25:28.953779,dbfs:/Volumes/dbacademy/default/myvolume/Project%20Sentinel/upi_transactions.csv,High Value Transaction
5fa4946e-0f3c-47a3-86f2-36da1feed94f,2026-06-25 15:42:31,HDFC,SBI,ka****00@okhdfc,di****22@oksbi,48373.0,MERCHANT,SUCCESS,DELHI,DELHI,DEV100113,429,,2026-07-12 18:25:28.953779,dbfs:/Volumes/dbacademy/default/myvolume/Project%20Sentinel/upi_transactions.csv,High Value Transaction
04aa083a-eab3-4eb2-b6e7-b4ae4b2d43ac,2026-07-07 07:36:20,HDFC,ICICI,ka****64@okhdfc,ri****07@icici,49951.0,RECHARGE,SUCCESS,HYDERABAD,TELANGANA,DEV100013,2777,,2026-07-12 18:25:28.953779,dbfs:/Volumes/dbacademy/default/myvolume/Project%20Sentinel/upi_transactions.csv,High Value Transaction
3c770c93-11fd-48d8-a9d2-fa8fe399b978,2026-06-13 08:22:10,SBI,ICICI,di****10@oksbi,si****41@icici,48506.0,BILL PAYMENT,SUCCESS,MUMBAI,MAHARASHTRA,DEV100111,251,,2026-07-12 18:25:28.953779,dbfs:/Volumes/dbacademy/default/myvolume/Project%20Sentinel/upi_transactions.csv,High Value Transaction
d4372900-dbf6-4868-b10f-ff5526ce8333,2026-06-30 17:49:35,SBI,HDFC,pr****22@oksbi,si****24@okhdfc,49125.0,P2P,SUCCESS,INDORE,MADHYA PRADESH,DEV100143,2015,,2026-07-12 18:25:28.953779,dbfs:/Volumes/dbacademy/default/myvolume/Project%20Sentinel/upi_transactions.csv,High Value Transaction
0d894fdd-b6d9-4e4f-8f50-31b676543fe6,2026-07-06 13:05:37,AXIS,HDFC,ha****33@axis,ka****83@okhdfc,49580.0,P2P,SUCCESS,HYDERABAD,TELANGANA,DEV100136,2924,,2026-07-12 18:25:28.953779,dbfs:/Volumes/dbacademy/default/myvolume/Project%20Sentinel/upi_transactions.csv,High Value Transaction
e8502511-8ba8-418b-8dbb-6f3e508491b1,2026-07-01 19:49:13,SBI,HDFC,sn****30@oksbi,pr****41@okhdfc,48596.0,RECHARGE,SUCCESS,PUNE,MAHARASHTRA,DEV100072,2720,,2026-07-12 18:25:28.953779,dbfs:/Volumes/dbacademy/default/myvolume/Project%20Sentinel/upi_transactions.csv,High Value Transaction
5b0e93aa-b1d8-4656-9348-3b94aadaf374,2026-07-02 17:15:21,AXIS,SBI,pr****95@axis,di****64@oksbi,48673.0,P2P,SUCCESS,JAIPUR,RAJASTHAN,DEV100142,1775,,2026-07-12 18:25:28.953779,dbfs:/Volumes/dbacademy/default/myvolume/Project%20Sentinel/upi_transactions.csv,High Value Transaction
0fb87f86-02a2-4851-bbbb-213ca09d344e,2026-06-23 20:30:58,SBI,AXIS,ha****17@oksbi,ka****09@axis,49422.0,MERCHANT,SUCCESS,HYDERABAD,TELANGANA,DEV100024,1625,,2026-07-12 18:25:28.953779,dbfs:/Volumes/dbacademy/default/myvolume/Project%20Sentinel/upi_transactions.csv,High Value Transaction
cc82d59b-8468-4172-bb00-7c955a14748c,2026-06-12 21:09:21,SBI,ICICI,ro****81@oksbi,ne****89@icici,49848.0,P2P,SUCCESS,PUNE,MAHARASHTRA,DEV100135,526,,2026-07-12 18:25:28.953779,dbfs:/Volumes/dbacademy/default/myvolume/Project%20Sentinel/upi_transactions.csv,High Value Transaction
1c382483-54bf-4fdd-99b2-a2b65f488adc,2026-06-30 23:44:51,HDFC,SBI,pr****85@okhdfc,ri****71@oksbi,49352.0,MERCHANT,SUCCESS,MUMBAI,MAHARASHTRA,DEV100052,1364,,2026-07-12 18:25:28.953779,dbfs:/Volumes/dbacademy/default/myvolume/Project%20Sentinel/upi_transactions.csv,High Value Transaction
48265887-aba4-467a-9332-b3a955565d23,2026-07-09 16:14:43,HDFC,ICICI,ne****18@okhdfc,ni****13@icici,48663.0,MERCHANT,SUCCESS,MUMBAI,MAHARASHTRA,DEV100098,272,,2026-07-12 18:25:28.953779,dbfs:/Volumes/dbacademy/default/myvolume/Project%20Sentinel/upi_transactions.csv,High Value Transaction
7252d2fc-1ac0-4e2c-ae4a-52f4df77c85b,2026-07-04 14:49:58,ICICI,HDFC,sn****53@icici,ma****60@okhdfc,49716.0,P2P,SUCCESS,HYDERABAD,TELANGANA,DEV100044,2489,,2026-07-12 18:25:28.953779,dbfs:/Volumes/dbacademy/default/myvolume/Project%20Sentinel/upi_transactions.csv,High Value Transaction
e975ca83-63af-4be9-8afc-bb192d7e701c,2026-06-26 11:13:45,HDFC,SBI,ka****51@okhdfc,ka****42@oksbi,49249.0,P2P,SUCCESS,DELHI,DELHI,DEV100103,2060,,2026-07-12 18:25:28.953779,dbfs:/Volumes/dbacademy/default/myvolume/Project%20Sentinel/upi_transactions.csv,High Value Transaction
652c09ef-8093-47af-8f51-71bf928e320c,2026-06-18 00:29:41,AXIS,HDFC,ka****82@axis,am****53@okhdfc,48156.0,BILL PAYMENT,SUCCESS,MUMBAI,MAHARASHTRA,DEV100112,2384,,2026-07-12 18:25:28.953779,dbfs:/Volumes/dbacademy/default/myvolume/Project%20Sentinel/upi_transactions.csv,High Value Transaction
e12851c1-672f-4896-becb-30082ab3993a,2026-07-03 20:23:04,SBI,AXIS,ma****36@oksbi,ne****28@axis,49999.0,P2P,SUCCESS,AHMEDABAD,GUJARAT,DEV100177,2316,,2026-07-12 18:25:28.953779,dbfs:/Volumes/dbacademy/default/myvolume/Project%20Sentinel/upi_transactions.csv,High Value Transaction
42451212-a0a5-40dd-9940-945ff853502a,2026-06-14 21:24:30,HDFC,ICICI,ar****90@okhdfc,ha****17@icici,49243.0,P2P,SUCCESS,PUNE,MAHARASHTRA,DEV100142,432,,2026-07-12 18:25:28.953779,dbfs:/Volumes/dbacademy/default/myvolume/Project%20Sentinel/upi_transactions.csv,High Value Transaction
e9e353cf-f99b-43ea-9ba0-1426397ec40a,2026-06-30 04:43:15,ICICI,SBI,ar****24@icici,po****53@oksbi,49196.0,MERCHANT,SUCCESS,AHMEDABAD,GUJARAT,DEV100132,1875,,2026-07-12 18:25:28.953779,dbfs:/Volumes/dbacademy/default/myvolume/Project%20Sentinel/upi_transactions.csv,High Value Transaction
503fc94b-62a8-4f22-9369-6993b5ba3c4b,2026-07-11 15:23:45,SBI,HDFC,ka****78@oksbi,ne****25@okhdfc,49293.0,BILL PAYMENT,SUCCESS,MUMBAI,MAHARASHTRA,DEV100177,1410,,2026-07-12 18:25:28.953779,dbfs:/Volumes/dbacademy/default/myvolume/Project%20Sentinel/upi_transactions.csv,High Value Transaction
85ca6fb4-aba2-45d1-9622-f633416221b6,2026-07-12 02:31:37,ICICI,AXIS,si****95@icici,ka****64@axis,49445.0,P2P,SUCCESS,MUMBAI,MAHARASHTRA,DEV100178,2326,,2026-07-12 18:25:28.953779,dbfs:/Volumes/dbacademy/default/myvolume/Project%20Sentinel/upi_transactions.csv,High Value Transaction
cc0f2527-d8b8-4bca-b843-529d75587065,2026-07-10 03:56:20,ICICI,HDFC,pr****07@icici,am****38@okhdfc,49811.0,P2P,SUCCESS,DELHI,DELHI,DEV100050,2504,,2026-07-12 18:25:28.953779,dbfs:/Volumes/dbacademy/default/myvolume/Project%20Sentinel/upi_transactions.csv,High Value Transaction
5581efbc-1e84-48cb-8139-1fd0909a3227,2026-07-11 03:21:31,HDFC,ICICI,po****11@okhdfc,ka****15@icici,48752.0,P2P,SUCCESS,AHMEDABAD,GUJARAT,DEV100107,2190,,2026-07-12 18:25:28.953779,dbfs:/Volumes/dbacademy/default/myvolume/Project%20Sentinel/upi_transactions.csv,High Value Transaction
4c4d2ca4-0eaf-497e-b758-0138672feac0,2026-07-09 13:33:55,HDFC,SBI,ni****63@okhdfc,si****75@oksbi,49318.0,P2P,SUCCESS,AHMEDABAD,GUJARAT,DEV100118,1530,,2026-07-12 18:25:28.953779,dbfs:/Volumes/dbacademy/default/myvolume/Project%20Sentinel/upi_transactions.csv,High Value Transaction
dec86a11-f1d8-42be-bdb4-74e12f696511,2026-06-27 17:04:09,ICICI,HDFC,di****00@icici,ka****09@okhdfc,48889.0,RECHARGE,SUCCESS,BANGALORE,KARNATAKA,DEV100143,2285,,2026-07-12 18:25:28.953779,dbfs:/Volumes/dbacademy/default/myvolume/Project%20Sentinel/upi_transactions.csv,High Value Transaction
9a4843bb-130e-4eef-b34d-7d2c5978242e,2026-06-26 21:09:42,HDFC,ICICI,pr****21@okhdfc,ni****38@icici,49130.0,P2P,SUCCESS,BANGALORE,KARNATAKA,DEV100084,2139,,2026-07-12 18:25:28.953779,dbfs:/Volumes/dbacademy/default/myvolume/Project%20Sentinel/upi_transactions.csv,High Value Transaction
14dd3da1-e219-45f8-a223-f1bd3bbc55fe,2026-07-08 13:41:48,HDFC,SBI,ha****72@okhdfc,ne****47@oksbi,49787.0,P2P,SUCCESS,BANGALORE,KARNATAKA,DEV100116,2676,,2026-07-12 18:25:28.953779,dbfs:/Volumes/dbacademy/default/myvolume/Project%20Sentinel/upi_transactions.csv,High Value Transaction
17069d3a-2ed1-4e84-bdc6-fb23f10b5d61,2026-06-29 08:39:54,ICICI,AXIS,pr****18@icici,ma****70@axis,48818.0,MERCHANT,SUCCESS,MUMBAI,MAHARASHTRA,DEV100050,1644,,2026-07-12 18:25:28.953779,dbfs:/Volumes/dbacademy/default/myvolume/Project%20Sentinel/upi_transactions.csv,High Value Transaction
c8f7985e-4025-4858-af87-92e6316bbea0,2026-07-07 22:35:30,SBI,AXIS,ne****61@oksbi,am****53@axis,48934.0,BILL PAYMENT,SUCCESS,BANGALORE,KARNATAKA,DEV100118,810,,2026-07-12 18:25:28.953779,dbfs:/Volumes/dbacademy/default/myvolume/Project%20Sentinel/upi_transactions.csv,High Value Transaction
f55a43da-fc71-45a7-a945-ed2c57113b6e,2026-07-11 10:05:40,AXIS,ICICI,pr****76@axis,vi****91@icici,49043.0,MERCHANT,SUCCESS,AHMEDABAD,GUJARAT,DEV100043,2364,,2026-07-12 18:25:28.953779,dbfs:/Volumes/dbacademy/default/myvolume/Project%20Sentinel/upi_transactions.csv,High Value Transaction
b979b789-b99e-4a86-9fd3-9bd4a6df2af6,2026-07-09 01:19:43,AXIS,SBI,ma****36@axis,ar****46@oksbi,49551.0,MERCHANT,SUCCESS,INDORE,MADHYA PRADESH,DEV100086,2359,,2026-07-12 18:25:28.953779,dbfs:/Volumes/dbacademy/default/myvolume/Project%20Sentinel/upi_transactions.csv,High Value Transaction
f1a711e1-3ad7-49ac-9356-1d65056e299a,2026-07-10 00:52:57,HDFC,AXIS,ri****25@okhdfc,pr****19@axis,48243.0,MERCHANT,SUCCESS,HYDERABAD,TELANGANA,DEV100069,2662,,2026-07-12 18:25:28.953779,dbfs:/Volumes/dbacademy/default/myvolume/Project%20Sentinel/upi_transactions.csv,High Value Transaction
e0acbc82-941e-45b7-b23b-0dce61b5f974,2026-06-29 20:03:42,AXIS,SBI,ni****23@axis,ka****22@oksbi,49093.0,RECHARGE,SUCCESS,BANGALORE,KARNATAKA,DEV100130,230,,2026-07-12 18:25:28.953779,dbfs:/Volumes/dbacademy/default/myvolume/Project%20Sentinel/upi_transactions.csv,High Value Transaction
0958e483-9948-4292-b44e-0a60f2b1fc10,2026-07-01 00:32:53,ICICI,AXIS,sn****56@icici,ka****71@axis,49809.0,P2P,SUCCESS,DELHI,DELHI,DEV100104,693,,2026-07-12 18:25:28.953779,dbfs:/Volumes/dbacademy/default/myvolume/Project%20Sentinel/upi_transactions.csv,High Value Transaction
2823485f-c41f-40b6-a4ae-09ec02570ca4,2026-06-28 06:56:00,AXIS,ICICI,pr****15@axis,ka****22@icici,48333.0,MERCHANT,SUCCESS,AHMEDABAD,GUJARAT,DEV100077,2395,,2026-07-12 18:25:28.953779,dbfs:/Volumes/dbacademy/default/myvolume/Project%20Sentinel/upi_transactions.csv,High Value Transaction
8cc8976e-db3b-4c5d-9501-bf657e86438e,2026-06-20 20:06:47,HDFC,SBI,am****90@okhdfc,pr****56@oksbi,48965.0,P2P,SUCCESS,INDORE,MADHYA PRADESH,DEV100016,1025,,2026-07-12 18:25:28.953779,dbfs:/Volumes/dbacademy/default/myvolume/Project%20Sentinel/upi_transactions.csv,High Value Transaction
e24019d4-e33b-4fb1-8ef3-fcac23d298f8,2026-06-26 06:49:35,HDFC,SBI,ni****39@okhdfc,ar****89@oksbi,48772.0,P2P,SUCCESS,JAIPUR,RAJASTHAN,DEV100088,1213,,2026-07-12 18:25:28.953779,dbfs:/Volumes/dbacademy/default/myvolume/Project%20Sentinel/upi_transactions.csv,High Value Transaction
b4a54152-08c3-4e03-818d-cb97a7da09f3,2026-06-25 15:46:13,AXIS,HDFC,ka****11@axis,ma****78@okhdfc,48354.0,P2P,SUCCESS,INDORE,MADHYA PRADESH,DEV100182,2589,,2026-07-12 18:25:28.953779,dbfs:/Volumes/dbacademy/default/myvolume/Project%20Sentinel/upi_transactions.csv,High Value Transaction
d4f7a87b-2f59-48ec-ba3a-98ebe10ab12a,2026-06-15 17:41:00,SBI,HDFC,di****77@oksbi,di****58@okhdfc,49797.0,P2P,SUCCESS,PUNE,MAHARASHTRA,DEV100066,2659,,2026-07-12 18:25:28.953779,dbfs:/Volumes/dbacademy/default/myvolume/Project%20Sentinel/upi_transactions.csv,High Value Transaction
fdad6242-89ec-4d15-9305-6021be2a8774,2026-06-28 18:58:21,HDFC,AXIS,si****47@okhdfc,ni****36@axis,48742.0,P2P,SUCCESS,INDORE,MADHYA PRADESH,DEV100126,1350,,2026-07-12 18:25:28.953779,dbfs:/Volumes/dbacademy/default/myvolume/Project%20Sentinel/upi_transactions.csv,High Value Transaction
30fcae5b-3f9e-486e-8018-4adbcd6c0740,2026-07-09 22:25:39,HDFC,AXIS,am****15@okhdfc,ra****22@axis,49967.0,P2P,SUCCESS,AHMEDABAD,GUJARAT,DEV100148,2389,,2026-07-12 18:25:28.953779,dbfs:/Volumes/dbacademy/default/myvolume/Project%20Sentinel/upi_transactions.csv,High Value Transaction
d293bb5a-d47f-4ca9-a434-e02b3cd4d05a,2026-06-27 08:05:19,ICICI,AXIS,po****60@icici,si****72@axis,49329.0,RECHARGE,SUCCESS,HYDERABAD,TELANGANA,DEV100159,1734,,2026-07-12 18:25:28.953779,dbfs:/Volumes/dbacademy/default/myvolume/Project%20Sentinel/upi_transactions.csv,High Value Transaction
870e4c6a-d4d4-47dc-a181-67e6decbab84,2026-07-08 17:26:41,AXIS,SBI,vi****46@axis,vi****72@oksbi,49350.0,MERCHANT,SUCCESS,JAIPUR,RAJASTHAN,DEV100024,318,,2026-07-12 18:25:28.953779,dbfs:/Volumes/dbacademy/default/myvolume/Project%20Sentinel/upi_transactions.csv,High Value Transaction
2230360e-9edc-40e6-ae63-c62651368e34,2026-07-11 08:10:45,SBI,ICICI,vi****08@oksbi,sn****25@icici,49199.0,BILL PAYMENT,SUCCESS,DELHI,DELHI,DEV100142,2862,,2026-07-12 18:25:28.953779,dbfs:/Volumes/dbacademy/default/myvolume/Project%20Sentinel/upi_transactions.csv,High Value Transaction
0fdc8926-70e7-4749-8094-438d4f83d88e,2026-06-14 06:45:20,ICICI,AXIS,pr****16@icici,ka****47@axis,49708.0,P2P,SUCCESS,AHMEDABAD,GUJARAT,DEV100159,1291,,2026-07-12 18:25:28.953779,dbfs:/Volumes/dbacademy/default/myvolume/Project%20Sentinel/upi_transactions.csv,High Value Transaction
dfd5333c-533e-461a-9dc1-7117f2525a5a,2026-07-01 23:07:08,ICICI,HDFC,ka****07@icici,ra****88@okhdfc,49107.0,P2P,SUCCESS,JAIPUR,RAJASTHAN,DEV100087,1455,,2026-07-12 18:25:28.953779,dbfs:/Volumes/dbacademy/default/myvolume/Project%20Sentinel/upi_transactions.csv,High Value Transaction
855bae5b-71b6-4222-98a5-1d17492abbec,2026-07-10 02:46:42,ICICI,HDFC,ri****28@icici,an****26@okhdfc,48130.0,RECHARGE,SUCCESS,HYDERABAD,TELANGANA,DEV100025,339,,2026-07-12 18:25:28.953779,dbfs:/Volumes/dbacademy/default/myvolume/Project%20Sentinel/upi_transactions.csv,High Value Transaction
babcbfa8-5a62-47c3-85bd-bd970d512750,2026-06-21 18:33:19,HDFC,ICICI,ka****64@okhdfc,pr****36@icici,49620.0,MERCHANT,SUCCESS,MUMBAI,MAHARASHTRA,DEV100007,2255,,2026-07-12 18:25:28.953779,dbfs:/Volumes/dbacademy/default/myvolume/Project%20Sentinel/upi_transactions.csv,High Value Transaction
f66bdb46-cf4c-4938-83d4-402649431729,2026-07-09 14:50:53,AXIS,HDFC,si****41@axis,ra****85@okhdfc,48307.0,BILL PAYMENT,SUCCESS,HYDERABAD,TELANGANA,DEV100150,2681,,2026-07-12 18:25:28.953779,dbfs:/Volumes/dbacademy/default/myvolume/Project%20Sentinel/upi_transactions.csv,High Value Transaction
43d11861-1457-4d9e-ac32-de67e5740056,2026-06-13 20:34:04,HDFC,AXIS,ra****64@okhdfc,ma****89@axis,49436.0,MERCHANT,SUCCESS,DELHI,DELHI,DEV100100,2495,,2026-07-12 18:25:28.953779,dbfs:/Volumes/dbacademy/default/myvolume/Project%20Sentinel/upi_transactions.csv,High Value Transaction
a3dba968-5c84-45b6-95cb-6e27c4ce45cf,2026-06-17 00:27:17,ICICI,AXIS,pr****66@icici,ar****26@axis,49897.0,P2P,SUCCESS,INDORE,MADHYA PRADESH,DEV100132,2862,,2026-07-12 18:25:28.953779,dbfs:/Volumes/dbacademy/default/myvolume/Project%20Sentinel/upi_transactions.csv,High Value Transaction
006d2085-acd0-483a-8291-df4061cad617,2026-06-16 22:13:57,HDFC,AXIS,am****91@okhdfc,ro****43@axis,48043.0,P2P,SUCCESS,HYDERABAD,TELANGANA,DEV100027,929,,2026-07-12 18:25:28.953779,dbfs:/Volumes/dbacademy/default/myvolume/Project%20Sentinel/upi_transactions.csv,High Value Transaction
55bbc4de-1521-40fd-8314-f4885298b25f,2026-06-18 02:06:31,ICICI,AXIS,po****91@icici,ra****46@axis,48486.0,MERCHANT,SUCCESS,MUMBAI,MAHARASHTRA,DEV100140,1703,,2026-07-12 18:25:28.953779,dbfs:/Volumes/dbacademy/default/myvolume/Project%20Sentinel/upi_transactions.csv,High Value Transaction
0dc74a5a-cf21-46e5-9a7c-4e18134f1e79,2026-07-09 19:34:09,HDFC,AXIS,ne****29@okhdfc,ra****59@axis,49139.0,MERCHANT,SUCCESS,DELHI,DELHI,DEV100185,1783,,2026-07-12 18:25:28.953779,dbfs:/Volumes/dbacademy/default/myvolume/Project%20Sentinel/upi_transactions.csv,High Value Transaction
521bf117-51d8-4f83-aedf-a8373930e45e,2026-07-08 17:31:12,SBI,ICICI,po****27@oksbi,ra****60@icici,48855.0,P2P,SUCCESS,INDORE,MADHYA PRADESH,DEV100102,2735,,2026-07-12 18:25:28.953779,dbfs:/Volumes/dbacademy/default/myvolume/Project%20Sentinel/upi_transactions.csv,High Value Transaction
23beaeb5-166f-478d-8d94-31da87598a9f,2026-07-03 23:11:39,SBI,AXIS,ka****37@oksbi,di****94@axis,48201.0,P2P,SUCCESS,AHMEDABAD,GUJARAT,DEV100037,1465,,2026-07-12 18:25:28.953779,dbfs:/Volumes/dbacademy/default/myvolume/Project%20Sentinel/upi_transactions.csv,High Value Transaction
9eea0c75-b8f2-4812-9867-ae6cc3f8ea6f,2026-07-03 12:04:02,ICICI,AXIS,vi****99@icici,ra****10@axis,49510.0,P2P,SUCCESS,MUMBAI,MAHARASHTRA,DEV100106,203,,2026-07-12 18:25:28.953779,dbfs:/Volumes/dbacademy/default/myvolume/Project%20Sentinel/upi_transactions.csv,High Value Transaction
8812f2cf-174c-446b-8847-6c6d91a7c671,2026-07-05 23:16:54,SBI,AXIS,si****29@oksbi,ka****04@axis,48658.0,P2P,SUCCESS,JAIPUR,RAJASTHAN,DEV100003,1385,,2026-07-12 18:25:28.953779,dbfs:/Volumes/dbacademy/default/myvolume/Project%20Sentinel/upi_transactions.csv,High Value Transaction
dd90ed02-721e-440c-9913-bd36435c82ca,2026-07-05 21:46:41,AXIS,ICICI,ro****39@axis,pr****59@icici,49513.0,P2P,SUCCESS,MUMBAI,MAHARASHTRA,DEV100178,2434,,2026-07-12 18:25:28.953779,dbfs:/Volumes/dbacademy/default/myvolume/Project%20Sentinel/upi_transactions.csv,High Value Transaction
b963fac0-5b97-40b8-88ea-c037ea7089d9,2026-06-23 18:16:09,ICICI,AXIS,ro****44@icici,vi****90@axis,48341.0,MERCHANT,SUCCESS,MUMBAI,MAHARASHTRA,DEV100173,1256,,2026-07-12 18:25:28.953779,dbfs:/Volumes/dbacademy/default/myvolume/Project%20Sentinel/upi_transactions.csv,High Value Transaction
7e967719-6c4f-45e3-a816-5e4b146408d1,2026-06-27 20:27:22,HDFC,AXIS,vi****00@okhdfc,ne****44@axis,48023.0,BILL PAYMENT,SUCCESS,INDORE,MADHYA PRADESH,DEV100192,825,,2026-07-12 18:25:28.953779,dbfs:/Volumes/dbacademy/default/myvolume/Project%20Sentinel/upi_transactions.csv,High Value Transaction
d940146b-494f-4708-9118-f6fced42fa1e,2026-06-19 12:08:13,HDFC,ICICI,ar****71@okhdfc,si****68@icici,48608.0,RECHARGE,SUCCESS,HYDERABAD,TELANGANA,DEV100090,2212,,2026-07-12 18:25:28.953779,dbfs:/Volumes/dbacademy/default/myvolume/Project%20Sentinel/upi_transactions.csv,High Value Transaction
36f27de6-fcb4-496b-89b0-19f5a2f72198,2026-06-24 08:44:02,HDFC,AXIS,ma****02@okhdfc,ra****58@axis,48942.0,RECHARGE,SUCCESS,MUMBAI,MAHARASHTRA,DEV100129,2720,,2026-07-12 18:25:28.953779,dbfs:/Volumes/dbacademy/default/myvolume/Project%20Sentinel/upi_transactions.csv,High Value Transaction
3d15dd64-22de-4498-a1a5-9bfea41d94fa,2026-07-05 23:16:58,SBI,HDFC,po****03@oksbi,di****53@okhdfc,48443.0,P2P,SUCCESS,INDORE,MADHYA PRADESH,DEV100047,1692,,2026-07-12 18:25:28.953779,dbfs:/Volumes/dbacademy/default/myvolume/Project%20Sentinel/upi_transactions.csv,High Value Transaction
f55fc421-7d8a-4535-83b6-57ee50ad3883,2026-06-21 08:07:35,ICICI,HDFC,si****88@icici,ra****20@okhdfc,49953.0,P2P,SUCCESS,AHMEDABAD,GUJARAT,DEV100169,581,,2026-07-12 18:25:28.953779,dbfs:/Volumes/dbacademy/default/myvolume/Project%20Sentinel/upi_transactions.csv,High Value Transaction
cdc50a73-351e-410d-bf76-55b2be0b9940,2026-07-04 01:06:50,ICICI,SBI,di****87@icici,vi****33@oksbi,49353.0,BILL PAYMENT,SUCCESS,AHMEDABAD,GUJARAT,DEV100174,1675,,2026-07-12 18:25:28.953779,dbfs:/Volumes/dbacademy/default/myvolume/Project%20Sentinel/upi_transactions.csv,High Value Transaction
c0413a7a-7854-4bd7-b627-203ba5ad999e,2026-06-19 03:54:09,ICICI,HDFC,ka****68@icici,ro****25@okhdfc,48567.0,P2P,SUCCESS,PUNE,MAHARASHTRA,DEV100007,2678,,2026-07-12 18:25:28.953779,dbfs:/Volumes/dbacademy/default/myvolume/Project%20Sentinel/upi_transactions.csv,High Value Transaction
60515658-2dc9-4798-89e3-78bb92eb35f5,2026-07-01 10:04:08,SBI,ICICI,ma****99@oksbi,ra****55@icici,49509.0,BILL PAYMENT,SUCCESS,HYDERABAD,TELANGANA,DEV100105,2651,,2026-07-12 18:25:28.953779,dbfs:/Volumes/dbacademy/default/myvolume/Project%20Sentinel/upi_transactions.csv,High Value Transaction
a475f9d7-4e1e-4a5e-a926-18f8a519b7d9,2026-06-30 02:26:36,AXIS,HDFC,ri****66@axis,di****88@okhdfc,49777.0,MERCHANT,SUCCESS,PUNE,MAHARASHTRA,DEV100152,2470,,2026-07-12 18:25:28.953779,dbfs:/Volumes/dbacademy/default/myvolume/Project%20Sentinel/upi_transactions.csv,High Value Transaction
03ace5cf-7610-46da-b812-49a00ee54b58,2026-07-05 23:08:59,SBI,AXIS,ma****11@oksbi,ar****90@axis,49545.0,BILL PAYMENT,SUCCESS,MUMBAI,MAHARASHTRA,DEV100087,1025,,2026-07-12 18:25:28.953779,dbfs:/Volumes/dbacademy/default/myvolume/Project%20Sentinel/upi_transactions.csv,High Value Transaction
5a83ad51-7478-4d11-901a-0745cff86580,2026-07-09 21:20:03,ICICI,HDFC,ne****75@icici,an****66@okhdfc,49306.0,P2P,SUCCESS,INDORE,MADHYA PRADESH,DEV100020,2938,,2026-07-12 18:25:28.953779,dbfs:/Volumes/dbacademy/default/myvolume/Project%20Sentinel/upi_transactions.csv,High Value Transaction
3e1c91f9-36e6-4f3c-94b9-43594d536858,2026-06-27 07:52:44,HDFC,SBI,po****86@okhdfc,an****39@oksbi,48631.0,P2P,SUCCESS,DELHI,DELHI,DEV100034,1796,,2026-07-12 18:25:28.953779,dbfs:/Volumes/dbacademy/default/myvolume/Project%20Sentinel/upi_transactions.csv,High Value Transaction
aef613bd-58e4-4006-8f9a-9ac312b708fe,2026-06-22 23:26:44,HDFC,AXIS,pr****64@okhdfc,ro****10@axis,49155.0,P2P,SUCCESS,INDORE,MADHYA PRADESH,DEV100067,2452,,2026-07-12 18:25:28.953779,dbfs:/Volumes/dbacademy/default/myvolume/Project%20Sentinel/upi_transactions.csv,High Value Transaction
3ada2004-f620-46a9-8233-b41b31a2087d,2026-07-11 20:48:34,HDFC,SBI,di****25@okhdfc,ra****89@oksbi,49073.0,P2P,SUCCESS,MUMBAI,MAHARASHTRA,DEV100026,1742,,2026-07-12 18:25:28.953779,dbfs:/Volumes/dbacademy/default/myvolume/Project%20Sentinel/upi_transactions.csv,High Value Transaction
2fb83048-d599-4c1e-9bc7-6b02cea196ea,2026-07-10 13:09:21,HDFC,SBI,an****57@okhdfc,ka****61@oksbi,49510.0,P2P,SUCCESS,AHMEDABAD,GUJARAT,DEV100189,198,,2026-07-12 18:25:28.953779,dbfs:/Volumes/dbacademy/default/myvolume/Project%20Sentinel/upi_transactions.csv,High Value Transaction
fbe4ea34-3c7f-457f-9e39-db1e023d7bb8,2026-06-30 20:04:36,SBI,HDFC,ro****55@oksbi,ra****58@okhdfc,49096.0,P2P,SUCCESS,DELHI,DELHI,DEV100061,2871,,2026-07-12 18:25:28.953779,dbfs:/Volumes/dbacademy/default/myvolume/Project%20Sentinel/upi_transactions.csv,High Value Transaction
fa877554-9751-4471-9606-275312b61781,2026-06-24 02:29:54,HDFC,ICICI,di****25@okhdfc,ra****58@icici,48858.0,RECHARGE,SUCCESS,JAIPUR,RAJASTHAN,DEV100125,270,,2026-07-12 18:25:28.953779,dbfs:/Volumes/dbacademy/default/myvolume/Project%20Sentinel/upi_transactions.csv,High Value Transaction
53a2191f-d612-4f0a-955f-bcf6fcc9b66f,2026-06-30 03:53:51,SBI,HDFC,sn****08@oksbi,ne****84@okhdfc,48919.0,P2P,SUCCESS,DELHI,DELHI,DEV100053,291,,2026-07-12 18:25:28.953779,dbfs:/Volumes/dbacademy/default/myvolume/Project%20Sentinel/upi_transactions.csv,High Value Transaction
e172956b-2336-49d3-9300-59d18060d3d8,2026-06-22 14:13:51,SBI,HDFC,ro****97@oksbi,sn****76@okhdfc,49250.0,P2P,SUCCESS,INDORE,MADHYA PRADESH,DEV100043,1783,,2026-07-12 18:25:28.953779,dbfs:/Volumes/dbacademy/default/myvolume/Project%20Sentinel/upi_transactions.csv,High Value Transaction
c8fd517a-a76a-43a8-8e46-5e3c81a6c627,2026-07-01 00:32:14,AXIS,HDFC,ha****36@axis,am****91@okhdfc,48658.0,BILL PAYMENT,SUCCESS,JAIPUR,RAJASTHAN,DEV100105,967,,2026-07-12 18:25:28.953779,dbfs:/Volumes/dbacademy/default/myvolume/Project%20Sentinel/upi_transactions.csv,High Value Transaction
d25759eb-4d96-4787-ae85-502a2748f71f,2026-06-29 07:17:45,ICICI,SBI,po****27@icici,di****97@oksbi,49627.0,RECHARGE,SUCCESS,INDORE,MADHYA PRADESH,DEV100178,2491,,2026-07-12 18:25:28.953779,dbfs:/Volumes/dbacademy/default/myvolume/Project%20Sentinel/upi_transactions.csv,High Value Transaction
3df89664-c94c-4d55-9761-f29328126c82,2026-07-11 23:14:39,HDFC,SBI,an****07@okhdfc,ri****38@oksbi,48582.0,RECHARGE,SUCCESS,DELHI,DELHI,DEV100176,2597,,2026-07-12 18:25:28.953779,dbfs:/Volumes/dbacademy/default/myvolume/Project%20Sentinel/upi_transactions.csv,High Value Transaction
b2cdfe35-7fa4-433c-9036-b5ad660d2df6,2026-07-07 08:45:08,SBI,ICICI,ne****05@oksbi,sn****52@icici,49540.0,P2P,SUCCESS,JAIPUR,RAJASTHAN,DEV100140,1829,,2026-07-12 18:25:28.953779,dbfs:/Volumes/dbacademy/default/myvolume/Project%20Sentinel/upi_transactions.csv,High Value Transaction
fa109125-4fc2-405a-b6ae-260d8428622a,2026-06-21 16:38:56,HDFC,AXIS,ra****22@okhdfc,ha****99@axis,49667.0,RECHARGE,SUCCESS,DELHI,DELHI,DEV100165,1233,,2026-07-12 18:25:28.953779,dbfs:/Volumes/dbacademy/default/myvolume/Project%20Sentinel/upi_transactions.csv,High Value Transaction
1f540a58-4f33-4a4c-86ff-f73d05cbb7b3,2026-06-26 16:34:28,SBI,ICICI,ma****36@oksbi,ri****66@icici,48753.0,RECHARGE,SUCCESS,BANGALORE,KARNATAKA,DEV100157,154,,2026-07-12 18:25:28.953779,dbfs:/Volumes/dbacademy/default/myvolume/Project%20Sentinel/upi_transactions.csv,High Value Transaction
3c11a27c-b040-42c9-afc0-05052b17ff9e,2026-06-29 06:07:40,SBI,AXIS,ma****83@oksbi,vi****17@axis,49974.0,P2P,SUCCESS,AHMEDABAD,GUJARAT,DEV100059,1986,,2026-07-12 18:25:28.953779,dbfs:/Volumes/dbacademy/default/myvolume/Project%20Sentinel/upi_transactions.csv,High Value Transaction
c76d0ac3-f6ad-418a-96f8-bb37de065004,2026-07-07 14:31:46,SBI,HDFC,ar****50@oksbi,ka****41@okhdfc,49603.0,RECHARGE,SUCCESS,BANGALORE,KARNATAKA,DEV100100,2850,,2026-07-12 18:25:28.953779,dbfs:/Volumes/dbacademy/default/myvolume/Project%20Sentinel/upi_transactions.csv,High Value Transaction
302d3ae3-7225-4138-87e2-e58229ec4925,2026-07-05 10:49:37,HDFC,AXIS,ha****93@okhdfc,ar****02@axis,48255.0,P2P,SUCCESS,MUMBAI,MAHARASHTRA,DEV100140,1416,,2026-07-12 18:25:28.953779,dbfs:/Volumes/dbacademy/default/myvolume/Project%20Sentinel/upi_transactions.csv,High Value Transaction
3c5753ba-2b60-47ce-bdde-cbab62f2dfa6,2026-06-29 17:37:18,SBI,ICICI,di****91@oksbi,ro****62@icici,48510.0,BILL PAYMENT,SUCCESS,MUMBAI,MAHARASHTRA,DEV100072,1123,,2026-07-12 18:25:28.953779,dbfs:/Volumes/dbacademy/default/myvolume/Project%20Sentinel/upi_transactions.csv,High Value Transaction
ffa7b780-e70f-4d29-80f9-fb0428ad428f,2026-06-27 18:01:12,AXIS,SBI,ra****94@axis,ri****78@oksbi,49218.0,P2P,SUCCESS,DELHI,DELHI,DEV100117,2443,,2026-07-12 18:25:28.953779,dbfs:/Volumes/dbacademy/default/myvolume/Project%20Sentinel/upi_transactions.csv,High Value Transaction
7475a186-e0dd-41ba-ac22-0f3bd9728559,2026-06-16 23:27:23,HDFC,AXIS,sn****33@okhdfc,ka****76@axis,49004.0,P2P,SUCCESS,AHMEDABAD,GUJARAT,DEV100115,1456,,2026-07-12 18:25:28.953779,dbfs:/Volumes/dbacademy/default/myvolume/Project%20Sentinel/upi_transactions.csv,High Value Transaction
2499b414-771e-4521-8be9-9af98496f247,2026-07-09 07:07:24,HDFC,SBI,ne****37@okhdfc,po****55@oksbi,49068.0,RECHARGE,SUCCESS,PUNE,MAHARASHTRA,DEV100124,608,,2026-07-12 18:25:28.953779,dbfs:/Volumes/dbacademy/default/myvolume/Project%20Sentinel/upi_transactions.csv,High Value Transaction
2fe69841-f7cb-4ad6-a949-d59b157a86ce,2026-06-30 06:46:44,SBI,AXIS,vi****78@oksbi,ka****58@axis,48271.0,MERCHANT,SUCCESS,INDORE,MADHYA PRADESH,DEV100013,2107,,2026-07-12 18:25:28.953779,dbfs:/Volumes/dbacademy/default/myvolume/Project%20Sentinel/upi_transactions.csv,High Value Transaction
fbaefefa-ce84-405a-9df9-3b4b437f9de3,2026-07-10 22:48:54,ICICI,SBI,ha****36@icici,ma****34@oksbi,48059.0,P2P,SUCCESS,AHMEDABAD,GUJARAT,DEV100157,1599,,2026-07-12 18:25:28.953779,dbfs:/Volumes/dbacademy/default/myvolume/Project%20Sentinel/upi_transactions.csv,High Value Transaction
2f079827-0197-4483-adbc-358ddbddbf3a,2026-06-12 18:39:26,AXIS,ICICI,ro****67@axis,ar****60@icici,48236.0,RECHARGE,SUCCESS,BANGALORE,KARNATAKA,DEV100053,2918,,2026-07-12 18:25:28.953779,dbfs:/Volumes/dbacademy/default/myvolume/Project%20Sentinel/upi_transactions.csv,High Value Transaction
598f968a-dd3b-49f0-907e-540762784b84,2026-07-04 07:03:55,ICICI,HDFC,ar****77@icici,vi****73@okhdfc,48520.0,BILL PAYMENT,SUCCESS,INDORE,MADHYA PRADESH,DEV100115,2302,,2026-07-12 18:25:28.953779,dbfs:/Volumes/dbacademy/default/myvolume/Project%20Sentinel/upi_transactions.csv,High Value Transaction
3f8b5a55-45d2-4235-a63e-e4546fe31a3c,2026-06-16 20:12:36,HDFC,SBI,ka****72@okhdfc,ha****07@oksbi,49220.0,BILL PAYMENT,SUCCESS,BANGALORE,KARNATAKA,DEV100179,1654,,2026-07-12 18:25:28.953779,dbfs:/Volumes/dbacademy/default/myvolume/Project%20Sentinel/upi_transactions.csv,High Value Transaction
3d4d58d3-ec6d-4603-9c72-c033240bba60,2026-06-26 06:37:49,ICICI,AXIS,ni****03@icici,ni****18@axis,48650.0,P2P,SUCCESS,INDORE,MADHYA PRADESH,DEV100175,997,,2026-07-12 18:25:28.953779,dbfs:/Volumes/dbacademy/default/myvolume/Project%20Sentinel/upi_transactions.csv,High Value Transaction
73884366-f589-45cf-9f1d-b6a11266ba37,2026-07-04 08:27:59,AXIS,HDFC,vi****01@axis,po****94@okhdfc,48302.0,P2P,SUCCESS,DELHI,DELHI,DEV100158,679,,2026-07-12 18:25:28.953779,dbfs:/Volumes/dbacademy/default/myvolume/Project%20Sentinel/upi_transactions.csv,High Value Transaction
ee7a37df-e859-4e8b-bbd9-9a5d5145f6e1,2026-06-27 13:50:50,SBI,HDFC,am****80@oksbi,po****96@okhdfc,48913.0,P2P,SUCCESS,BANGALORE,KARNATAKA,DEV100192,1931,,2026-07-12 18:25:28.953779,dbfs:/Volumes/dbacademy/default/myvolume/Project%20Sentinel/upi_transactions.csv,High Value Transaction
46d3455f-9646-4daa-85a4-83d7fc801a6b,2026-07-02 20:21:40,HDFC,AXIS,pr****87@okhdfc,pr****60@axis,49720.0,P2P,SUCCESS,AHMEDABAD,GUJARAT,DEV100180,1832,,2026-07-12 18:25:28.953779,dbfs:/Volumes/dbacademy/default/myvolume/Project%20Sentinel/upi_transactions.csv,High Value Transaction
89407988-6835-4447-9c31-0689f97623f2,2026-06-27 01:12:23,SBI,AXIS,sn****44@oksbi,pr****95@axis,49464.0,BILL PAYMENT,SUCCESS,DELHI,DELHI,DEV100078,2570,,2026-07-12 18:25:28.953779,dbfs:/Volumes/dbacademy/default/myvolume/Project%20Sentinel/upi_transactions.csv,High Value Transaction
a708df7e-49b2-425f-b2e8-885add2268b8,2026-06-13 13:37:27,SBI,HDFC,ni****08@oksbi,pr****02@okhdfc,48064.0,MERCHANT,SUCCESS,DELHI,DELHI,DEV100084,2352,,2026-07-12 18:25:28.953779,dbfs:/Volumes/dbacademy/default/myvolume/Project%20Sentinel/upi_transactions.csv,High Value Transaction
a289b991-754a-4a88-b00e-57f8afb595f7,2026-06-14 03:35:08,ICICI,HDFC,si****38@icici,ar****99@okhdfc,48241.0,P2P,SUCCESS,INDORE,MADHYA PRADESH,DEV100147,1508,,2026-07-12 18:25:28.953779,dbfs:/Volumes/dbacademy/default/myvolume/Project%20Sentinel/upi_transactions.csv,High Value Transaction
af9013ca-a870-4b0d-8b75-38d4f91173c4,2026-07-05 01:43:18,ICICI,HDFC,an****43@icici,ar****10@okhdfc,48878.0,P2P,SUCCESS,MUMBAI,MAHARASHTRA,DEV100104,316,,2026-07-12 18:25:28.953779,dbfs:/Volumes/dbacademy/default/myvolume/Project%20Sentinel/upi_transactions.csv,High Value Transaction
3e41a667-6a2a-44e5-8bdc-80f1803c282a,2026-06-28 00:01:59,SBI,AXIS,ri****76@oksbi,am****03@axis,49778.0,P2P,SUCCESS,MUMBAI,MAHARASHTRA,DEV100032,871,,2026-07-12 18:25:28.953779,dbfs:/Volumes/dbacademy/default/myvolume/Project%20Sentinel/upi_transactions.csv,High Value Transaction
c9c72813-c893-4f52-bbf4-5f9c07521034,2026-07-05 23:51:43,HDFC,ICICI,vi****25@okhdfc,pr****96@icici,48936.0,P2P,SUCCESS,MUMBAI,MAHARASHTRA,DEV100018,2068,,2026-07-12 18:25:28.953779,dbfs:/Volumes/dbacademy/default/myvolume/Project%20Sentinel/upi_transactions.csv,High Value Transaction
b67ee9f0-2b1e-4267-b6cd-f8a2ebb8e405,2026-07-07 21:47:02,HDFC,ICICI,pr****96@okhdfc,ha****84@icici,48748.0,MERCHANT,SUCCESS,DELHI,DELHI,DEV100035,823,,2026-07-12 18:25:28.953779,dbfs:/Volumes/dbacademy/default/myvolume/Project%20Sentinel/upi_transactions.csv,High Value Transaction
7fc6ac95-5730-4c11-b69d-0daf2eb9bc6d,2026-06-24 12:49:41,AXIS,HDFC,di****82@axis,pr****35@okhdfc,48096.0,MERCHANT,SUCCESS,MUMBAI,MAHARASHTRA,DEV100076,2293,,2026-07-12 18:25:28.953779,dbfs:/Volumes/dbacademy/default/myvolume/Project%20Sentinel/upi_transactions.csv,High Value Transaction
a01dd946-50fc-4bc0-8a2c-f3fb137b80c6,2026-07-09 01:45:04,ICICI,SBI,ri****05@icici,ka****37@oksbi,49075.0,P2P,SUCCESS,HYDERABAD,TELANGANA,DEV100021,2182,,2026-07-12 18:25:28.953779,dbfs:/Volumes/dbacademy/default/myvolume/Project%20Sentinel/upi_transactions.csv,High Value Transaction
870d29ab-5658-4427-b95d-468ae080f9c8,2026-07-07 03:22:37,SBI,HDFC,si****36@oksbi,ro****56@okhdfc,48151.0,MERCHANT,SUCCESS,DELHI,DELHI,DEV100085,1935,,2026-07-12 18:25:28.953779,dbfs:/Volumes/dbacademy/default/myvolume/Project%20Sentinel/upi_transactions.csv,High Value Transaction
ab4d25bd-c29d-4050-84a8-fe98ae081a1b,2026-07-05 03:03:54,AXIS,ICICI,ri****97@axis,si****81@icici,49372.0,P2P,FAILED,BANGALORE,KARNATAKA,DEV100093,742,Bank Server Down,2026-07-12 18:25:28.953779,dbfs:/Volumes/dbacademy/default/myvolume/Project%20Sentinel/upi_transactions.csv,High Value Transaction
59635a8a-fcb0-4c8c-9a15-f6a0efc58521,2026-07-10 01:47:10,ICICI,SBI,ni****19@icici,ne****19@oksbi,49758.0,P2P,SUCCESS,DELHI,DELHI,DEV100197,392,,2026-07-12 18:25:28.953779,dbfs:/Volumes/dbacademy/default/myvolume/Project%20Sentinel/upi_transactions.csv,High Value Transaction
f76b2106-980d-4358-adab-fd71dea3c13d,2026-07-04 05:10:53,SBI,AXIS,an****95@oksbi,po****32@axis,48942.0,P2P,SUCCESS,DELHI,DELHI,DEV100171,2212,,2026-07-12 18:25:28.953779,dbfs:/Volumes/dbacademy/default/myvolume/Project%20Sentinel/upi_transactions.csv,High Value Transaction
a1a51272-bbe9-4188-bf12-4206bc58c15e,2026-06-21 05:27:34,AXIS,ICICI,di****38@axis,vi****43@icici,49296.0,RECHARGE,SUCCESS,PUNE,MAHARASHTRA,DEV100199,1371,,2026-07-12 18:25:28.953779,dbfs:/Volumes/dbacademy/default/myvolume/Project%20Sentinel/upi_transactions.csv,High Value Transaction
339d8e1d-cc6b-413c-bba0-fef2029d7039,2026-07-01 06:41:45,HDFC,AXIS,ri****12@okhdfc,am****75@axis,49398.0,P2P,SUCCESS,PUNE,MAHARASHTRA,DEV100151,126,,2026-07-12 18:25:28.953779,dbfs:/Volumes/dbacademy/default/myvolume/Project%20Sentinel/upi_transactions.csv,High Value Transaction
f733a8b1-9d69-4125-beeb-2dde208badbb,2026-07-11 10:08:46,HDFC,SBI,ri****25@okhdfc,an****87@oksbi,49011.0,P2P,SUCCESS,INDORE,MADHYA PRADESH,DEV100193,877,,2026-07-12 18:25:28.953779,dbfs:/Volumes/dbacademy/default/myvolume/Project%20Sentinel/upi_transactions.csv,High Value Transaction
90cd470b-ce81-4707-ae96-3af09557c04d,2026-06-26 01:32:19,ICICI,AXIS,ne****73@icici,di****86@axis,48922.0,P2P,SUCCESS,PUNE,MAHARASHTRA,DEV100113,1997,,2026-07-12 18:25:28.953779,dbfs:/Volumes/dbacademy/default/myvolume/Project%20Sentinel/upi_transactions.csv,High Value Transaction
cea8e4e1-b6cd-4923-8880-d3b5181326ae,2026-06-15 06:07:16,ICICI,HDFC,po****37@icici,ar****98@okhdfc,48131.0,P2P,SUCCESS,HYDERABAD,TELANGANA,DEV100016,714,,2026-07-12 18:25:28.953779,dbfs:/Volumes/dbacademy/default/myvolume/Project%20Sentinel/upi_transactions.csv,High Value Transaction
d5c9c1f9-fdc2-456d-9149-eab159e200fe,2026-06-30 14:29:21,HDFC,AXIS,an****57@okhdfc,si****50@axis,49124.0,P2P,SUCCESS,JAIPUR,RAJASTHAN,DEV100194,554,,2026-07-12 18:25:28.953779,dbfs:/Volumes/dbacademy/default/myvolume/Project%20Sentinel/upi_transactions.csv,High Value Transaction
cb8d39f6-4f25-4fd7-ab85-3c86d5273f9a,2026-06-24 13:19:39,ICICI,AXIS,pr****45@icici,an****92@axis,49730.0,P2P,SUCCESS,MUMBAI,MAHARASHTRA,DEV100109,238,,2026-07-12 18:25:28.953779,dbfs:/Volumes/dbacademy/default/myvolume/Project%20Sentinel/upi_transactions.csv,High Value Transaction
3c2acd31-362b-4153-b891-c74f6e5fca33,2026-06-26 09:27:30,ICICI,AXIS,ri****28@icici,ka****84@axis,48931.0,P2P,SUCCESS,PUNE,MAHARASHTRA,DEV100048,283,,2026-07-12 18:25:28.953779,dbfs:/Volumes/dbacademy/default/myvolume/Project%20Sentinel/upi_transactions.csv,High Value Transaction
7156d11c-50f1-473e-aa76-32576cd7fe79,2026-06-20 05:49:12,HDFC,SBI,ma****55@okhdfc,ro****49@oksbi,48023.0,P2P,SUCCESS,PUNE,MAHARASHTRA,DEV100108,2368,,2026-07-12 18:25:28.953779,dbfs:/Volumes/dbacademy/default/myvolume/Project%20Sentinel/upi_transactions.csv,High Value Transaction
4b98b3db-f3ea-451b-a59f-9942800c827b,2026-06-18 21:23:22,ICICI,SBI,ra****12@icici,ni****48@oksbi,49890.0,MERCHANT,SUCCESS,INDORE,MADHYA PRADESH,DEV100180,1460,,2026-07-12 18:25:28.953779,dbfs:/Volumes/dbacademy/default/myvolume/Project%20Sentinel/upi_transactions.csv,High Value Transaction
f515c7f0-1c9e-408d-94bc-b73be668c4be,2026-07-02 20:02:25,ICICI,AXIS,vi****53@icici,am****48@axis,49482.0,RECHARGE,SUCCESS,HYDERABAD,TELANGANA,DEV100126,1863,,2026-07-12 18:25:28.953779,dbfs:/Volumes/dbacademy/default/myvolume/Project%20Sentinel/upi_transactions.csv,High Value Transaction
75a7fe77-5fde-4b9f-827d-ddc44981c409,2026-07-03 07:00:16,ICICI,SBI,ka****78@icici,ni****04@oksbi,49283.0,P2P,SUCCESS,MUMBAI,MAHARASHTRA,DEV100135,2885,,2026-07-12 18:25:28.953779,dbfs:/Volumes/dbacademy/default/myvolume/Project%20Sentinel/upi_transactions.csv,High Value Transaction
da1d2367-2b38-4b2f-9d05-6cc077dcfc71,2026-06-29 18:49:16,ICICI,HDFC,ni****29@icici,ri****46@okhdfc,49371.0,RECHARGE,SUCCESS,DELHI,DELHI,DEV100175,1628,,2026-07-12 18:25:28.953779,dbfs:/Volumes/dbacademy/default/myvolume/Project%20Sentinel/upi_transactions.csv,High Value Transaction
dd832ca9-c857-4a76-b60f-38857381f93c,2026-06-27 21:19:24,SBI,AXIS,ka****98@oksbi,ro****44@axis,49930.0,P2P,SUCCESS,HYDERABAD,TELANGANA,DEV100119,1139,,2026-07-12 18:25:28.953779,dbfs:/Volumes/dbacademy/default/myvolume/Project%20Sentinel/upi_transactions.csv,High Value Transaction
f40c625f-70c4-48d3-93f8-384f9f3a827b,2026-07-08 22:08:11,HDFC,AXIS,ro****19@okhdfc,ka****61@axis,49892.0,P2P,SUCCESS,AHMEDABAD,GUJARAT,DEV100059,2618,,2026-07-12 18:25:28.953779,dbfs:/Volumes/dbacademy/default/myvolume/Project%20Sentinel/upi_transactions.csv,High Value Transaction
659a3dbc-f7df-4f1e-8649-6a21296375dd,2026-07-07 07:23:28,HDFC,SBI,pr****38@okhdfc,ma****25@oksbi,49927.0,MERCHANT,SUCCESS,AHMEDABAD,GUJARAT,DEV100134,607,,2026-07-12 18:25:28.953779,dbfs:/Volumes/dbacademy/default/myvolume/Project%20Sentinel/upi_transactions.csv,High Value Transaction
a100a7c7-5285-444f-9d52-6a8d78a0eb5b,2026-07-03 10:07:09,HDFC,ICICI,ne****84@okhdfc,ka****21@icici,49253.0,MERCHANT,SUCCESS,PUNE,MAHARASHTRA,DEV100044,2099,,2026-07-12 18:25:28.953779,dbfs:/Volumes/dbacademy/default/myvolume/Project%20Sentinel/upi_transactions.csv,High Value Transaction
7ccd4b16-98d4-438f-a635-2c0a0a4c5ae8,2026-06-25 09:02:14,ICICI,AXIS,ro****19@icici,ri****28@axis,49002.0,BILL PAYMENT,SUCCESS,HYDERABAD,TELANGANA,DEV100032,320,,2026-07-12 18:25:28.953779,dbfs:/Volumes/dbacademy/default/myvolume/Project%20Sentinel/upi_transactions.csv,High Value Transaction
e2e1fb0e-aeb4-4563-bd82-1a2833818c14,2026-06-18 04:06:23,ICICI,AXIS,ka****63@icici,ka****80@axis,48376.0,MERCHANT,FAILED,MUMBAI,MAHARASHTRA,DEV100053,1388,,2026-07-12 18:25:28.953779,dbfs:/Volumes/dbacademy/default/myvolume/Project%20Sentinel/upi_transactions.csv,High Value Transaction
b5b5d5d6-c02d-4a84-be2b-44b79d111879,2026-06-12 22:49:22,AXIS,SBI,ro****44@axis,ka****82@oksbi,49482.0,P2P,SUCCESS,BANGALORE,KARNATAKA,DEV100143,640,,2026-07-12 18:25:28.953779,dbfs:/Volumes/dbacademy/default/myvolume/Project%20Sentinel/upi_transactions.csv,High Value Transaction
5e929e6b-12f6-4cad-b012-e650c2074cfe,2026-06-14 15:55:02,ICICI,HDFC,pr****57@icici,ra****85@okhdfc,48509.0,MERCHANT,SUCCESS,MUMBAI,MAHARASHTRA,DEV100147,2629,,2026-07-12 18:25:28.953779,dbfs:/Volumes/dbacademy/default/myvolume/Project%20Sentinel/upi_transactions.csv,High Value Transaction
f3bac1ed-a882-44c1-ae69-9750938bff64,2026-07-04 09:29:49,ICICI,AXIS,ka****04@icici,si****43@axis,49599.0,P2P,SUCCESS,HYDERABAD,TELANGANA,DEV100177,1970,,2026-07-12 18:25:28.953779,dbfs:/Volumes/dbacademy/default/myvolume/Project%20Sentinel/upi_transactions.csv,High Value Transaction
ea226b06-01f0-4967-ae74-7207eb96f06f,2026-06-13 20:23:04,ICICI,SBI,ne****20@icici,ro****48@oksbi,48661.0,P2P,SUCCESS,AHMEDABAD,GUJARAT,DEV100023,1376,,2026-07-12 18:25:28.953779,dbfs:/Volumes/dbacademy/default/myvolume/Project%20Sentinel/upi_transactions.csv,High Value Transaction
790bb75d-9be1-425a-9259-97025ea4fd83,2026-06-29 18:24:16,SBI,AXIS,vi****51@oksbi,po****45@axis,49600.0,P2P,SUCCESS,AHMEDABAD,GUJARAT,DEV100121,1656,,2026-07-12 18:25:28.953779,dbfs:/Volumes/dbacademy/default/myvolume/Project%20Sentinel/upi_transactions.csv,High Value Transaction
42e84ca1-f6ee-48d5-96f4-439d88c55341,2026-06-30 15:21:19,HDFC,ICICI,ka****22@okhdfc,di****11@icici,48144.0,P2P,SUCCESS,DELHI,DELHI,DEV100055,595,,2026-07-12 18:25:28.953779,dbfs:/Volumes/dbacademy/default/myvolume/Project%20Sentinel/upi_transactions.csv,High Value Transaction
a8a542a6-3cc8-4ccf-8571-486a25d1e2a9,2026-06-25 06:19:17,SBI,ICICI,ro****93@oksbi,ka****35@icici,48532.0,BILL PAYMENT,SUCCESS,BANGALORE,KARNATAKA,DEV100177,1952,,2026-07-12 18:25:28.953779,dbfs:/Volumes/dbacademy/default/myvolume/Project%20Sentinel/upi_transactions.csv,High Value Transaction
4b5ea729-a1ba-4a0d-9f90-072b2bc23352,2026-07-03 19:08:40,AXIS,HDFC,ro****50@axis,ri****12@okhdfc,48843.0,BILL PAYMENT,SUCCESS,HYDERABAD,TELANGANA,DEV100147,544,,2026-07-12 18:25:28.953779,dbfs:/Volumes/dbacademy/default/myvolume/Project%20Sentinel/upi_transactions.csv,High Value Transaction
d160e753-5448-408f-9b01-103f6f223427,2026-07-09 21:41:55,SBI,HDFC,ar****71@oksbi,ne****24@okhdfc,48667.0,P2P,SUCCESS,AHMEDABAD,GUJARAT,DEV100036,2177,,2026-07-12 18:25:28.953779,dbfs:/Volumes/dbacademy/default/myvolume/Project%20Sentinel/upi_transactions.csv,High Value Transaction
c0ff0b6c-3ebb-4d82-ba27-fffa170ead54,2026-06-18 21:42:45,HDFC,ICICI,ne****38@okhdfc,pr****44@icici,48453.0,P2P,SUCCESS,JAIPUR,RAJASTHAN,DEV100061,305,,2026-07-12 18:25:28.953779,dbfs:/Volumes/dbacademy/default/myvolume/Project%20Sentinel/upi_transactions.csv,High Value Transaction
267795e0-a4e0-4206-a2b1-7bb9ce0c1c79,2026-06-21 01:09:02,SBI,AXIS,po****64@oksbi,ha****51@axis,49324.0,P2P,SUCCESS,DELHI,DELHI,DEV100146,2533,,2026-07-12 18:25:28.953779,dbfs:/Volumes/dbacademy/default/myvolume/Project%20Sentinel/upi_transactions.csv,High Value Transaction
191e163d-cd5e-4dd7-b043-a85cfbcd12d3,2026-07-03 20:08:41,ICICI,HDFC,ri****75@icici,ro****48@okhdfc,48538.0,RECHARGE,SUCCESS,HYDERABAD,TELANGANA,DEV100124,2746,,2026-07-12 18:25:28.953779,dbfs:/Volumes/dbacademy/default/myvolume/Project%20Sentinel/upi_transactions.csv,High Value Transaction
a18d3e4e-152b-408c-a5be-61c025021f5b,2026-07-08 11:21:58,AXIS,SBI,po****57@axis,po****11@oksbi,49368.0,P2P,SUCCESS,JAIPUR,RAJASTHAN,DEV100181,2829,,2026-07-12 18:25:28.953779,dbfs:/Volumes/dbacademy/default/myvolume/Project%20Sentinel/upi_transactions.csv,High Value Transaction
9e173e1e-d933-475d-86be-394cd10f5885,2026-06-29 15:59:09,SBI,HDFC,ro****38@oksbi,an****29@okhdfc,49526.0,RECHARGE,SUCCESS,MUMBAI,MAHARASHTRA,DEV100176,288,,2026-07-12 18:25:28.953779,dbfs:/Volumes/dbacademy/default/myvolume/Project%20Sentinel/upi_transactions.csv,High Value Transaction
8eb343a0-a766-4012-b6d3-924ed8ffee2e,2026-06-29 11:01:19,AXIS,ICICI,ma****10@axis,ha****32@icici,49889.0,P2P,SUCCESS,AHMEDABAD,GUJARAT,DEV100023,1569,,2026-07-12 18:25:28.953779,dbfs:/Volumes/dbacademy/default/myvolume/Project%20Sentinel/upi_transactions.csv,High Value Transaction
47447ced-4daa-46b3-ac81-df10105572ce,2026-06-30 20:55:35,HDFC,AXIS,ha****22@okhdfc,ro****06@axis,49600.0,P2P,SUCCESS,DELHI,DELHI,DEV100100,680,,2026-07-12 18:25:28.953779,dbfs:/Volumes/dbacademy/default/myvolume/Project%20Sentinel/upi_transactions.csv,High Value Transaction
e90ad366-57fd-4365-b70d-738299c0a475,2026-06-18 15:56:28,HDFC,SBI,po****79@okhdfc,ar****62@oksbi,49537.0,BILL PAYMENT,SUCCESS,HYDERABAD,TELANGANA,DEV100152,2629,,2026-07-12 18:25:28.953779,dbfs:/Volumes/dbacademy/default/myvolume/Project%20Sentinel/upi_transactions.csv,High Value Transaction
60756ab1-569b-4c42-9d05-1b40d0491def,2026-07-09 02:37:28,HDFC,ICICI,ra****45@okhdfc,am****65@icici,49551.0,P2P,SUCCESS,INDORE,MADHYA PRADESH,DEV100027,1214,,2026-07-12 18:25:28.953779,dbfs:/Volumes/dbacademy/default/myvolume/Project%20Sentinel/upi_transactions.csv,High Value Transaction
22750393-2875-4f01-b055-b91776e7fad5,2026-06-18 10:32:12,HDFC,AXIS,ma****62@okhdfc,pr****93@axis,48763.0,P2P,SUCCESS,MUMBAI,MAHARASHTRA,DEV100030,620,,2026-07-12 18:25:28.953779,dbfs:/Volumes/dbacademy/default/myvolume/Project%20Sentinel/upi_transactions.csv,High Value Transaction
0c286657-2bc6-48c2-ac0b-cdbaa3393f9a,2026-06-12 23:10:47,HDFC,SBI,ka****11@okhdfc,an****46@oksbi,49709.0,P2P,SUCCESS,MUMBAI,MAHARASHTRA,DEV100166,418,,2026-07-12 18:25:28.953779,dbfs:/Volumes/dbacademy/default/myvolume/Project%20Sentinel/upi_transactions.csv,High Value Transaction
aeee3b63-c8eb-45c2-aaea-37a4d9f38286,2026-06-15 11:59:10,HDFC,AXIS,vi****91@okhdfc,pr****50@axis,49190.0,BILL PAYMENT,SUCCESS,INDORE,MADHYA PRADESH,DEV100172,1669,,2026-07-12 18:25:28.953779,dbfs:/Volumes/dbacademy/default/myvolume/Project%20Sentinel/upi_transactions.csv,High Value Transaction
a9142f76-4a95-4f0c-a367-438756ec9459,2026-07-02 20:51:41,SBI,AXIS,sn****50@oksbi,ra****10@axis,48970.0,P2P,SUCCESS,HYDERABAD,TELANGANA,DEV100119,2812,,2026-07-12 18:25:28.953779,dbfs:/Volumes/dbacademy/default/myvolume/Project%20Sentinel/upi_transactions.csv,High Value Transaction
022f8b11-7e5e-4daf-8132-b0424a8401fb,2026-06-22 11:22:53,SBI,HDFC,sn****77@oksbi,ka****77@okhdfc,49573.0,BILL PAYMENT,SUCCESS,PUNE,MAHARASHTRA,DEV100118,329,,2026-07-12 18:25:28.953779,dbfs:/Volumes/dbacademy/default/myvolume/Project%20Sentinel/upi_transactions.csv,High Value Transaction
12679f91-2eef-4ecd-9e06-314b041ea372,2026-07-06 09:33:14,AXIS,HDFC,an****26@axis,am****29@okhdfc,48294.0,P2P,SUCCESS,AHMEDABAD,GUJARAT,DEV100016,2322,,2026-07-12 18:25:28.953779,dbfs:/Volumes/dbacademy/default/myvolume/Project%20Sentinel/upi_transactions.csv,High Value Transaction
d13d8d13-b93f-45bc-b04e-5c25e14dd155,2026-06-22 00:33:02,AXIS,HDFC,ra****85@axis,ha****05@okhdfc,49215.0,BILL PAYMENT,SUCCESS,MUMBAI,MAHARASHTRA,DEV100037,307,,2026-07-12 18:25:28.953779,dbfs:/Volumes/dbacademy/default/myvolume/Project%20Sentinel/upi_transactions.csv,High Value Transaction
b500b9ea-c288-4b06-8913-60abff5d52f9,2026-07-05 14:11:03,AXIS,ICICI,ma****21@axis,am****86@icici,49361.0,P2P,SUCCESS,BANGALORE,KARNATAKA,DEV100103,2456,,2026-07-12 18:25:28.953779,dbfs:/Volumes/dbacademy/default/myvolume/Project%20Sentinel/upi_transactions.csv,High Value Transaction
d25c7750-c58f-4652-a853-f50ed66c0971,2026-06-24 15:11:44,ICICI,AXIS,vi****74@icici,ka****55@axis,49791.0,RECHARGE,SUCCESS,HYDERABAD,TELANGANA,DEV100132,1888,,2026-07-12 18:25:28.953779,dbfs:/Volumes/dbacademy/default/myvolume/Project%20Sentinel/upi_transactions.csv,High Value Transaction
b3befc5d-ac31-4611-8a57-df9e38ca436c,2026-06-13 18:55:33,SBI,ICICI,ka****36@oksbi,pr****84@icici,49963.0,MERCHANT,SUCCESS,BANGALORE,KARNATAKA,DEV100014,2903,,2026-07-12 18:25:28.953779,dbfs:/Volumes/dbacademy/default/myvolume/Project%20Sentinel/upi_transactions.csv,High Value Transaction
4a2bc48f-0c4d-4a49-8649-d9dd4972f403,2026-06-16 12:50:04,AXIS,SBI,pr****58@axis,ka****97@oksbi,48966.0,BILL PAYMENT,SUCCESS,JAIPUR,RAJASTHAN,DEV100085,2949,,2026-07-12 18:25:28.953779,dbfs:/Volumes/dbacademy/default/myvolume/Project%20Sentinel/upi_transactions.csv,High Value Transaction
5a000868-d837-42cd-baaa-f2a557678f0e,2026-06-20 01:55:02,AXIS,ICICI,ar****95@axis,ma****66@icici,48895.0,RECHARGE,SUCCESS,PUNE,MAHARASHTRA,DEV100119,2251,,2026-07-12 18:25:28.953779,dbfs:/Volumes/dbacademy/default/myvolume/Project%20Sentinel/upi_transactions.csv,High Value Transaction
7b90ec34-171b-4519-8073-15518535ffef,2026-07-07 00:34:45,ICICI,HDFC,ni****74@icici,vi****47@okhdfc,48526.0,P2P,SUCCESS,BANGALORE,KARNATAKA,DEV100111,225,,2026-07-12 18:25:28.953779,dbfs:/Volumes/dbacademy/default/myvolume/Project%20Sentinel/upi_transactions.csv,High Value Transaction
c5a29679-7901-43e6-9d31-b7c5e09f70e9,2026-06-19 14:51:28,HDFC,SBI,ka****95@okhdfc,pr****00@oksbi,49743.0,P2P,SUCCESS,DELHI,DELHI,DEV100017,1574,,2026-07-12 18:25:28.953779,dbfs:/Volumes/dbacademy/default/myvolume/Project%20Sentinel/upi_transactions.csv,High Value Transaction
106fa390-a123-4ff2-b94a-902994a6b751,2026-06-26 10:45:39,AXIS,ICICI,ni****95@axis,ni****04@icici,49961.0,BILL PAYMENT,SUCCESS,AHMEDABAD,GUJARAT,DEV100169,1698,,2026-07-12 18:25:28.953779,dbfs:/Volumes/dbacademy/default/myvolume/Project%20Sentinel/upi_transactions.csv,High Value Transaction
4302017b-fe8f-4c1d-9d1c-13cbe30e0e44,2026-06-18 00:29:58,SBI,ICICI,ne****24@oksbi,ha****48@icici,48344.0,P2P,SUCCESS,DELHI,DELHI,DEV100024,2803,,2026-07-12 18:25:28.953779,dbfs:/Volumes/dbacademy/default/myvolume/Project%20Sentinel/upi_transactions.csv,High Value Transaction
116a38ea-72e6-4316-a5b9-4db80b7264b4,2026-06-16 21:17:02,HDFC,SBI,ka****66@okhdfc,am****49@oksbi,49181.0,MERCHANT,FAILED,INDORE,MADHYA PRADESH,DEV100165,1406,Timeout,2026-07-12 18:25:28.953779,dbfs:/Volumes/dbacademy/default/myvolume/Project%20Sentinel/upi_transactions.csv,High Value Transaction
bb53293f-dea2-42ad-8529-dd0281833746,2026-06-21 12:06:39,HDFC,SBI,ri****02@okhdfc,ha****20@oksbi,49788.0,P2P,SUCCESS,BANGALORE,KARNATAKA,DEV100159,1013,,2026-07-12 18:25:28.953779,dbfs:/Volumes/dbacademy/default/myvolume/Project%20Sentinel/upi_transactions.csv,High Value Transaction
44fd0a35-2fc3-422e-a2c0-13af8925c1ea,2026-07-01 02:35:33,SBI,AXIS,pr****80@oksbi,ni****10@axis,48877.0,BILL PAYMENT,SUCCESS,DELHI,DELHI,DEV100099,1760,,2026-07-12 18:25:28.953779,dbfs:/Volumes/dbacademy/default/myvolume/Project%20Sentinel/upi_transactions.csv,High Value Transaction
2debd1e0-7362-462f-ae40-87f9721be695,2026-06-30 13:17:09,AXIS,ICICI,ri****66@axis,ro****79@icici,49671.0,P2P,SUCCESS,DELHI,DELHI,DEV100016,2170,,2026-07-12 18:25:28.953779,dbfs:/Volumes/dbacademy/default/myvolume/Project%20Sentinel/upi_transactions.csv,High Value Transaction
61c15786-6274-4e22-881e-3a00aa76c9ce,2026-06-30 23:13:23,ICICI,SBI,ni****16@icici,sn****45@oksbi,49739.0,P2P,SUCCESS,DELHI,DELHI,DEV100165,1877,,2026-07-12 18:25:28.953779,dbfs:/Volumes/dbacademy/default/myvolume/Project%20Sentinel/upi_transactions.csv,High Value Transaction
3ca38455-a874-46f0-a6cb-aaca917707b8,2026-06-24 08:53:12,SBI,ICICI,sn****23@oksbi,ni****99@icici,49499.0,BILL PAYMENT,SUCCESS,JAIPUR,RAJASTHAN,DEV100016,1476,,2026-07-12 18:25:28.953779,dbfs:/Volumes/dbacademy/default/myvolume/Project%20Sentinel/upi_transactions.csv,High Value Transaction
2a7861df-b1c4-49e4-8632-9b794a74b789,2026-06-13 00:08:27,SBI,ICICI,am****02@oksbi,ka****52@icici,49079.0,P2P,SUCCESS,AHMEDABAD,GUJARAT,DEV100157,2357,,2026-07-12 18:25:28.953779,dbfs:/Volumes/dbacademy/default/myvolume/Project%20Sentinel/upi_transactions.csv,High Value Transaction
042f8af5-c523-4e73-b380-14d257526c34,2026-06-16 09:56:01,SBI,HDFC,ka****84@oksbi,ka****13@okhdfc,48431.0,BILL PAYMENT,SUCCESS,AHMEDABAD,GUJARAT,DEV100079,333,,2026-07-12 18:25:28.953779,dbfs:/Volumes/dbacademy/default/myvolume/Project%20Sentinel/upi_transactions.csv,High Value Transaction
ec531295-9585-4d77-8b94-149f20b2d9c5,2026-06-15 11:31:13,HDFC,AXIS,ka****77@okhdfc,vi****97@axis,49193.0,P2P,SUCCESS,HYDERABAD,TELANGANA,DEV100042,2101,,2026-07-12 18:25:28.953779,dbfs:/Volumes/dbacademy/default/myvolume/Project%20Sentinel/upi_transactions.csv,High Value Transaction
fcefe811-2aa1-4e1d-b672-9eb7f00dd76f,2026-06-28 20:06:12,ICICI,HDFC,am****29@icici,ri****48@okhdfc,49382.0,P2P,SUCCESS,INDORE,MADHYA PRADESH,DEV100005,2035,,2026-07-12 18:25:28.953779,dbfs:/Volumes/dbacademy/default/myvolume/Project%20Sentinel/upi_transactions.csv,High Value Transaction
3ecf8c91-e447-4111-b731-9b0631f39929,2026-06-28 08:32:02,HDFC,AXIS,ka****58@okhdfc,ni****08@axis,48575.0,P2P,SUCCESS,HYDERABAD,TELANGANA,DEV100198,2253,,2026-07-12 18:25:28.953779,dbfs:/Volumes/dbacademy/default/myvolume/Project%20Sentinel/upi_transactions.csv,High Value Transaction
32483138-a678-47ec-99bb-15ef5720a814,2026-06-20 21:57:39,ICICI,AXIS,ne****28@icici,an****84@axis,48349.0,MERCHANT,SUCCESS,JAIPUR,RAJASTHAN,DEV100126,2267,,2026-07-12 18:25:28.953779,dbfs:/Volumes/dbacademy/default/myvolume/Project%20Sentinel/upi_transactions.csv,High Value Transaction
4528ab88-ee3a-4520-aed6-8f33e220e0d1,2026-06-27 23:40:02,HDFC,ICICI,ka****85@okhdfc,ri****23@icici,48171.0,P2P,SUCCESS,HYDERABAD,TELANGANA,DEV100042,2568,,2026-07-12 18:25:28.953779,dbfs:/Volumes/dbacademy/default/myvolume/Project%20Sentinel/upi_transactions.csv,High Value Transaction
c2c18bff-fd37-4c21-8e91-2832dd56905f,2026-06-12 22:44:59,ICICI,HDFC,di****23@icici,di****31@okhdfc,49780.0,P2P,SUCCESS,BANGALORE,KARNATAKA,DEV100073,513,,2026-07-12 18:25:28.953779,dbfs:/Volumes/dbacademy/default/myvolume/Project%20Sentinel/upi_transactions.csv,High Value Transaction
ea327cf3-76ce-42f1-9d9e-eeeea76b5e58,2026-06-22 14:24:07,SBI,AXIS,ar****23@oksbi,an****86@axis,48137.0,BILL PAYMENT,SUCCESS,JAIPUR,RAJASTHAN,DEV100192,1226,,2026-07-12 18:25:28.953779,dbfs:/Volumes/dbacademy/default/myvolume/Project%20Sentinel/upi_transactions.csv,High Value Transaction
2792cf3d-2cab-4db1-a428-2ac2506fb2e7,2026-06-23 09:16:46,HDFC,AXIS,ra****91@okhdfc,am****18@axis,49824.0,MERCHANT,SUCCESS,HYDERABAD,TELANGANA,DEV100004,289,,2026-07-12 18:25:28.953779,dbfs:/Volumes/dbacademy/default/myvolume/Project%20Sentinel/upi_transactions.csv,High Value Transaction
62cea5a1-c842-4147-ad9f-4a10af6468a4,2026-06-25 22:25:55,SBI,ICICI,ha****20@oksbi,ne****25@icici,49940.0,BILL PAYMENT,SUCCESS,HYDERABAD,TELANGANA,DEV100148,1161,,2026-07-12 18:25:28.953779,dbfs:/Volumes/dbacademy/default/myvolume/Project%20Sentinel/upi_transactions.csv,High Value Transaction
b898cbf3-70af-4ff1-a91c-b4e0aa8e85af,2026-07-02 06:29:15,ICICI,AXIS,vi****95@icici,pr****71@axis,49933.0,P2P,SUCCESS,BANGALORE,KARNATAKA,DEV100104,2784,,2026-07-12 18:25:28.953779,dbfs:/Volumes/dbacademy/default/myvolume/Project%20Sentinel/upi_transactions.csv,High Value Transaction
d3f66774-c2ee-4aea-a631-501d142000f5,2026-06-16 14:08:34,HDFC,SBI,po****35@okhdfc,ka****40@oksbi,48725.0,MERCHANT,SUCCESS,INDORE,MADHYA PRADESH,DEV100028,1637,,2026-07-12 18:25:28.953779,dbfs:/Volumes/dbacademy/default/myvolume/Project%20Sentinel/upi_transactions.csv,High Value Transaction
0dd03d26-c071-4375-9ed8-690e01be74d1,2026-06-18 09:10:10,ICICI,HDFC,si****46@icici,ne****96@okhdfc,49510.0,P2P,SUCCESS,INDORE,MADHYA PRADESH,DEV100159,2630,,2026-07-12 18:25:28.953779,dbfs:/Volumes/dbacademy/default/myvolume/Project%20Sentinel/upi_transactions.csv,High Value Transaction
7409d776-6ba9-44c3-9d6f-6129ede0504c,2026-07-10 03:25:06,HDFC,SBI,si****44@okhdfc,ni****48@oksbi,49097.0,P2P,SUCCESS,INDORE,MADHYA PRADESH,DEV100011,2728,,2026-07-12 18:25:28.953779,dbfs:/Volumes/dbacademy/default/myvolume/Project%20Sentinel/upi_transactions.csv,High Value Transaction
2e64ab3b-2770-4b5f-9d5c-79f12ce50b1f,2026-06-19 13:46:47,AXIS,ICICI,pr****23@axis,vi****77@icici,49389.0,P2P,SUCCESS,HYDERABAD,TELANGANA,DEV100114,1401,,2026-07-12 18:25:28.953779,dbfs:/Volumes/dbacademy/default/myvolume/Project%20Sentinel/upi_transactions.csv,High Value Transaction
fc405b41-79a3-4fad-939d-788aaff38d7a,2026-06-13 14:05:37,SBI,AXIS,ne****99@oksbi,ra****08@axis,48112.0,RECHARGE,SUCCESS,INDORE,MADHYA PRADESH,DEV100177,2680,,2026-07-12 18:25:28.953779,dbfs:/Volumes/dbacademy/default/myvolume/Project%20Sentinel/upi_transactions.csv,High Value Transaction
364de301-6896-40d2-9233-f0258968c1e9,2026-07-02 05:03:58,SBI,ICICI,po****75@oksbi,pr****17@icici,49477.0,BILL PAYMENT,SUCCESS,PUNE,MAHARASHTRA,DEV100102,619,,2026-07-12 18:25:28.953779,dbfs:/Volumes/dbacademy/default/myvolume/Project%20Sentinel/upi_transactions.csv,High Value Transaction
a65e511c-2ba9-47be-b5e9-45155000c8fd,2026-06-24 05:02:26,ICICI,AXIS,ne****33@icici,ma****05@axis,49933.0,P2P,SUCCESS,INDORE,MADHYA PRADESH,DEV100086,2701,,2026-07-12 18:25:28.953779,dbfs:/Volumes/dbacademy/default/myvolume/Project%20Sentinel/upi_transactions.csv,High Value Transaction
a731496e-cfde-4608-967e-e735c4a536e5,2026-07-04 01:18:23,ICICI,SBI,ra****40@icici,ni****15@oksbi,49723.0,BILL PAYMENT,SUCCESS,JAIPUR,RAJASTHAN,DEV100048,2675,,2026-07-12 18:25:28.953779,dbfs:/Volumes/dbacademy/default/myvolume/Project%20Sentinel/upi_transactions.csv,High Value Transaction
f0403f2f-012d-49f1-a226-9d54470e1332,2026-07-02 23:57:23,HDFC,ICICI,vi****56@okhdfc,vi****06@icici,48667.0,RECHARGE,SUCCESS,PUNE,MAHARASHTRA,DEV100159,1245,,2026-07-12 18:25:28.953779,dbfs:/Volumes/dbacademy/default/myvolume/Project%20Sentinel/upi_transactions.csv,High Value Transaction
daaf9486-a2f4-4cbe-a7c0-c382b07e16ef,2026-06-26 11:13:07,ICICI,SBI,ra****01@icici,am****69@oksbi,49391.0,P2P,SUCCESS,HYDERABAD,TELANGANA,DEV100024,1739,,2026-07-12 18:25:28.953779,dbfs:/Volumes/dbacademy/default/myvolume/Project%20Sentinel/upi_transactions.csv,High Value Transaction
9bb0c9c2-3f2a-4977-bc53-2bef1ead2784,2026-06-23 15:16:24,AXIS,SBI,ma****47@axis,ro****68@oksbi,48425.0,MERCHANT,SUCCESS,PUNE,MAHARASHTRA,DEV100042,1438,,2026-07-12 18:25:28.953779,dbfs:/Volumes/dbacademy/default/myvolume/Project%20Sentinel/upi_transactions.csv,High Value Transaction
b4e3108d-98d2-4cc9-adc1-f07dfe6cc1ad,2026-07-11 07:19:42,HDFC,AXIS,pr****84@okhdfc,ro****73@axis,49790.0,MERCHANT,SUCCESS,AHMEDABAD,GUJARAT,DEV100126,2793,,2026-07-12 18:25:28.953779,dbfs:/Volumes/dbacademy/default/myvolume/Project%20Sentinel/upi_transactions.csv,High Value Transaction
1da314f8-a016-4d86-8056-f2a0979ff48a,2026-06-23 04:27:11,HDFC,SBI,ha****68@okhdfc,pr****70@oksbi,48881.0,P2P,SUCCESS,JAIPUR,RAJASTHAN,DEV100169,1072,,2026-07-12 18:25:28.953779,dbfs:/Volumes/dbacademy/default/myvolume/Project%20Sentinel/upi_transactions.csv,High Value Transaction
072b71d1-b892-4a84-aede-930d1016ca7e,2026-06-21 14:43:20,AXIS,SBI,ra****38@axis,di****29@oksbi,48582.0,MERCHANT,SUCCESS,JAIPUR,RAJASTHAN,DEV100017,1580,,2026-07-12 18:25:28.953779,dbfs:/Volumes/dbacademy/default/myvolume/Project%20Sentinel/upi_transactions.csv,High Value Transaction
0c9f1a29-4b26-44a3-b20d-30a823843488,2026-07-01 06:37:27,SBI,ICICI,si****88@oksbi,po****38@icici,49904.0,MERCHANT,SUCCESS,MUMBAI,MAHARASHTRA,DEV100166,1283,,2026-07-12 18:25:28.953779,dbfs:/Volumes/dbacademy/default/myvolume/Project%20Sentinel/upi_transactions.csv,High Value Transaction
0afadfd8-d052-44fc-a26b-837d82a5c5e8,2026-07-01 10:06:16,AXIS,ICICI,ka****86@axis,an****36@icici,48016.0,BILL PAYMENT,SUCCESS,BANGALORE,KARNATAKA,DEV100057,554,,2026-07-12 18:25:28.953779,dbfs:/Volumes/dbacademy/default/myvolume/Project%20Sentinel/upi_transactions.csv,High Value Transaction
053052de-8dc9-4c06-adee-5d2401bbc67b,2026-07-10 05:48:20,HDFC,SBI,si****53@okhdfc,pr****36@oksbi,49805.0,BILL PAYMENT,SUCCESS,MUMBAI,MAHARASHTRA,DEV100085,1491,,2026-07-12 18:25:28.953779,dbfs:/Volumes/dbacademy/default/myvolume/Project%20Sentinel/upi_transactions.csv,High Value Transaction
3a0404e8-c153-4b43-8081-f300695fbb3b,2026-06-25 15:42:16,SBI,ICICI,ka****29@oksbi,ne****07@icici,49115.0,BILL PAYMENT,SUCCESS,PUNE,MAHARASHTRA,DEV100041,2433,,2026-07-12 18:25:28.953779,dbfs:/Volumes/dbacademy/default/myvolume/Project%20Sentinel/upi_transactions.csv,High Value Transaction
d18e33bf-a392-405d-ad10-65632d8b9a27,2026-07-09 08:11:16,ICICI,AXIS,ma****12@icici,pr****01@axis,48470.0,P2P,SUCCESS,PUNE,MAHARASHTRA,DEV100026,1024,,2026-07-12 18:25:28.953779,dbfs:/Volumes/dbacademy/default/myvolume/Project%20Sentinel/upi_transactions.csv,High Value Transaction
7f160daa-6759-43fa-9d40-5c5787e56e4f,2026-06-24 13:32:04,AXIS,SBI,vi****84@axis,ri****11@oksbi,48706.0,P2P,SUCCESS,AHMEDABAD,GUJARAT,DEV100002,1728,,2026-07-12 18:25:28.953779,dbfs:/Volumes/dbacademy/default/myvolume/Project%20Sentinel/upi_transactions.csv,High Value Transaction
ced99fe7-dfd3-416e-96aa-70d1abc2e81f,2026-07-10 23:32:08,ICICI,AXIS,ka****85@icici,am****68@axis,48459.0,MERCHANT,SUCCESS,JAIPUR,RAJASTHAN,DEV100052,1879,,2026-07-12 18:25:28.953779,dbfs:/Volumes/dbacademy/default/myvolume/Project%20Sentinel/upi_transactions.csv,High Value Transaction
f4e51383-bb80-4c4b-a9df-beaa8786cf04,2026-06-23 17:31:24,HDFC,ICICI,ka****26@okhdfc,di****15@icici,49316.0,RECHARGE,SUCCESS,MUMBAI,MAHARASHTRA,DEV100060,1771,,2026-07-12 18:25:28.953779,dbfs:/Volumes/dbacademy/default/myvolume/Project%20Sentinel/upi_transactions.csv,High Value Transaction
b9f27249-97fb-4a86-bb5f-06e9492176bb,2026-07-09 13:18:04,ICICI,AXIS,vi****07@icici,pr****93@axis,48195.0,P2P,SUCCESS,JAIPUR,RAJASTHAN,DEV100084,1355,,2026-07-12 18:25:28.953779,dbfs:/Volumes/dbacademy/default/myvolume/Project%20Sentinel/upi_transactions.csv,High Value Transaction
ccceb406-08f6-4f7f-94ab-5b1ff95c72f8,2026-07-12 17:15:18,AXIS,ICICI,ma****34@axis,ra****37@icici,48056.0,BILL PAYMENT,SUCCESS,PUNE,MAHARASHTRA,DEV100024,222,,2026-07-12 18:25:28.953779,dbfs:/Volumes/dbacademy/default/myvolume/Project%20Sentinel/upi_transactions.csv,High Value Transaction
dd8aa614-f56b-4e96-9d8f-5f7b9ba628ac,2026-06-19 10:17:43,HDFC,AXIS,pr****25@okhdfc,ri****31@axis,49453.0,P2P,SUCCESS,INDORE,MADHYA PRADESH,DEV100077,1854,,2026-07-12 18:25:28.953779,dbfs:/Volumes/dbacademy/default/myvolume/Project%20Sentinel/upi_transactions.csv,High Value Transaction
10546d41-3692-48d5-860f-71e5b29d6e28,2026-06-21 23:59:01,ICICI,HDFC,am****70@icici,ka****16@okhdfc,49698.0,BILL PAYMENT,SUCCESS,MUMBAI,MAHARASHTRA,DEV100055,349,,2026-07-12 18:25:28.953779,dbfs:/Volumes/dbacademy/default/myvolume/Project%20Sentinel/upi_transactions.csv,High Value Transaction
3a4ef1b0-a503-4def-ad29-bca4f9bad42f,2026-06-12 19:48:41,AXIS,HDFC,ka****19@axis,ni****23@okhdfc,48196.0,RECHARGE,SUCCESS,AHMEDABAD,GUJARAT,DEV100164,427,,2026-07-12 18:25:28.953779,dbfs:/Volumes/dbacademy/default/myvolume/Project%20Sentinel/upi_transactions.csv,High Value Transaction
d318fbac-fb0e-4e70-811d-513788a281be,2026-06-20 23:16:28,HDFC,AXIS,ra****58@okhdfc,sn****36@axis,48290.0,P2P,SUCCESS,MUMBAI,MAHARASHTRA,DEV100176,228,,2026-07-12 18:25:28.953779,dbfs:/Volumes/dbacademy/default/myvolume/Project%20Sentinel/upi_transactions.csv,High Value Transaction
68db2207-8f56-4c1e-ab4e-0887234a141c,2026-07-06 22:59:35,AXIS,ICICI,am****77@axis,vi****17@icici,48055.0,P2P,SUCCESS,HYDERABAD,TELANGANA,DEV100192,2233,,2026-07-12 18:25:28.953779,dbfs:/Volumes/dbacademy/default/myvolume/Project%20Sentinel/upi_transactions.csv,High Value Transaction
97492f14-f9ca-429b-81a0-4db354681c72,2026-07-02 06:04:04,SBI,ICICI,ma****45@oksbi,po****17@icici,49719.0,MERCHANT,SUCCESS,BANGALORE,KARNATAKA,DEV100001,872,,2026-07-12 18:25:28.953779,dbfs:/Volumes/dbacademy/default/myvolume/Project%20Sentinel/upi_transactions.csv,High Value Transaction
2bfd9692-50d2-45d7-b088-2a17fde5e215,2026-07-09 04:25:31,SBI,AXIS,ra****94@oksbi,ka****14@axis,49099.0,MERCHANT,SUCCESS,INDORE,MADHYA PRADESH,DEV100037,2959,,2026-07-12 18:25:28.953779,dbfs:/Volumes/dbacademy/default/myvolume/Project%20Sentinel/upi_transactions.csv,High Value Transaction
ec5c406b-5625-452c-86b9-d55406222cc3,2026-06-16 00:20:46,HDFC,ICICI,ka****82@okhdfc,sn****96@icici,48583.0,P2P,SUCCESS,HYDERABAD,TELANGANA,DEV100106,2499,,2026-07-12 18:25:28.953779,dbfs:/Volumes/dbacademy/default/myvolume/Project%20Sentinel/upi_transactions.csv,High Value Transaction
0ec4257b-5166-4766-972e-749613e7cca6,2026-07-04 10:41:02,SBI,AXIS,sn****36@oksbi,sn****91@axis,49795.0,P2P,FAILED,AHMEDABAD,GUJARAT,DEV100055,1494,Bank Server Down,2026-07-12 18:25:28.953779,dbfs:/Volumes/dbacademy/default/myvolume/Project%20Sentinel/upi_transactions.csv,High Value Transaction
73019c1a-b1f7-4bfa-b7b5-20e1d652f216,2026-07-01 05:50:28,SBI,HDFC,vi****82@oksbi,ka****14@okhdfc,48757.0,MERCHANT,SUCCESS,INDORE,MADHYA PRADESH,DEV100035,891,,2026-07-12 18:25:28.953779,dbfs:/Volumes/dbacademy/default/myvolume/Project%20Sentinel/upi_transactions.csv,High Value Transaction
739dbfbc-8fe1-4c73-91e4-6e752b989f73,2026-07-06 04:56:40,HDFC,ICICI,ka****35@okhdfc,vi****15@icici,48175.0,MERCHANT,SUCCESS,MUMBAI,MAHARASHTRA,DEV100027,531,,2026-07-12 18:25:28.953779,dbfs:/Volumes/dbacademy/default/myvolume/Project%20Sentinel/upi_transactions.csv,High Value Transaction
d80723a2-a4d8-46aa-ad8d-87b375092c30,2026-06-19 04:44:48,SBI,HDFC,pr****90@oksbi,an****32@okhdfc,49286.0,MERCHANT,SUCCESS,PUNE,MAHARASHTRA,DEV100105,1459,,2026-07-12 18:25:28.953779,dbfs:/Volumes/dbacademy/default/myvolume/Project%20Sentinel/upi_transactions.csv,High Value Transaction
9b640b48-1a4b-4d0f-b8b8-81186692d554,2026-06-30 07:23:36,HDFC,SBI,vi****62@okhdfc,pr****44@oksbi,49514.0,P2P,SUCCESS,PUNE,MAHARASHTRA,DEV100021,2885,,2026-07-12 18:25:28.953779,dbfs:/Volumes/dbacademy/default/myvolume/Project%20Sentinel/upi_transactions.csv,High Value Transaction
ab7da919-342a-4f6e-9216-0249157b3a11,2026-06-22 04:07:03,HDFC,ICICI,vi****57@okhdfc,vi****56@icici,49880.0,P2P,FAILED,MUMBAI,MAHARASHTRA,DEV100060,2299,Bank Server Down,2026-07-12 18:25:28.953779,dbfs:/Volumes/dbacademy/default/myvolume/Project%20Sentinel/upi_transactions.csv,High Value Transaction
8b56cabe-f579-4c55-a486-3e3bd1ca54cf,2026-06-18 01:59:46,SBI,HDFC,am****90@oksbi,di****33@okhdfc,49661.0,BILL PAYMENT,SUCCESS,AHMEDABAD,GUJARAT,DEV100149,361,,2026-07-12 18:25:28.953779,dbfs:/Volumes/dbacademy/default/myvolume/Project%20Sentinel/upi_transactions.csv,High Value Transaction
57d5244a-2975-492b-8e3e-c32b22fa24e5,2026-06-14 05:58:59,HDFC,SBI,pr****20@okhdfc,ne****83@oksbi,49394.0,P2P,SUCCESS,JAIPUR,RAJASTHAN,DEV100058,2949,,2026-07-12 18:25:28.953779,dbfs:/Volumes/dbacademy/default/myvolume/Project%20Sentinel/upi_transactions.csv,High Value Transaction
f7dce973-2b3a-43c5-9fa4-accd805e80b3,2026-06-14 18:57:01,SBI,HDFC,vi****14@oksbi,sn****84@okhdfc,48604.0,MERCHANT,SUCCESS,DELHI,DELHI,DEV100112,111,,2026-07-12 18:25:28.953779,dbfs:/Volumes/dbacademy/default/myvolume/Project%20Sentinel/upi_transactions.csv,High Value Transaction
ea53334d-c70c-424e-80e9-df00d27025f2,2026-06-27 12:40:41,HDFC,ICICI,ka****70@okhdfc,po****09@icici,49467.0,P2P,SUCCESS,PUNE,MAHARASHTRA,DEV100160,273,,2026-07-12 18:25:28.953779,dbfs:/Volumes/dbacademy/default/myvolume/Project%20Sentinel/upi_transactions.csv,High Value Transaction
ca047f70-a787-4b76-9b77-a20586de4fc2,2026-06-21 04:03:54,AXIS,ICICI,ka****39@axis,ha****60@icici,48838.0,RECHARGE,SUCCESS,BANGALORE,KARNATAKA,DEV100156,2515,,2026-07-12 18:25:28.953779,dbfs:/Volumes/dbacademy/default/myvolume/Project%20Sentinel/upi_transactions.csv,High Value Transaction
dea3c6ef-b762-4502-a7b8-228d306fe4de,2026-06-23 09:03:26,AXIS,HDFC,ka****53@axis,ka****83@okhdfc,48761.0,BILL PAYMENT,SUCCESS,INDORE,MADHYA PRADESH,DEV100170,864,,2026-07-12 18:25:28.953779,dbfs:/Volumes/dbacademy/default/myvolume/Project%20Sentinel/upi_transactions.csv,High Value Transaction
54232437-05f2-44ad-be33-e21d023afc39,2026-06-25 11:10:33,SBI,ICICI,ne****72@oksbi,an****21@icici,49714.0,BILL PAYMENT,SUCCESS,AHMEDABAD,GUJARAT,DEV100028,1111,,2026-07-12 18:25:28.953779,dbfs:/Volumes/dbacademy/default/myvolume/Project%20Sentinel/upi_transactions.csv,High Value Transaction
fa22f456-1346-40f9-8187-9e3992a3072c,2026-06-28 21:11:51,HDFC,ICICI,ni****75@okhdfc,ra****82@icici,48261.0,P2P,SUCCESS,MUMBAI,MAHARASHTRA,DEV100121,960,,2026-07-12 18:25:28.953779,dbfs:/Volumes/dbacademy/default/myvolume/Project%20Sentinel/upi_transactions.csv,High Value Transaction
8095798f-4989-4a86-9265-a0e579b8517e,2026-06-14 21:10:24,ICICI,SBI,ne****89@icici,si****22@oksbi,48815.0,P2P,SUCCESS,JAIPUR,RAJASTHAN,DEV100144,2834,,2026-07-12 18:25:28.953779,dbfs:/Volumes/dbacademy/default/myvolume/Project%20Sentinel/upi_transactions.csv,High Value Transaction
ab929052-093e-493c-8940-95b9fe799f4d,2026-06-27 04:40:46,AXIS,HDFC,pr****39@axis,vi****36@okhdfc,49580.0,BILL PAYMENT,SUCCESS,PUNE,MAHARASHTRA,DEV100095,2980,,2026-07-12 18:25:28.953779,dbfs:/Volumes/dbacademy/default/myvolume/Project%20Sentinel/upi_transactions.csv,High Value Transaction
798fd8a3-ae48-4c78-87ab-97361e612586,2026-07-06 11:26:33,HDFC,AXIS,am****41@okhdfc,ar****94@axis,49583.0,RECHARGE,SUCCESS,HYDERABAD,TELANGANA,DEV100055,1608,,2026-07-12 18:25:28.953779,dbfs:/Volumes/dbacademy/default/myvolume/Project%20Sentinel/upi_transactions.csv,High Value Transaction
1138f718-3aa7-432e-8a13-02de7a1649e9,2026-07-12 15:35:39,ICICI,HDFC,ne****91@icici,sn****74@okhdfc,48313.0,P2P,SUCCESS,PUNE,MAHARASHTRA,DEV100141,1344,,2026-07-12 18:25:28.953779,dbfs:/Volumes/dbacademy/default/myvolume/Project%20Sentinel/upi_transactions.csv,High Value Transaction
d5d176f2-75b2-4369-b0ce-57df35f5b295,2026-07-03 11:18:12,AXIS,ICICI,ha****98@axis,ka****77@icici,48903.0,P2P,SUCCESS,JAIPUR,RAJASTHAN,DEV100149,489,,2026-07-12 18:25:28.953779,dbfs:/Volumes/dbacademy/default/myvolume/Project%20Sentinel/upi_transactions.csv,High Value Transaction
145fa0a9-a737-462c-92a9-9cbc2bb59f76,2026-06-27 09:02:39,SBI,ICICI,si****19@oksbi,po****48@icici,49497.0,P2P,SUCCESS,BANGALORE,KARNATAKA,DEV100032,1911,,2026-07-12 18:25:28.953779,dbfs:/Volumes/dbacademy/default/myvolume/Project%20Sentinel/upi_transactions.csv,High Value Transaction
f640a369-7a80-4bbb-9d5f-eb6c7804141c,2026-06-14 19:17:51,SBI,ICICI,ri****02@oksbi,ha****17@icici,48378.0,RECHARGE,SUCCESS,MUMBAI,MAHARASHTRA,DEV100180,1375,,2026-07-12 18:25:28.953779,dbfs:/Volumes/dbacademy/default/myvolume/Project%20Sentinel/upi_transactions.csv,High Value Transaction
9403ca94-0597-421e-9bf0-e7671f3e8583,2026-06-21 09:40:48,AXIS,SBI,ha****71@axis,ri****20@oksbi,49691.0,P2P,SUCCESS,JAIPUR,RAJASTHAN,DEV100164,1915,,2026-07-12 18:25:28.953779,dbfs:/Volumes/dbacademy/default/myvolume/Project%20Sentinel/upi_transactions.csv,High Value Transaction
cc36a994-cd45-4187-8a25-2219d11b39c7,2026-06-26 01:10:09,AXIS,SBI,pr****36@axis,pr****87@oksbi,49473.0,MERCHANT,SUCCESS,AHMEDABAD,GUJARAT,DEV100130,2712,,2026-07-12 18:25:28.953779,dbfs:/Volumes/dbacademy/default/myvolume/Project%20Sentinel/upi_transactions.csv,High Value Transaction
b1aadd7f-cfac-4acd-b021-a61292c7be54,2026-06-15 00:17:36,SBI,HDFC,an****32@oksbi,ra****68@okhdfc,48110.0,P2P,SUCCESS,PUNE,MAHARASHTRA,DEV100153,2949,,2026-07-12 18:25:28.953779,dbfs:/Volumes/dbacademy/default/myvolume/Project%20Sentinel/upi_transactions.csv,High Value Transaction
02bad63b-c205-4e53-ac64-15727b2d86af,2026-06-22 11:56:16,SBI,HDFC,ar****56@oksbi,pr****83@okhdfc,48511.0,P2P,SUCCESS,JAIPUR,RAJASTHAN,DEV100088,879,,2026-07-12 18:25:28.953779,dbfs:/Volumes/dbacademy/default/myvolume/Project%20Sentinel/upi_transactions.csv,High Value Transaction
075db7af-7376-4abf-abca-9e602f77ddf8,2026-07-10 01:55:39,SBI,HDFC,ka****71@oksbi,po****52@okhdfc,48386.0,P2P,SUCCESS,MUMBAI,MAHARASHTRA,DEV100189,2107,,2026-07-12 18:25:28.953779,dbfs:/Volumes/dbacademy/default/myvolume/Project%20Sentinel/upi_transactions.csv,High Value Transaction
d7a7fea1-e943-4957-8434-7bd04e7ea348,2026-07-12 11:54:28,HDFC,AXIS,ma****39@okhdfc,ri****91@axis,49432.0,P2P,SUCCESS,MUMBAI,MAHARASHTRA,DEV100075,1424,,2026-07-12 18:25:28.953779,dbfs:/Volumes/dbacademy/default/myvolume/Project%20Sentinel/upi_transactions.csv,High Value Transaction
34ec640b-b13a-488d-9b74-11b906b17638,2026-06-18 21:42:18,SBI,AXIS,ne****53@oksbi,vi****34@axis,49249.0,MERCHANT,SUCCESS,MUMBAI,MAHARASHTRA,DEV100016,2010,,2026-07-12 18:25:28.953779,dbfs:/Volumes/dbacademy/default/myvolume/Project%20Sentinel/upi_transactions.csv,High Value Transaction
f26578a3-0bb0-4f8c-a20a-406c448b00ee,2026-07-02 08:08:51,SBI,AXIS,pr****99@oksbi,ka****68@axis,49863.0,RECHARGE,SUCCESS,BANGALORE,KARNATAKA,DEV100192,310,,2026-07-12 18:25:28.953779,dbfs:/Volumes/dbacademy/default/myvolume/Project%20Sentinel/upi_transactions.csv,High Value Transaction
1f859553-2359-4574-a8c0-7c5a8cd43048,2026-06-25 10:20:23,HDFC,SBI,ka****72@okhdfc,ma****00@oksbi,48964.0,P2P,SUCCESS,MUMBAI,MAHARASHTRA,DEV100143,2545,,2026-07-12 18:25:28.953779,dbfs:/Volumes/dbacademy/default/myvolume/Project%20Sentinel/upi_transactions.csv,High Value Transaction
7510585b-2748-4af1-b088-6fd5bf57944a,2026-06-20 06:04:22,HDFC,SBI,ra****20@okhdfc,ma****08@oksbi,48778.0,P2P,SUCCESS,PUNE,MAHARASHTRA,DEV100178,2075,,2026-07-12 18:25:28.953779,dbfs:/Volumes/dbacademy/default/myvolume/Project%20Sentinel/upi_transactions.csv,High Value Transaction
bb4f09ba-843a-470f-9baf-753bd326d468,2026-06-21 20:58:02,HDFC,ICICI,si****75@okhdfc,pr****82@icici,49800.0,RECHARGE,SUCCESS,JAIPUR,RAJASTHAN,DEV100076,2139,,2026-07-12 18:25:28.953779,dbfs:/Volumes/dbacademy/default/myvolume/Project%20Sentinel/upi_transactions.csv,High Value Transaction
dac4b97a-17f6-42ca-b098-fd1a74bc5628,2026-06-16 08:13:07,ICICI,AXIS,ka****94@icici,am****56@axis,49490.0,P2P,SUCCESS,INDORE,MADHYA PRADESH,DEV100024,2554,,2026-07-12 18:25:28.953779,dbfs:/Volumes/dbacademy/default/myvolume/Project%20Sentinel/upi_transactions.csv,High Value Transaction
4c46b213-169d-4fe7-8cee-f11f7bc48824,2026-06-25 16:49:56,AXIS,ICICI,ro****30@axis,ne****84@icici,49677.0,MERCHANT,SUCCESS,HYDERABAD,TELANGANA,DEV100102,1363,,2026-07-12 18:25:28.953779,dbfs:/Volumes/dbacademy/default/myvolume/Project%20Sentinel/upi_transactions.csv,High Value Transaction
e5f26b12-6b1e-4163-8ec5-69c423fbaa78,2026-06-13 14:47:11,SBI,AXIS,ma****25@oksbi,ha****25@axis,48021.0,MERCHANT,SUCCESS,DELHI,DELHI,DEV100195,2195,,2026-07-12 18:25:28.953779,dbfs:/Volumes/dbacademy/default/myvolume/Project%20Sentinel/upi_transactions.csv,High Value Transaction
a13eb178-d7e9-4fc0-9050-d0b5c05fa602,2026-06-18 13:47:10,AXIS,SBI,ma****26@axis,pr****98@oksbi,49733.0,P2P,SUCCESS,MUMBAI,MAHARASHTRA,DEV100125,328,,2026-07-12 18:25:28.953779,dbfs:/Volumes/dbacademy/default/myvolume/Project%20Sentinel/upi_transactions.csv,High Value Transaction
6d574fc0-9e5d-4f43-8c31-81e11fd29faf,2026-07-03 15:11:12,ICICI,SBI,pr****08@icici,ra****20@oksbi,49493.0,BILL PAYMENT,SUCCESS,HYDERABAD,TELANGANA,DEV100091,2488,,2026-07-12 18:25:28.953779,dbfs:/Volumes/dbacademy/default/myvolume/Project%20Sentinel/upi_transactions.csv,High Value Transaction
cf9b5dd4-bbcc-41b7-938b-b5d01fdaa55e,2026-06-22 12:48:52,ICICI,AXIS,ro****39@icici,ri****80@axis,49479.0,P2P,SUCCESS,HYDERABAD,TELANGANA,DEV100115,1135,,2026-07-12 18:25:28.953779,dbfs:/Volumes/dbacademy/default/myvolume/Project%20Sentinel/upi_transactions.csv,High Value Transaction
7badcb1b-574e-4b3b-924f-bae8370ebcdc,2026-07-06 05:58:28,SBI,ICICI,an****36@oksbi,an****69@icici,48162.0,P2P,SUCCESS,INDORE,MADHYA PRADESH,DEV100020,2050,,2026-07-12 18:25:28.953779,dbfs:/Volumes/dbacademy/default/myvolume/Project%20Sentinel/upi_transactions.csv,High Value Transaction
1ef2c0d4-0f2f-4381-a48a-afb78011d4d4,2026-06-18 21:58:51,AXIS,ICICI,pr****54@axis,ar****28@icici,49368.0,BILL PAYMENT,SUCCESS,DELHI,DELHI,DEV100103,2414,,2026-07-12 18:25:28.953779,dbfs:/Volumes/dbacademy/default/myvolume/Project%20Sentinel/upi_transactions.csv,High Value Transaction
6aca4fe1-0ea7-4b82-8435-ef4cb24eac4a,2026-07-05 16:31:40,ICICI,SBI,ar****28@icici,di****55@oksbi,48278.0,P2P,SUCCESS,MUMBAI,MAHARASHTRA,DEV100178,495,,2026-07-12 18:25:28.953779,dbfs:/Volumes/dbacademy/default/myvolume/Project%20Sentinel/upi_transactions.csv,High Value Transaction
39e3e860-c900-4621-8af9-04a89a5bd4ee,2026-06-23 12:12:27,SBI,HDFC,ka****26@oksbi,ra****67@okhdfc,49470.0,MERCHANT,SUCCESS,DELHI,DELHI,DEV100195,1755,,2026-07-12 18:25:28.953779,dbfs:/Volumes/dbacademy/default/myvolume/Project%20Sentinel/upi_transactions.csv,High Value Transaction
8866f6e7-b7c6-47ca-80fc-62842ad917c9,2026-06-18 13:11:23,SBI,HDFC,ka****04@oksbi,vi****99@okhdfc,49521.0,MERCHANT,SUCCESS,INDORE,MADHYA PRADESH,DEV100091,744,,2026-07-12 18:25:28.953779,dbfs:/Volumes/dbacademy/default/myvolume/Project%20Sentinel/upi_transactions.csv,High Value Transaction
43703613-e7fe-440b-9232-b5e25b399abb,2026-06-15 00:50:25,AXIS,HDFC,vi****20@axis,pr****44@okhdfc,48050.0,P2P,SUCCESS,PUNE,MAHARASHTRA,DEV100016,1843,,2026-07-12 18:25:28.953779,dbfs:/Volumes/dbacademy/default/myvolume/Project%20Sentinel/upi_transactions.csv,High Value Transaction
57f094c5-a0a4-458c-9e9d-276c0e709a55,2026-07-12 05:24:17,AXIS,SBI,sn****66@axis,am****78@oksbi,48400.0,P2P,SUCCESS,MUMBAI,MAHARASHTRA,DEV100145,1681,,2026-07-12 18:25:28.953779,dbfs:/Volumes/dbacademy/default/myvolume/Project%20Sentinel/upi_transactions.csv,High Value Transaction
ff61aee7-d6f5-4fde-990f-ed856f3016c6,2026-07-11 00:19:50,ICICI,AXIS,ma****68@icici,ar****06@axis,49228.0,P2P,SUCCESS,BANGALORE,KARNATAKA,DEV100050,1739,,2026-07-12 18:25:28.953779,dbfs:/Volumes/dbacademy/default/myvolume/Project%20Sentinel/upi_transactions.csv,High Value Transaction
11441dad-fb0c-4306-99ff-34432aa1b6cd,2026-06-17 16:43:58,ICICI,AXIS,pr****04@icici,vi****47@axis,48464.0,P2P,SUCCESS,PUNE,MAHARASHTRA,DEV100057,1622,,2026-07-12 18:25:28.953779,dbfs:/Volumes/dbacademy/default/myvolume/Project%20Sentinel/upi_transactions.csv,High Value Transaction
ba1516b5-a8e6-4370-b4f5-5f359f0a76ca,2026-06-16 12:36:32,HDFC,AXIS,ri****66@okhdfc,po****71@axis,49219.0,P2P,SUCCESS,INDORE,MADHYA PRADESH,DEV100161,2300,,2026-07-12 18:25:28.953779,dbfs:/Volumes/dbacademy/default/myvolume/Project%20Sentinel/upi_transactions.csv,High Value Transaction
a0708eea-c139-46a1-be09-f0495f5317d0,2026-06-30 02:56:50,AXIS,ICICI,ma****41@axis,ni****76@icici,49408.0,P2P,SUCCESS,MUMBAI,MAHARASHTRA,DEV100150,269,,2026-07-12 18:25:28.953779,dbfs:/Volumes/dbacademy/default/myvolume/Project%20Sentinel/upi_transactions.csv,High Value Transaction
11c194f1-c023-4041-a282-a2fdd780efa9,2026-06-25 02:33:00,HDFC,AXIS,am****93@okhdfc,pr****64@axis,48526.0,P2P,SUCCESS,DELHI,DELHI,DEV100047,432,,2026-07-12 18:25:28.953779,dbfs:/Volumes/dbacademy/default/myvolume/Project%20Sentinel/upi_transactions.csv,High Value Transaction
ecd20bf1-ddc4-4f73-8502-0bdc0263e0cf,2026-07-08 04:25:24,ICICI,AXIS,ri****81@icici,sn****38@axis,49073.0,P2P,SUCCESS,DELHI,DELHI,DEV100011,2768,,2026-07-12 18:25:28.953779,dbfs:/Volumes/dbacademy/default/myvolume/Project%20Sentinel/upi_transactions.csv,High Value Transaction
31ea9f4d-5634-415f-81ca-0e7017775757,2026-06-28 23:47:59,SBI,HDFC,si****67@oksbi,am****98@okhdfc,49592.0,BILL PAYMENT,SUCCESS,MUMBAI,MAHARASHTRA,DEV100069,1774,,2026-07-12 18:25:28.953779,dbfs:/Volumes/dbacademy/default/myvolume/Project%20Sentinel/upi_transactions.csv,High Value Transaction
98d3e3a4-66aa-4a96-98d2-9aa1ba76cac9,2026-06-21 20:10:09,SBI,HDFC,sn****19@oksbi,am****54@okhdfc,49430.0,P2P,SUCCESS,BANGALORE,KARNATAKA,DEV100120,2340,,2026-07-12 18:25:28.953779,dbfs:/Volumes/dbacademy/default/myvolume/Project%20Sentinel/upi_transactions.csv,High Value Transaction
ba6b5a82-6d9b-429d-970e-a2b40dfc16ec,2026-06-22 19:05:13,ICICI,AXIS,pr****15@icici,ri****61@axis,49652.0,BILL PAYMENT,SUCCESS,BANGALORE,KARNATAKA,DEV100114,163,,2026-07-12 18:25:28.953779,dbfs:/Volumes/dbacademy/default/myvolume/Project%20Sentinel/upi_transactions.csv,High Value Transaction
1340567a-d626-4198-bb16-a8833326d5d5,2026-07-09 05:52:32,SBI,ICICI,ka****86@oksbi,am****34@icici,49494.0,P2P,SUCCESS,AHMEDABAD,GUJARAT,DEV100022,2589,,2026-07-12 18:25:28.953779,dbfs:/Volumes/dbacademy/default/myvolume/Project%20Sentinel/upi_transactions.csv,High Value Transaction
3990485f-4927-430a-80a6-5ee7997a5881,2026-06-20 12:14:29,ICICI,SBI,ha****11@icici,ma****44@oksbi,48073.0,RECHARGE,SUCCESS,DELHI,DELHI,DEV100150,1717,,2026-07-12 18:25:28.953779,dbfs:/Volumes/dbacademy/default/myvolume/Project%20Sentinel/upi_transactions.csv,High Value Transaction
ecc6a6c5-7d74-4f4a-83d8-454456b790fb,2026-06-21 10:57:21,ICICI,SBI,vi****69@icici,po****76@oksbi,49394.0,MERCHANT,SUCCESS,MUMBAI,MAHARASHTRA,DEV100136,1882,,2026-07-12 18:25:28.953779,dbfs:/Volumes/dbacademy/default/myvolume/Project%20Sentinel/upi_transactions.csv,High Value Transaction
e2d3a394-6271-45c4-904d-a96a3c007e5d,2026-06-15 09:15:19,ICICI,SBI,ri****21@icici,pr****80@oksbi,48500.0,MERCHANT,SUCCESS,MUMBAI,MAHARASHTRA,DEV100010,214,,2026-07-12 18:25:28.953779,dbfs:/Volumes/dbacademy/default/myvolume/Project%20Sentinel/upi_transactions.csv,High Value Transaction
e94079a7-d4dc-4f8a-a327-b3c87e26b2a7,2026-06-30 21:16:47,SBI,AXIS,an****99@oksbi,pr****97@axis,48045.0,P2P,SUCCESS,PUNE,MAHARASHTRA,DEV100084,2534,,2026-07-12 18:25:28.953779,dbfs:/Volumes/dbacademy/default/myvolume/Project%20Sentinel/upi_transactions.csv,High Value Transaction
349740c4-3cf6-4512-a2b6-588ca5b042b6,2026-07-11 06:36:44,SBI,AXIS,pr****15@oksbi,si****27@axis,49486.0,MERCHANT,SUCCESS,INDORE,MADHYA PRADESH,DEV100177,1791,,2026-07-12 18:25:28.953779,dbfs:/Volumes/dbacademy/default/myvolume/Project%20Sentinel/upi_transactions.csv,High Value Transaction
9bbe65ed-e23d-44ee-9581-e4a869393d25,2026-06-29 10:46:04,HDFC,ICICI,ri****03@okhdfc,an****45@icici,49605.0,BILL PAYMENT,SUCCESS,PUNE,MAHARASHTRA,DEV100154,2558,,2026-07-12 18:25:28.953779,dbfs:/Volumes/dbacademy/default/myvolume/Project%20Sentinel/upi_transactions.csv,High Value Transaction
5708d7d8-9580-4b44-b158-855e045c3e07,2026-07-01 13:47:46,SBI,HDFC,vi****58@oksbi,ar****11@okhdfc,48031.0,BILL PAYMENT,SUCCESS,JAIPUR,RAJASTHAN,DEV100027,1144,,2026-07-12 18:25:28.953779,dbfs:/Volumes/dbacademy/default/myvolume/Project%20Sentinel/upi_transactions.csv,High Value Transaction
535fdb7c-b8c9-4080-9577-4b25c058d1aa,2026-06-13 02:15:24,AXIS,SBI,sn****13@axis,ma****61@oksbi,48534.0,P2P,SUCCESS,MUMBAI,MAHARASHTRA,DEV100157,755,,2026-07-12 18:25:28.953779,dbfs:/Volumes/dbacademy/default/myvolume/Project%20Sentinel/upi_transactions.csv,High Value Transaction
415119e2-743b-4639-9bad-93ebfef0ada4,2026-07-04 19:59:06,ICICI,AXIS,an****86@icici,ha****71@axis,48667.0,RECHARGE,SUCCESS,AHMEDABAD,GUJARAT,DEV100194,667,,2026-07-12 18:25:28.953779,dbfs:/Volumes/dbacademy/default/myvolume/Project%20Sentinel/upi_transactions.csv,High Value Transaction
6d55178b-ae90-4a97-ab36-6ade6e33f09a,2026-06-28 01:06:48,AXIS,HDFC,ka****53@axis,ar****14@okhdfc,49829.0,BILL PAYMENT,SUCCESS,INDORE,MADHYA PRADESH,DEV100090,1534,,2026-07-12 18:25:28.953779,dbfs:/Volumes/dbacademy/default/myvolume/Project%20Sentinel/upi_transactions.csv,High Value Transaction
23c3698c-2e93-4274-8934-e36706e11211,2026-07-10 03:56:41,SBI,ICICI,ka****42@oksbi,ri****39@icici,49714.0,RECHARGE,SUCCESS,INDORE,MADHYA PRADESH,DEV100159,2292,,2026-07-12 18:25:28.953779,dbfs:/Volumes/dbacademy/default/myvolume/Project%20Sentinel/upi_transactions.csv,High Value Transaction
c65a96ec-f56f-488d-b94e-d1ae3a8046d3,2026-07-12 09:57:35,ICICI,AXIS,ma****89@icici,sn****42@axis,48740.0,BILL PAYMENT,SUCCESS,INDORE,MADHYA PRADESH,DEV100093,458,,2026-07-12 18:25:28.953779,dbfs:/Volumes/dbacademy/default/myvolume/Project%20Sentinel/upi_transactions.csv,High Value Transaction
8a0bb353-7f44-4589-b36f-bc79a3d4e0d9,2026-07-10 02:37:34,AXIS,ICICI,vi****50@axis,pr****52@icici,49758.0,P2P,SUCCESS,INDORE,MADHYA PRADESH,DEV100057,703,,2026-07-12 18:25:28.953779,dbfs:/Volumes/dbacademy/default/myvolume/Project%20Sentinel/upi_transactions.csv,High Value Transaction
febb613f-8c32-40d6-ad85-001e5b76d97d,2026-06-14 05:57:02,SBI,ICICI,si****08@oksbi,si****78@icici,48076.0,P2P,SUCCESS,DELHI,DELHI,DEV100032,2689,,2026-07-12 18:25:28.953779,dbfs:/Volumes/dbacademy/default/myvolume/Project%20Sentinel/upi_transactions.csv,High Value Transaction
c3f86b8d-e30c-4396-a14d-42d9e890328c,2026-07-04 01:42:00,SBI,AXIS,di****90@oksbi,pr****63@axis,48511.0,MERCHANT,SUCCESS,MUMBAI,MAHARASHTRA,DEV100109,296,,2026-07-12 18:25:28.953779,dbfs:/Volumes/dbacademy/default/myvolume/Project%20Sentinel/upi_transactions.csv,High Value Transaction
4774b249-a82b-48e9-b794-687f25f4bc8c,2026-06-19 21:24:53,ICICI,AXIS,si****55@icici,vi****88@axis,49920.0,RECHARGE,SUCCESS,PUNE,MAHARASHTRA,DEV100061,342,,2026-07-12 18:25:28.953779,dbfs:/Volumes/dbacademy/default/myvolume/Project%20Sentinel/upi_transactions.csv,High Value Transaction
54181aa8-019c-489a-8ef0-1be5816ad05d,2026-06-30 07:53:51,ICICI,SBI,si****09@icici,ma****37@oksbi,49880.0,MERCHANT,FAILED,PUNE,MAHARASHTRA,DEV100000,2050,Timeout,2026-07-12 18:25:28.953779,dbfs:/Volumes/dbacademy/default/myvolume/Project%20Sentinel/upi_transactions.csv,High Value Transaction
63f43afb-d431-4b2f-abb4-e2f711a95d1c,2026-06-21 16:44:09,ICICI,SBI,sn****76@icici,ar****93@oksbi,49495.0,BILL PAYMENT,SUCCESS,BANGALORE,KARNATAKA,DEV100109,441,,2026-07-12 18:25:28.953779,dbfs:/Volumes/dbacademy/default/myvolume/Project%20Sentinel/upi_transactions.csv,High Value Transaction
3e0e7914-43f1-46b8-b21f-1e1b08577413,2026-07-03 23:08:05,AXIS,ICICI,ka****03@axis,sn****24@icici,49715.0,P2P,SUCCESS,MUMBAI,MAHARASHTRA,DEV100058,2993,,2026-07-12 18:25:28.953779,dbfs:/Volumes/dbacademy/default/myvolume/Project%20Sentinel/upi_transactions.csv,High Value Transaction
13a9b38f-3dd1-4df6-b7b3-d32736a383c5,2026-07-05 05:01:39,ICICI,SBI,pr****78@icici,ka****97@oksbi,48169.0,P2P,SUCCESS,BANGALORE,KARNATAKA,DEV100180,2612,,2026-07-12 18:25:28.953779,dbfs:/Volumes/dbacademy/default/myvolume/Project%20Sentinel/upi_transactions.csv,High Value Transaction
7c5324f1-8a54-4d46-ba34-22e390f11e3a,2026-06-24 19:34:54,AXIS,SBI,ha****76@axis,di****78@oksbi,49378.0,MERCHANT,SUCCESS,PUNE,MAHARASHTRA,DEV100098,2339,,2026-07-12 18:25:28.953779,dbfs:/Volumes/dbacademy/default/myvolume/Project%20Sentinel/upi_transactions.csv,High Value Transaction
66d686df-36a2-4c00-8c92-e42f5ca793a4,2026-06-22 03:08:33,ICICI,HDFC,pr****41@icici,pr****85@okhdfc,48473.0,P2P,SUCCESS,DELHI,DELHI,DEV100197,1403,,2026-07-12 18:25:28.953779,dbfs:/Volumes/dbacademy/default/myvolume/Project%20Sentinel/upi_transactions.csv,High Value Transaction
e9946a59-b623-4d4c-8477-e5fba9e54676,2026-06-20 09:26:47,HDFC,ICICI,ro****39@okhdfc,am****05@icici,49944.0,P2P,SUCCESS,AHMEDABAD,GUJARAT,DEV100112,2551,,2026-07-12 18:25:28.953779,dbfs:/Volumes/dbacademy/default/myvolume/Project%20Sentinel/upi_transactions.csv,High Value Transaction
027c08e1-98c2-4ebe-9f75-34e5fec171db,2026-06-24 22:07:46,SBI,HDFC,ma****16@oksbi,ka****96@okhdfc,49375.0,P2P,SUCCESS,BANGALORE,KARNATAKA,DEV100042,2062,,2026-07-12 18:25:28.953779,dbfs:/Volumes/dbacademy/default/myvolume/Project%20Sentinel/upi_transactions.csv,High Value Transaction
569acbc1-d65b-48f6-8283-c22baa85c306,2026-06-28 12:07:31,AXIS,HDFC,pr****49@axis,ha****49@okhdfc,48724.0,RECHARGE,SUCCESS,BANGALORE,KARNATAKA,DEV100124,1782,,2026-07-12 18:25:28.953779,dbfs:/Volumes/dbacademy/default/myvolume/Project%20Sentinel/upi_transactions.csv,High Value Transaction
bd025ddb-63c3-4e24-94bf-f62d31d477ef,2026-06-25 03:25:00,AXIS,HDFC,sn****75@axis,ni****42@okhdfc,48384.0,P2P,SUCCESS,DELHI,DELHI,DEV100052,1362,,2026-07-12 18:25:28.953779,dbfs:/Volumes/dbacademy/default/myvolume/Project%20Sentinel/upi_transactions.csv,High Value Transaction
27856668-7253-4ce7-abae-1f642836d671,2026-06-20 13:16:42,AXIS,HDFC,po****64@axis,vi****24@okhdfc,48101.0,RECHARGE,SUCCESS,MUMBAI,MAHARASHTRA,DEV100140,2246,,2026-07-12 18:25:28.953779,dbfs:/Volumes/dbacademy/default/myvolume/Project%20Sentinel/upi_transactions.csv,High Value Transaction
aa4f791d-97aa-41c6-a946-166178261351,2026-06-20 07:40:35,SBI,AXIS,di****04@oksbi,po****62@axis,49802.0,MERCHANT,SUCCESS,BANGALORE,KARNATAKA,DEV100141,1744,,2026-07-12 18:25:28.953779,dbfs:/Volumes/dbacademy/default/myvolume/Project%20Sentinel/upi_transactions.csv,High Value Transaction
2533415f-21e5-445c-8693-bbd0623646dc,2026-06-18 19:20:53,AXIS,SBI,ni****52@axis,di****49@oksbi,49790.0,P2P,SUCCESS,PUNE,MAHARASHTRA,DEV100125,2293,,2026-07-12 18:25:28.953779,dbfs:/Volumes/dbacademy/default/myvolume/Project%20Sentinel/upi_transactions.csv,High Value Transaction
dbb54acd-675a-47fe-b8e9-388f84a0d989,2026-07-05 05:48:14,ICICI,SBI,ma****52@icici,pr****79@oksbi,49271.0,MERCHANT,SUCCESS,HYDERABAD,TELANGANA,DEV100166,604,,2026-07-12 18:25:28.953779,dbfs:/Volumes/dbacademy/default/myvolume/Project%20Sentinel/upi_transactions.csv,High Value Transaction
fab6f346-7b48-433f-9fa9-107b9c26281b,2026-06-30 07:29:39,SBI,HDFC,sn****94@oksbi,ma****82@okhdfc,48234.0,RECHARGE,SUCCESS,JAIPUR,RAJASTHAN,DEV100009,206,,2026-07-12 18:25:28.953779,dbfs:/Volumes/dbacademy/default/myvolume/Project%20Sentinel/upi_transactions.csv,High Value Transaction
8bc52594-262d-42d1-9aeb-cce148d82c47,2026-06-28 02:40:15,ICICI,HDFC,an****41@icici,ka****70@okhdfc,49851.0,P2P,SUCCESS,INDORE,MADHYA PRADESH,DEV100123,1529,,2026-07-12 18:25:28.953779,dbfs:/Volumes/dbacademy/default/myvolume/Project%20Sentinel/upi_transactions.csv,High Value Transaction
e98107fb-aa58-4edb-a4ff-ac529e830fc5,2026-07-04 17:42:00,HDFC,SBI,vi****88@okhdfc,an****77@oksbi,49093.0,BILL PAYMENT,SUCCESS,DELHI,DELHI,DEV100155,2637,,2026-07-12 18:25:28.953779,dbfs:/Volumes/dbacademy/default/myvolume/Project%20Sentinel/upi_transactions.csv,High Value Transaction
9eb60f1d-176b-4f58-9caa-7b62232d41ac,2026-06-24 08:57:56,AXIS,ICICI,ka****17@axis,ka****51@icici,48192.0,P2P,SUCCESS,PUNE,MAHARASHTRA,DEV100100,2612,,2026-07-12 18:25:28.953779,dbfs:/Volumes/dbacademy/default/myvolume/Project%20Sentinel/upi_transactions.csv,High Value Transaction
4d116424-2959-455d-a7bc-f105f3819dd0,2026-07-11 08:45:38,ICICI,SBI,ma****86@icici,ka****61@oksbi,49359.0,MERCHANT,SUCCESS,AHMEDABAD,GUJARAT,DEV100074,1842,,2026-07-12 18:25:28.953779,dbfs:/Volumes/dbacademy/default/myvolume/Project%20Sentinel/upi_transactions.csv,High Value Transaction
b75b881a-eaae-4c5c-98eb-bb5b9b51cbf4,2026-06-23 10:20:38,AXIS,SBI,pr****37@axis,ha****16@oksbi,49696.0,BILL PAYMENT,SUCCESS,AHMEDABAD,GUJARAT,DEV100189,2993,,2026-07-12 18:25:28.953779,dbfs:/Volumes/dbacademy/default/myvolume/Project%20Sentinel/upi_transactions.csv,High Value Transaction
49ce0cd1-b95a-4c88-a27b-f4511dd8671b,2026-06-30 18:47:25,SBI,ICICI,sn****48@oksbi,pr****38@icici,48774.0,BILL PAYMENT,SUCCESS,JAIPUR,RAJASTHAN,DEV100030,511,,2026-07-12 18:25:28.953779,dbfs:/Volumes/dbacademy/default/myvolume/Project%20Sentinel/upi_transactions.csv,High Value Transaction
971756dc-537c-4f12-aaba-477aef32e3e2,2026-07-03 10:25:00,AXIS,SBI,ne****49@axis,ne****56@oksbi,49598.0,P2P,SUCCESS,JAIPUR,RAJASTHAN,DEV100117,942,,2026-07-12 18:25:28.953779,dbfs:/Volumes/dbacademy/default/myvolume/Project%20Sentinel/upi_transactions.csv,High Value Transaction
143e96fd-1354-4a8a-a38f-036278c4988b,2026-06-22 16:14:27,AXIS,HDFC,ka****68@axis,di****76@okhdfc,48520.0,P2P,SUCCESS,PUNE,MAHARASHTRA,DEV100113,2628,,2026-07-12 18:25:28.953779,dbfs:/Volumes/dbacademy/default/myvolume/Project%20Sentinel/upi_transactions.csv,High Value Transaction
938a04c2-d177-4012-ba06-71b45b445f9b,2026-06-23 11:54:59,SBI,HDFC,ri****62@oksbi,po****45@okhdfc,48892.0,P2P,SUCCESS,HYDERABAD,TELANGANA,DEV100137,944,,2026-07-12 18:25:28.953779,dbfs:/Volumes/dbacademy/default/myvolume/Project%20Sentinel/upi_transactions.csv,High Value Transaction
b53af881-04a0-4bf2-b25d-f45362319566,2026-06-26 11:56:19,HDFC,AXIS,ka****45@okhdfc,ar****13@axis,48928.0,MERCHANT,SUCCESS,PUNE,MAHARASHTRA,DEV100056,1556,,2026-07-12 18:25:28.953779,dbfs:/Volumes/dbacademy/default/myvolume/Project%20Sentinel/upi_transactions.csv,High Value Transaction
0caaccad-0c9f-49d2-baf5-521e6861a85a,2026-06-24 08:41:05,SBI,ICICI,ni****41@oksbi,ri****06@icici,49608.0,RECHARGE,SUCCESS,MUMBAI,MAHARASHTRA,DEV100095,1465,,2026-07-12 18:25:28.953779,dbfs:/Volumes/dbacademy/default/myvolume/Project%20Sentinel/upi_transactions.csv,High Value Transaction
07690c56-7f9b-40bb-9ac4-3b5e7d09f8e2,2026-07-11 06:04:00,AXIS,SBI,ro****11@axis,sn****13@oksbi,49191.0,P2P,FAILED,JAIPUR,RAJASTHAN,DEV100044,2154,Daily Limit Exceeded,2026-07-12 18:25:28.953779,dbfs:/Volumes/dbacademy/default/myvolume/Project%20Sentinel/upi_transactions.csv,High Value Transaction
acc1a30d-53dc-48ff-aee1-ca66f86f8178,2026-06-19 03:14:16,ICICI,AXIS,po****64@icici,ra****03@axis,49098.0,RECHARGE,SUCCESS,INDORE,MADHYA PRADESH,DEV100134,2905,,2026-07-12 18:25:28.953779,dbfs:/Volumes/dbacademy/default/myvolume/Project%20Sentinel/upi_transactions.csv,High Value Transaction
cf330119-e4bd-4fef-813e-78af5b105f73,2026-07-02 07:42:27,AXIS,ICICI,ha****55@axis,ka****44@icici,49232.0,RECHARGE,SUCCESS,BANGALORE,KARNATAKA,DEV100143,2828,,2026-07-12 18:25:28.953779,dbfs:/Volumes/dbacademy/default/myvolume/Project%20Sentinel/upi_transactions.csv,High Value Transaction
b05ead2c-191b-42e8-959b-1568b5a8f21c,2026-06-23 15:00:00,SBI,ICICI,ri****88@oksbi,ma****16@icici,48352.0,P2P,SUCCESS,HYDERABAD,TELANGANA,DEV100064,666,,2026-07-12 18:25:28.953779,dbfs:/Volumes/dbacademy/default/myvolume/Project%20Sentinel/upi_transactions.csv,High Value Transaction
f9607e16-02d0-49b1-b0f5-a10018117bb6,2026-07-05 16:17:26,SBI,HDFC,pr****30@oksbi,ni****91@okhdfc,49879.0,MERCHANT,SUCCESS,BANGALORE,KARNATAKA,DEV100010,246,,2026-07-12 18:25:28.953779,dbfs:/Volumes/dbacademy/default/myvolume/Project%20Sentinel/upi_transactions.csv,High Value Transaction
5922b821-f24b-4524-a979-f5631e5d89bb,2026-06-26 20:50:21,SBI,AXIS,ma****70@oksbi,ni****22@axis,48396.0,MERCHANT,SUCCESS,INDORE,MADHYA PRADESH,DEV100133,2817,,2026-07-12 18:25:28.953779,dbfs:/Volumes/dbacademy/default/myvolume/Project%20Sentinel/upi_transactions.csv,High Value Transaction
74f0aeec-d615-4b64-a263-a516f0f2fdd6,2026-07-10 18:43:30,AXIS,SBI,sn****54@axis,am****35@oksbi,48399.0,MERCHANT,SUCCESS,HYDERABAD,TELANGANA,DEV100195,1679,,2026-07-12 18:25:28.953779,dbfs:/Volumes/dbacademy/default/myvolume/Project%20Sentinel/upi_transactions.csv,High Value Transaction
f5aac6e0-dad4-4f65-9641-9e9c444d5ae0,2026-07-10 17:45:15,SBI,AXIS,ma****19@oksbi,di****68@axis,49532.0,MERCHANT,SUCCESS,AHMEDABAD,GUJARAT,DEV100083,2829,,2026-07-12 18:25:28.953779,dbfs:/Volumes/dbacademy/default/myvolume/Project%20Sentinel/upi_transactions.csv,High Value Transaction
fe4543f1-4338-4181-b71a-8af407836d28,2026-06-25 18:36:52,AXIS,SBI,ka****12@axis,ne****03@oksbi,48671.0,BILL PAYMENT,SUCCESS,AHMEDABAD,GUJARAT,DEV100073,2058,,2026-07-12 18:25:28.953779,dbfs:/Volumes/dbacademy/default/myvolume/Project%20Sentinel/upi_transactions.csv,High Value Transaction
18e25459-2f22-4504-826c-55ee54d705f4,2026-06-22 03:26:18,HDFC,SBI,vi****56@okhdfc,po****48@oksbi,48891.0,P2P,SUCCESS,AHMEDABAD,GUJARAT,DEV100050,1932,,2026-07-12 18:25:28.953779,dbfs:/Volumes/dbacademy/default/myvolume/Project%20Sentinel/upi_transactions.csv,High Value Transaction
fe87398e-dc81-45ed-9dc4-bc7712a14201,2026-06-29 19:00:25,HDFC,ICICI,am****53@okhdfc,po****58@icici,48637.0,P2P,SUCCESS,JAIPUR,RAJASTHAN,DEV100107,843,,2026-07-12 18:25:28.953779,dbfs:/Volumes/dbacademy/default/myvolume/Project%20Sentinel/upi_transactions.csv,High Value Transaction
c8c8b9df-3f44-47b7-beb4-455710230160,2026-06-20 14:09:14,HDFC,ICICI,di****89@okhdfc,ro****11@icici,49072.0,P2P,SUCCESS,INDORE,MADHYA PRADESH,DEV100147,2221,,2026-07-12 18:25:28.953779,dbfs:/Volumes/dbacademy/default/myvolume/Project%20Sentinel/upi_transactions.csv,High Value Transaction
6f5fbff5-d8b1-402f-9dff-d8cc41a0ae39,2026-06-15 01:40:45,SBI,ICICI,an****17@oksbi,ka****79@icici,48206.0,P2P,SUCCESS,PUNE,MAHARASHTRA,DEV100145,1317,,2026-07-12 18:25:28.953779,dbfs:/Volumes/dbacademy/default/myvolume/Project%20Sentinel/upi_transactions.csv,High Value Transaction
ffecafed-2562-4bb3-bb78-31372f290f6b,2026-06-28 19:01:58,SBI,AXIS,ne****85@oksbi,sn****73@axis,48316.0,P2P,SUCCESS,JAIPUR,RAJASTHAN,DEV100092,468,,2026-07-12 18:25:28.953779,dbfs:/Volumes/dbacademy/default/myvolume/Project%20Sentinel/upi_transactions.csv,High Value Transaction
ad0aebf7-d43a-4613-9263-41cee5dac03d,2026-06-25 14:47:06,AXIS,ICICI,ka****51@axis,ri****44@icici,49493.0,MERCHANT,SUCCESS,DELHI,DELHI,DEV100137,827,,2026-07-12 18:25:28.953779,dbfs:/Volumes/dbacademy/default/myvolume/Project%20Sentinel/upi_transactions.csv,High Value Transaction
d539044e-2492-4501-8ef5-0317641dee69,2026-07-01 04:06:31,AXIS,ICICI,di****03@axis,si****96@icici,49778.0,MERCHANT,SUCCESS,PUNE,MAHARASHTRA,DEV100095,1172,,2026-07-12 18:25:28.953779,dbfs:/Volumes/dbacademy/default/myvolume/Project%20Sentinel/upi_transactions.csv,High Value Transaction
b4b5d5b2-eec0-4f39-9bae-a1a5b54a785a,2026-06-23 06:27:14,SBI,ICICI,ka****73@oksbi,di****45@icici,49443.0,BILL PAYMENT,SUCCESS,DELHI,DELHI,DEV100029,797,,2026-07-12 18:25:28.953779,dbfs:/Volumes/dbacademy/default/myvolume/Project%20Sentinel/upi_transactions.csv,High Value Transaction
debfd6c5-cc12-47d7-af25-de1cdd9def96,2026-06-19 04:29:16,ICICI,SBI,ne****48@icici,ar****21@oksbi,48270.0,P2P,SUCCESS,INDORE,MADHYA PRADESH,DEV100149,2996,,2026-07-12 18:25:28.953779,dbfs:/Volumes/dbacademy/default/myvolume/Project%20Sentinel/upi_transactions.csv,High Value Transaction
9c2fc4c4-ed08-4aa5-bef9-a7d0eb31df8e,2026-06-27 15:43:05,AXIS,HDFC,an****71@axis,vi****74@okhdfc,48549.0,RECHARGE,SUCCESS,MUMBAI,MAHARASHTRA,DEV100151,440,,2026-07-12 18:25:28.953779,dbfs:/Volumes/dbacademy/default/myvolume/Project%20Sentinel/upi_transactions.csv,High Value Transaction
5a4c41f4-975e-4122-938f-f146bd64fcdd,2026-07-02 19:17:58,SBI,ICICI,si****92@oksbi,ha****76@icici,49163.0,MERCHANT,SUCCESS,BANGALORE,KARNATAKA,DEV100066,531,,2026-07-12 18:25:28.953779,dbfs:/Volumes/dbacademy/default/myvolume/Project%20Sentinel/upi_transactions.csv,High Value Transaction
27d078ee-9c91-42c6-b024-70110a77ecb5,2026-07-07 07:42:45,ICICI,HDFC,ni****48@icici,ka****38@okhdfc,48058.0,P2P,SUCCESS,DELHI,DELHI,DEV100140,985,,2026-07-12 18:25:28.953779,dbfs:/Volumes/dbacademy/default/myvolume/Project%20Sentinel/upi_transactions.csv,High Value Transaction
35026b48-c5b7-4cc7-a8d7-0244c8768b2a,2026-06-27 01:09:25,ICICI,SBI,po****99@icici,ra****93@oksbi,49036.0,P2P,SUCCESS,PUNE,MAHARASHTRA,DEV100130,2899,,2026-07-12 18:25:28.953779,dbfs:/Volumes/dbacademy/default/myvolume/Project%20Sentinel/upi_transactions.csv,High Value Transaction
0548a5b5-2242-4722-b314-1ce6eeba854d,2026-06-19 12:55:44,ICICI,AXIS,ne****00@icici,pr****84@axis,48607.0,BILL PAYMENT,SUCCESS,HYDERABAD,TELANGANA,DEV100006,865,,2026-07-12 18:25:28.953779,dbfs:/Volumes/dbacademy/default/myvolume/Project%20Sentinel/upi_transactions.csv,High Value Transaction
161d6e71-f0b2-4232-92af-7e7d04d84a56,2026-06-15 08:44:23,HDFC,ICICI,sn****44@okhdfc,am****99@icici,49357.0,P2P,SUCCESS,JAIPUR,RAJASTHAN,DEV100059,1801,,2026-07-12 18:25:28.953779,dbfs:/Volumes/dbacademy/default/myvolume/Project%20Sentinel/upi_transactions.csv,High Value Transaction
b0819620-e047-4398-b1b9-72dc82875a92,2026-06-16 02:25:38,ICICI,SBI,ka****88@icici,ne****01@oksbi,48611.0,P2P,SUCCESS,JAIPUR,RAJASTHAN,DEV100049,1096,,2026-07-12 18:25:28.953779,dbfs:/Volumes/dbacademy/default/myvolume/Project%20Sentinel/upi_transactions.csv,High Value Transaction
1a486074-d915-4e7c-aaaa-574fbb9f1fd0,2026-06-24 21:14:33,ICICI,AXIS,pr****53@icici,ro****43@axis,48684.0,RECHARGE,FAILED,AHMEDABAD,GUJARAT,DEV100027,1536,,2026-07-12 18:25:28.953779,dbfs:/Volumes/dbacademy/default/myvolume/Project%20Sentinel/upi_transactions.csv,High Value Transaction
4e6979bb-1bd4-447f-9069-488621b93997,2026-06-22 05:33:23,HDFC,ICICI,sn****59@okhdfc,di****20@icici,49056.0,MERCHANT,SUCCESS,JAIPUR,RAJASTHAN,DEV100109,2870,,2026-07-12 18:25:28.953779,dbfs:/Volumes/dbacademy/default/myvolume/Project%20Sentinel/upi_transactions.csv,High Value Transaction
9d8bffcc-010d-4943-b383-8cce02bb064b,2026-07-01 19:11:43,ICICI,HDFC,ka****15@icici,vi****47@okhdfc,49087.0,MERCHANT,SUCCESS,BANGALORE,KARNATAKA,DEV100024,1036,,2026-07-12 18:25:28.953779,dbfs:/Volumes/dbacademy/default/myvolume/Project%20Sentinel/upi_transactions.csv,High Value Transaction
71f54886-ea49-4c41-bbf7-a2a9440df481,2026-06-24 09:07:43,AXIS,ICICI,ka****01@axis,ma****63@icici,49290.0,MERCHANT,SUCCESS,PUNE,MAHARASHTRA,DEV100190,2374,,2026-07-12 18:25:28.953779,dbfs:/Volumes/dbacademy/default/myvolume/Project%20Sentinel/upi_transactions.csv,High Value Transaction
2a2a05ef-e63a-45dd-8418-2bbaf94b6128,2026-07-01 01:15:18,ICICI,AXIS,ne****95@icici,po****18@axis,48024.0,RECHARGE,SUCCESS,MUMBAI,MAHARASHTRA,DEV100146,2343,,2026-07-12 18:25:28.953779,dbfs:/Volumes/dbacademy/default/myvolume/Project%20Sentinel/upi_transactions.csv,High Value Transaction
a4bbf642-b37c-4475-89ff-ee0acb8aac06,2026-07-07 13:46:53,HDFC,AXIS,ma****35@okhdfc,ka****29@axis,48877.0,BILL PAYMENT,SUCCESS,DELHI,DELHI,DEV100130,2219,,2026-07-12 18:25:28.953779,dbfs:/Volumes/dbacademy/default/myvolume/Project%20Sentinel/upi_transactions.csv,High Value Transaction
aa8e71cf-0275-45cc-896e-c455f10c66ab,2026-06-29 14:05:33,ICICI,SBI,vi****21@icici,ra****43@oksbi,49549.0,MERCHANT,SUCCESS,AHMEDABAD,GUJARAT,DEV100178,899,,2026-07-12 18:25:28.953779,dbfs:/Volumes/dbacademy/default/myvolume/Project%20Sentinel/upi_transactions.csv,High Value Transaction
be86e51e-c322-458c-8fdc-429a3a2f3492,2026-07-05 16:09:06,AXIS,SBI,ne****87@axis,ha****04@oksbi,49766.0,MERCHANT,SUCCESS,PUNE,MAHARASHTRA,DEV100027,1410,,2026-07-12 18:25:28.953779,dbfs:/Volumes/dbacademy/default/myvolume/Project%20Sentinel/upi_transactions.csv,High Value Transaction
d03fe28e-af22-48c6-9c06-138e4fb7ea16,2026-06-27 07:04:11,HDFC,ICICI,pr****13@okhdfc,ra****85@icici,48679.0,MERCHANT,SUCCESS,PUNE,MAHARASHTRA,DEV100179,414,,2026-07-12 18:25:28.953779,dbfs:/Volumes/dbacademy/default/myvolume/Project%20Sentinel/upi_transactions.csv,High Value Transaction
68a943c0-a1c6-43ac-8128-68ec44529c13,2026-07-10 20:15:12,AXIS,ICICI,ne****47@axis,ri****01@icici,48948.0,BILL PAYMENT,SUCCESS,HYDERABAD,TELANGANA,DEV100095,365,,2026-07-12 18:25:28.953779,dbfs:/Volumes/dbacademy/default/myvolume/Project%20Sentinel/upi_transactions.csv,High Value Transaction
ac0f77de-e0e9-4a51-86d9-3596d7f6545d,2026-06-23 03:04:24,ICICI,AXIS,ar****54@icici,an****38@axis,48623.0,MERCHANT,SUCCESS,HYDERABAD,TELANGANA,DEV100159,1503,,2026-07-12 18:25:28.953779,dbfs:/Volumes/dbacademy/default/myvolume/Project%20Sentinel/upi_transactions.csv,High Value Transaction
560617d9-b480-4741-ba36-67eb92d45c2a,2026-07-06 18:58:21,AXIS,SBI,ne****15@axis,si****61@oksbi,48714.0,P2P,SUCCESS,BANGALORE,KARNATAKA,DEV100060,2962,,2026-07-12 18:25:28.953779,dbfs:/Volumes/dbacademy/default/myvolume/Project%20Sentinel/upi_transactions.csv,High Value Transaction
b60a35f1-ad3c-4ad8-b355-a2388580f592,2026-06-17 15:44:18,SBI,ICICI,ka****99@oksbi,ra****49@icici,49487.0,P2P,SUCCESS,HYDERABAD,TELANGANA,DEV100199,2660,,2026-07-12 18:25:28.953779,dbfs:/Volumes/dbacademy/default/myvolume/Project%20Sentinel/upi_transactions.csv,High Value Transaction
a1ff4d95-a80f-4429-ad57-3f0d0f79c8a3,2026-07-10 04:31:44,ICICI,HDFC,pr****09@icici,ni****72@okhdfc,48498.0,MERCHANT,SUCCESS,AHMEDABAD,GUJARAT,DEV100049,985,,2026-07-12 18:25:28.953779,dbfs:/Volumes/dbacademy/default/myvolume/Project%20Sentinel/upi_transactions.csv,High Value Transaction
8327e149-e2b4-417d-b223-c18822db26c9,2026-06-19 17:39:02,AXIS,ICICI,ni****33@axis,si****78@icici,49651.0,P2P,SUCCESS,AHMEDABAD,GUJARAT,DEV100139,1804,,2026-07-12 18:25:28.953779,dbfs:/Volumes/dbacademy/default/myvolume/Project%20Sentinel/upi_transactions.csv,High Value Transaction
aa9c1146-f9eb-4120-8470-5e44bcbe4074,2026-06-28 21:41:27,SBI,AXIS,vi****96@oksbi,ni****30@axis,48351.0,P2P,SUCCESS,MUMBAI,MAHARASHTRA,DEV100088,1461,,2026-07-12 18:25:28.953779,dbfs:/Volumes/dbacademy/default/myvolume/Project%20Sentinel/upi_transactions.csv,High Value Transaction
780ea17c-f21c-48c3-a25e-74e466fa8db7,2026-06-19 20:17:54,SBI,AXIS,ni****20@oksbi,vi****86@axis,48068.0,MERCHANT,SUCCESS,HYDERABAD,TELANGANA,DEV100019,2850,,2026-07-12 18:25:28.953779,dbfs:/Volumes/dbacademy/default/myvolume/Project%20Sentinel/upi_transactions.csv,High Value Transaction
35a83bac-f3ae-4ab6-8e0c-859ccb183fd3,2026-07-06 21:13:53,AXIS,ICICI,ni****77@axis,vi****65@icici,49957.0,RECHARGE,SUCCESS,DELHI,DELHI,DEV100039,473,,2026-07-12 18:25:28.953779,dbfs:/Volumes/dbacademy/default/myvolume/Project%20Sentinel/upi_transactions.csv,High Value Transaction
8c8c7a87-05e9-4a42-bccf-bb7aa585e10a,2026-07-08 09:13:25,HDFC,AXIS,ha****58@okhdfc,ni****20@axis,49128.0,MERCHANT,SUCCESS,JAIPUR,RAJASTHAN,DEV100008,2605,,2026-07-12 18:25:28.953779,dbfs:/Volumes/dbacademy/default/myvolume/Project%20Sentinel/upi_transactions.csv,High Value Transaction
ef372a03-94da-45d3-8b94-33d4b0c92f09,2026-06-27 18:13:12,AXIS,ICICI,am****92@axis,ro****02@icici,49815.0,P2P,SUCCESS,PUNE,MAHARASHTRA,DEV100081,700,,2026-07-12 18:25:28.953779,dbfs:/Volumes/dbacademy/default/myvolume/Project%20Sentinel/upi_transactions.csv,High Value Transaction
a634633d-d41d-4afe-a317-b5fa7fd82fcf,2026-06-30 09:23:59,AXIS,HDFC,si****05@axis,an****80@okhdfc,49828.0,MERCHANT,SUCCESS,JAIPUR,RAJASTHAN,DEV100177,2811,,2026-07-12 18:25:28.953779,dbfs:/Volumes/dbacademy/default/myvolume/Project%20Sentinel/upi_transactions.csv,High Value Transaction
6ca21b41-b90a-4b7c-8e4f-229eeba2e627,2026-06-13 07:37:16,SBI,AXIS,ni****26@oksbi,pr****94@axis,48532.0,P2P,SUCCESS,JAIPUR,RAJASTHAN,DEV100151,642,,2026-07-12 18:25:28.953779,dbfs:/Volumes/dbacademy/default/myvolume/Project%20Sentinel/upi_transactions.csv,High Value Transaction
7f575fca-c3ac-4d6e-91a1-5fa5fb7c3609,2026-06-13 22:10:55,ICICI,AXIS,po****77@icici,si****84@axis,49046.0,BILL PAYMENT,SUCCESS,HYDERABAD,TELANGANA,DEV100195,1237,,2026-07-12 18:25:28.953779,dbfs:/Volumes/dbacademy/default/myvolume/Project%20Sentinel/upi_transactions.csv,High Value Transaction
744de940-ab81-471f-902d-0bcc908a2cdd,2026-06-20 21:41:15,SBI,HDFC,ra****19@oksbi,di****62@okhdfc,48703.0,P2P,FAILED,HYDERABAD,TELANGANA,DEV100049,1359,Bank Server Down,2026-07-12 18:25:28.953779,dbfs:/Volumes/dbacademy/default/myvolume/Project%20Sentinel/upi_transactions.csv,High Value Transaction
804232db-18a3-47e3-8d43-df663efc69fe,2026-06-28 09:20:57,HDFC,SBI,ra****88@okhdfc,si****82@oksbi,48812.0,P2P,SUCCESS,HYDERABAD,TELANGANA,DEV100160,1717,,2026-07-12 18:25:28.953779,dbfs:/Volumes/dbacademy/default/myvolume/Project%20Sentinel/upi_transactions.csv,High Value Transaction
a91dd2cd-c71f-4ecd-9a93-4aadb60f0cb2,2026-06-28 19:01:03,AXIS,SBI,ra****22@axis,ro****80@oksbi,49706.0,P2P,SUCCESS,JAIPUR,RAJASTHAN,DEV100078,662,,2026-07-12 18:25:28.953779,dbfs:/Volumes/dbacademy/default/myvolume/Project%20Sentinel/upi_transactions.csv,High Value Transaction
78cdcb37-0c79-471a-93dd-e87f446fa2fc,2026-07-07 03:27:24,ICICI,SBI,ar****47@icici,si****37@oksbi,48127.0,RECHARGE,SUCCESS,HYDERABAD,TELANGANA,DEV100062,1617,,2026-07-12 18:25:28.953779,dbfs:/Volumes/dbacademy/default/myvolume/Project%20Sentinel/upi_transactions.csv,High Value Transaction
426636ba-535f-491d-9e6e-0332b5a3ea3c,2026-07-03 12:10:38,AXIS,HDFC,ar****48@axis,ka****88@okhdfc,49506.0,P2P,SUCCESS,BANGALORE,KARNATAKA,DEV100108,158,,2026-07-12 18:25:28.953779,dbfs:/Volumes/dbacademy/default/myvolume/Project%20Sentinel/upi_transactions.csv,High Value Transaction
b5905d1a-1bf2-4006-a133-fcbbacfaa4fe,2026-06-28 06:14:23,SBI,AXIS,ne****44@oksbi,vi****67@axis,49788.0,MERCHANT,SUCCESS,DELHI,DELHI,DEV100178,1661,,2026-07-12 18:25:28.953779,dbfs:/Volumes/dbacademy/default/myvolume/Project%20Sentinel/upi_transactions.csv,High Value Transaction
2d9ebfa5-c681-451f-a99a-c0c04dec8e53,2026-06-19 02:52:34,SBI,HDFC,si****25@oksbi,vi****19@okhdfc,49342.0,MERCHANT,SUCCESS,AHMEDABAD,GUJARAT,DEV100152,302,,2026-07-12 18:25:28.953779,dbfs:/Volumes/dbacademy/default/myvolume/Project%20Sentinel/upi_transactions.csv,High Value Transaction
fd993dbc-628b-4a5f-b4e7-f68f1f94a217,2026-06-25 18:58:09,ICICI,HDFC,an****24@icici,ha****30@okhdfc,49148.0,P2P,SUCCESS,MUMBAI,MAHARASHTRA,DEV100179,349,,2026-07-12 18:25:28.953779,dbfs:/Volumes/dbacademy/default/myvolume/Project%20Sentinel/upi_transactions.csv,High Value Transaction
aa64e945-383a-4a2d-b397-588190884694,2026-06-25 16:56:06,AXIS,ICICI,am****03@axis,an****04@icici,48740.0,P2P,SUCCESS,INDORE,MADHYA PRADESH,DEV100001,1966,,2026-07-12 18:25:28.953779,dbfs:/Volumes/dbacademy/default/myvolume/Project%20Sentinel/upi_transactions.csv,High Value Transaction
0c78579a-b7ec-4116-8668-3be606265c73,2026-06-22 09:25:16,ICICI,HDFC,ka****72@icici,ar****01@okhdfc,48397.0,BILL PAYMENT,SUCCESS,HYDERABAD,TELANGANA,DEV100167,706,,2026-07-12 18:25:28.953779,dbfs:/Volumes/dbacademy/default/myvolume/Project%20Sentinel/upi_transactions.csv,High Value Transaction
efcb5142-9d72-4ece-9ada-233170c71507,2026-06-27 04:54:33,ICICI,AXIS,ka****63@icici,ra****51@axis,48262.0,P2P,SUCCESS,JAIPUR,RAJASTHAN,DEV100185,2960,,2026-07-12 18:25:28.953779,dbfs:/Volumes/dbacademy/default/myvolume/Project%20Sentinel/upi_transactions.csv,High Value Transaction
c4471cac-4064-4d73-9933-f82c94a57346,2026-06-13 08:54:43,AXIS,SBI,pr****11@axis,pr****17@oksbi,48011.0,MERCHANT,SUCCESS,JAIPUR,RAJASTHAN,DEV100035,769,,2026-07-12 18:25:28.953779,dbfs:/Volumes/dbacademy/default/myvolume/Project%20Sentinel/upi_transactions.csv,High Value Transaction
25ee5681-312c-49b2-8f55-db21ee38d4d9,2026-06-21 17:27:20,AXIS,HDFC,po****47@axis,ra****51@okhdfc,49781.0,RECHARGE,SUCCESS,INDORE,MADHYA PRADESH,DEV100048,512,,2026-07-12 18:25:28.953779,dbfs:/Volumes/dbacademy/default/myvolume/Project%20Sentinel/upi_transactions.csv,High Value Transaction
4c334e25-cc26-4602-a875-b661f156a611,2026-06-21 18:16:38,SBI,AXIS,ni****41@oksbi,ka****02@axis,48302.0,P2P,SUCCESS,HYDERABAD,TELANGANA,DEV100166,1297,,2026-07-12 18:25:28.953779,dbfs:/Volumes/dbacademy/default/myvolume/Project%20Sentinel/upi_transactions.csv,High Value Transaction
cd77a7d9-64db-4672-9778-fe44c9ffdbfd,2026-07-06 00:41:02,ICICI,HDFC,ra****16@icici,vi****14@okhdfc,48120.0,MERCHANT,SUCCESS,AHMEDABAD,GUJARAT,DEV100151,2640,,2026-07-12 18:25:28.953779,dbfs:/Volumes/dbacademy/default/myvolume/Project%20Sentinel/upi_transactions.csv,High Value Transaction
ccc71a9e-26f1-4e21-b296-25756ad3964c,2026-06-27 08:19:35,SBI,HDFC,di****85@oksbi,am****66@okhdfc,48490.0,P2P,SUCCESS,AHMEDABAD,GUJARAT,DEV100002,2572,,2026-07-12 18:25:28.953779,dbfs:/Volumes/dbacademy/default/myvolume/Project%20Sentinel/upi_transactions.csv,High Value Transaction
14c4b4a1-4988-439b-a8f4-42c568f6dc9b,2026-06-26 13:38:58,AXIS,ICICI,ka****92@axis,ha****32@icici,49367.0,MERCHANT,SUCCESS,PUNE,MAHARASHTRA,DEV100136,2503,,2026-07-12 18:25:28.953779,dbfs:/Volumes/dbacademy/default/myvolume/Project%20Sentinel/upi_transactions.csv,High Value Transaction
6a383cca-f7e1-4c13-9fa1-70d8e9ed1ee9,2026-07-07 03:17:41,ICICI,AXIS,pr****82@icici,ri****70@axis,48751.0,P2P,SUCCESS,PUNE,MAHARASHTRA,DEV100124,1532,,2026-07-12 18:25:28.953779,dbfs:/Volumes/dbacademy/default/myvolume/Project%20Sentinel/upi_transactions.csv,High Value Transaction
9bc0fa23-5c91-4467-98fb-ea95d515cbf6,2026-06-23 07:35:29,SBI,HDFC,po****21@oksbi,pr****01@okhdfc,48235.0,MERCHANT,SUCCESS,PUNE,MAHARASHTRA,DEV100103,2262,,2026-07-12 18:25:28.953779,dbfs:/Volumes/dbacademy/default/myvolume/Project%20Sentinel/upi_transactions.csv,High Value Transaction
ddd37fef-db6e-4866-ac20-460282b6683d,2026-06-19 23:46:35,SBI,ICICI,di****55@oksbi,ro****15@icici,49208.0,BILL PAYMENT,SUCCESS,AHMEDABAD,GUJARAT,DEV100165,2028,,2026-07-12 18:25:28.953779,dbfs:/Volumes/dbacademy/default/myvolume/Project%20Sentinel/upi_transactions.csv,High Value Transaction
8f5bc5bb-4680-4e63-a007-904871202a6d,2026-07-07 13:19:27,SBI,AXIS,an****61@oksbi,ka****48@axis,48306.0,MERCHANT,SUCCESS,BANGALORE,KARNATAKA,DEV100049,1830,,2026-07-12 18:25:28.953779,dbfs:/Volumes/dbacademy/default/myvolume/Project%20Sentinel/upi_transactions.csv,High Value Transaction
e0814957-069b-48c7-b49b-a66c872aa2b2,2026-07-06 17:19:49,HDFC,ICICI,ra****35@okhdfc,ka****28@icici,49131.0,P2P,SUCCESS,MUMBAI,MAHARASHTRA,DEV100052,2895,,2026-07-12 18:25:28.953779,dbfs:/Volumes/dbacademy/default/myvolume/Project%20Sentinel/upi_transactions.csv,High Value Transaction
4963a372-e3bf-41f6-822a-7fead3097971,2026-06-17 15:37:42,HDFC,SBI,ar****50@okhdfc,pr****03@oksbi,49698.0,BILL PAYMENT,SUCCESS,HYDERABAD,TELANGANA,DEV100125,1232,,2026-07-12 18:25:28.953779,dbfs:/Volumes/dbacademy/default/myvolume/Project%20Sentinel/upi_transactions.csv,High Value Transaction
d008e52b-2e3a-4e7a-b125-23caf7f7649f,2026-07-08 09:40:04,ICICI,HDFC,pr****88@icici,si****09@okhdfc,48116.0,MERCHANT,SUCCESS,BANGALORE,KARNATAKA,DEV100110,1081,,2026-07-12 18:25:28.953779,dbfs:/Volumes/dbacademy/default/myvolume/Project%20Sentinel/upi_transactions.csv,High Value Transaction
5d434a90-6c0b-4797-b683-a9c4d94d210b,2026-06-17 05:54:43,ICICI,HDFC,ka****80@icici,ar****88@okhdfc,48494.0,MERCHANT,SUCCESS,HYDERABAD,TELANGANA,DEV100088,861,,2026-07-12 18:25:28.953779,dbfs:/Volumes/dbacademy/default/myvolume/Project%20Sentinel/upi_transactions.csv,High Value Transaction
1ef15164-2f66-49d9-93e7-284c0973beee,2026-07-04 23:18:52,ICICI,AXIS,ri****24@icici,an****44@axis,49253.0,P2P,SUCCESS,JAIPUR,RAJASTHAN,DEV100056,2496,,2026-07-12 18:25:28.953779,dbfs:/Volumes/dbacademy/default/myvolume/Project%20Sentinel/upi_transactions.csv,High Value Transaction
b564262c-6808-459e-a2fc-7416340bc38f,2026-07-01 02:20:04,AXIS,HDFC,di****60@axis,sn****87@okhdfc,49014.0,MERCHANT,SUCCESS,MUMBAI,MAHARASHTRA,DEV100132,307,,2026-07-12 18:25:28.953779,dbfs:/Volumes/dbacademy/default/myvolume/Project%20Sentinel/upi_transactions.csv,High Value Transaction
f02bfdd8-ab85-48ad-98a5-d7b4ebf2982f,2026-07-12 17:17:55,HDFC,AXIS,po****87@okhdfc,pr****88@axis,49419.0,RECHARGE,SUCCESS,BANGALORE,KARNATAKA,DEV100100,1777,,2026-07-12 18:25:28.953779,dbfs:/Volumes/dbacademy/default/myvolume/Project%20Sentinel/upi_transactions.csv,High Value Transaction
1f1e8210-021a-472c-9738-a1b92c423085,2026-06-24 01:35:52,ICICI,HDFC,ro****22@icici,an****62@okhdfc,48452.0,P2P,SUCCESS,DELHI,DELHI,DEV100060,2884,,2026-07-12 18:25:28.953779,dbfs:/Volumes/dbacademy/default/myvolume/Project%20Sentinel/upi_transactions.csv,High Value Transaction
e2c62a61-12de-4096-9217-4705c42a6222,2026-06-17 21:36:40,HDFC,AXIS,ri****24@okhdfc,sn****89@axis,49379.0,MERCHANT,SUCCESS,JAIPUR,RAJASTHAN,DEV100033,2330,,2026-07-12 18:25:28.953779,dbfs:/Volumes/dbacademy/default/myvolume/Project%20Sentinel/upi_transactions.csv,High Value Transaction
a0d3caae-10a8-4222-ad89-29582fff24f2,2026-06-22 16:48:09,HDFC,AXIS,ar****97@okhdfc,ka****08@axis,48888.0,BILL PAYMENT,SUCCESS,JAIPUR,RAJASTHAN,DEV100179,2934,,2026-07-12 18:25:28.953779,dbfs:/Volumes/dbacademy/default/myvolume/Project%20Sentinel/upi_transactions.csv,High Value Transaction
69612b3e-bd66-45a9-9e3d-31f0f34bbc3a,2026-07-05 06:54:54,HDFC,SBI,ma****70@okhdfc,pr****42@oksbi,49468.0,P2P,FAILED,HYDERABAD,TELANGANA,DEV100074,2435,Bank Server Down,2026-07-12 18:25:28.953779,dbfs:/Volumes/dbacademy/default/myvolume/Project%20Sentinel/upi_transactions.csv,High Value Transaction
cb2fb9c2-70e2-4a4e-8f0f-d8d9df467534,2026-07-09 01:56:07,SBI,AXIS,di****89@oksbi,pr****70@axis,48153.0,P2P,SUCCESS,INDORE,MADHYA PRADESH,DEV100005,2574,,2026-07-12 18:25:28.953779,dbfs:/Volumes/dbacademy/default/myvolume/Project%20Sentinel/upi_transactions.csv,High Value Transaction
d2d56a45-1764-4809-b346-aa6333fcba5a,2026-07-10 12:00:04,HDFC,ICICI,di****44@okhdfc,po****38@icici,49618.0,MERCHANT,SUCCESS,MUMBAI,MAHARASHTRA,DEV100064,2220,,2026-07-12 18:25:28.953779,dbfs:/Volumes/dbacademy/default/myvolume/Project%20Sentinel/upi_transactions.csv,High Value Transaction
6d069ae4-9b05-49fe-902f-e3fadd8da1d9,2026-07-05 18:46:12,ICICI,SBI,sn****02@icici,pr****83@oksbi,49433.0,BILL PAYMENT,SUCCESS,INDORE,MADHYA PRADESH,DEV100076,2591,,2026-07-12 18:25:28.953779,dbfs:/Volumes/dbacademy/default/myvolume/Project%20Sentinel/upi_transactions.csv,High Value Transaction
a8d5f6cc-9761-416b-9667-512b13a43778,2026-07-04 11:52:24,HDFC,AXIS,sn****18@okhdfc,ar****51@axis,48916.0,P2P,SUCCESS,PUNE,MAHARASHTRA,DEV100023,200,,2026-07-12 18:25:28.953779,dbfs:/Volumes/dbacademy/default/myvolume/Project%20Sentinel/upi_transactions.csv,High Value Transaction
2a6348cc-91b4-43ce-9c72-c6e492dbe4f5,2026-07-07 13:41:57,ICICI,SBI,sn****74@icici,ka****75@oksbi,48378.0,P2P,SUCCESS,PUNE,MAHARASHTRA,DEV100020,2862,,2026-07-12 18:25:28.953779,dbfs:/Volumes/dbacademy/default/myvolume/Project%20Sentinel/upi_transactions.csv,High Value Transaction
2615bc77-ae72-4947-b583-3f27186e9943,2026-07-05 20:01:26,AXIS,HDFC,po****69@axis,pr****43@okhdfc,49275.0,RECHARGE,SUCCESS,BANGALORE,KARNATAKA,DEV100168,575,,2026-07-12 18:25:28.953779,dbfs:/Volumes/dbacademy/default/myvolume/Project%20Sentinel/upi_transactions.csv,High Value Transaction
d9260590-c7df-4137-82b0-8c81123c4134,2026-06-19 08:17:49,HDFC,ICICI,si****63@okhdfc,pr****75@icici,48074.0,P2P,SUCCESS,AHMEDABAD,GUJARAT,DEV100069,301,,2026-07-12 18:25:28.953779,dbfs:/Volumes/dbacademy/default/myvolume/Project%20Sentinel/upi_transactions.csv,High Value Transaction
4ee8aee8-7771-456e-b468-95b987b0707b,2026-06-16 01:08:37,ICICI,HDFC,ni****23@icici,ne****12@okhdfc,49607.0,RECHARGE,SUCCESS,PUNE,MAHARASHTRA,DEV100046,155,,2026-07-12 18:25:28.953779,dbfs:/Volumes/dbacademy/default/myvolume/Project%20Sentinel/upi_transactions.csv,High Value Transaction
8a6a16ff-f0be-4979-a70a-45f22c4cd9ed,2026-06-13 07:05:06,SBI,HDFC,ma****24@oksbi,ka****40@okhdfc,48636.0,RECHARGE,SUCCESS,HYDERABAD,TELANGANA,DEV100128,1562,,2026-07-12 18:25:28.953779,dbfs:/Volumes/dbacademy/default/myvolume/Project%20Sentinel/upi_transactions.csv,High Value Transaction
9bdc83f3-6a4c-41a2-b574-387abf480a63,2026-06-22 02:21:29,SBI,ICICI,di****08@oksbi,ne****44@icici,49640.0,MERCHANT,SUCCESS,BANGALORE,KARNATAKA,DEV100046,1356,,2026-07-12 18:25:28.953779,dbfs:/Volumes/dbacademy/default/myvolume/Project%20Sentinel/upi_transactions.csv,High Value Transaction
9cb9248c-1d7d-4d63-994a-10c77fca98c6,2026-06-17 01:09:50,ICICI,SBI,di****05@icici,ma****94@oksbi,48749.0,P2P,SUCCESS,JAIPUR,RAJASTHAN,DEV100048,204,,2026-07-12 18:25:28.953779,dbfs:/Volumes/dbacademy/default/myvolume/Project%20Sentinel/upi_transactions.csv,High Value Transaction
22429a21-224a-45a4-b59f-992a3c8c2a5d,2026-06-13 16:09:56,ICICI,HDFC,ka****03@icici,sn****11@okhdfc,48392.0,RECHARGE,SUCCESS,DELHI,DELHI,DEV100065,562,,2026-07-12 18:25:28.953779,dbfs:/Volumes/dbacademy/default/myvolume/Project%20Sentinel/upi_transactions.csv,High Value Transaction
e1352fee-2cc7-4fa4-a095-d1851c8f3e9d,2026-07-04 15:26:04,HDFC,ICICI,am****42@okhdfc,ra****88@icici,49092.0,P2P,SUCCESS,MUMBAI,MAHARASHTRA,DEV100189,1422,,2026-07-12 18:25:28.953779,dbfs:/Volumes/dbacademy/default/myvolume/Project%20Sentinel/upi_transactions.csv,High Value Transaction
aa11b63b-8898-4033-bc9c-3f6f9e9887ba,2026-07-06 21:16:51,ICICI,SBI,am****77@icici,pr****29@oksbi,48733.0,P2P,SUCCESS,PUNE,MAHARASHTRA,DEV100003,2820,,2026-07-12 18:25:28.953779,dbfs:/Volumes/dbacademy/default/myvolume/Project%20Sentinel/upi_transactions.csv,High Value Transaction
53a8cc1e-42ab-44ba-8eda-23b0741b76ff,2026-06-21 02:30:34,ICICI,SBI,pr****57@icici,pr****35@oksbi,49634.0,P2P,SUCCESS,AHMEDABAD,GUJARAT,DEV100183,1874,,2026-07-12 18:25:28.953779,dbfs:/Volumes/dbacademy/default/myvolume/Project%20Sentinel/upi_transactions.csv,High Value Transaction
35b59646-41ae-44b3-b93f-5486eeb335d8,2026-06-23 18:55:45,ICICI,SBI,ka****84@icici,ri****22@oksbi,48723.0,P2P,SUCCESS,INDORE,MADHYA PRADESH,DEV100006,543,,2026-07-12 18:25:28.953779,dbfs:/Volumes/dbacademy/default/myvolume/Project%20Sentinel/upi_transactions.csv,High Value Transaction
6a4722be-92ed-43a5-ab8c-a0591be1d03b,2026-06-20 19:22:25,HDFC,AXIS,pr****06@okhdfc,ka****49@axis,48338.0,MERCHANT,SUCCESS,PUNE,MAHARASHTRA,DEV100150,993,,2026-07-12 18:25:28.953779,dbfs:/Volumes/dbacademy/default/myvolume/Project%20Sentinel/upi_transactions.csv,High Value Transaction
7e82abbc-db4b-4c8f-aa76-2ec5335c5b89,2026-06-29 10:31:30,SBI,ICICI,ro****02@oksbi,ka****24@icici,49444.0,P2P,SUCCESS,BANGALORE,KARNATAKA,DEV100076,2520,,2026-07-12 18:25:28.953779,dbfs:/Volumes/dbacademy/default/myvolume/Project%20Sentinel/upi_transactions.csv,High Value Transaction
8ccb7b10-d1ed-4875-96f5-fb8a605883c0,2026-07-04 03:55:19,ICICI,AXIS,ne****46@icici,ka****93@axis,48171.0,BILL PAYMENT,SUCCESS,BANGALORE,KARNATAKA,DEV100012,330,,2026-07-12 18:25:28.953779,dbfs:/Volumes/dbacademy/default/myvolume/Project%20Sentinel/upi_transactions.csv,High Value Transaction
74971c91-78ba-4276-945e-3f9552d50dda,2026-07-01 00:37:36,AXIS,ICICI,ka****54@axis,ri****69@icici,49500.0,P2P,SUCCESS,INDORE,MADHYA PRADESH,DEV100121,2407,,2026-07-12 18:25:28.953779,dbfs:/Volumes/dbacademy/default/myvolume/Project%20Sentinel/upi_transactions.csv,High Value Transaction
243b887e-77cf-409c-97a2-02215078bde7,2026-06-25 03:59:27,ICICI,SBI,di****72@icici,ka****46@oksbi,48728.0,RECHARGE,SUCCESS,AHMEDABAD,GUJARAT,DEV100110,1367,,2026-07-12 18:25:28.953779,dbfs:/Volumes/dbacademy/default/myvolume/Project%20Sentinel/upi_transactions.csv,High Value Transaction
4fdd7b5b-4d4c-48cf-932e-b2fd4be5fee4,2026-06-30 09:53:36,AXIS,SBI,ha****56@axis,ar****98@oksbi,49073.0,MERCHANT,SUCCESS,MUMBAI,MAHARASHTRA,DEV100009,1135,,2026-07-12 18:25:28.953779,dbfs:/Volumes/dbacademy/default/myvolume/Project%20Sentinel/upi_transactions.csv,High Value Transaction
cf25e03a-8260-4d04-b984-60eef8ecfc52,2026-07-12 05:21:29,AXIS,HDFC,pr****81@axis,ni****01@okhdfc,49563.0,P2P,SUCCESS,AHMEDABAD,GUJARAT,DEV100143,2594,,2026-07-12 18:25:28.953779,dbfs:/Volumes/dbacademy/default/myvolume/Project%20Sentinel/upi_transactions.csv,High Value Transaction
b9ab4ac6-9e9c-474f-bd35-d78effcec02e,2026-07-07 01:15:08,SBI,AXIS,ha****88@oksbi,sn****13@axis,49981.0,RECHARGE,SUCCESS,MUMBAI,MAHARASHTRA,DEV100199,1929,,2026-07-12 18:25:28.953779,dbfs:/Volumes/dbacademy/default/myvolume/Project%20Sentinel/upi_transactions.csv,High Value Transaction
2eb8b13d-16a8-4450-a7a5-de93cfdfe28a,2026-06-13 01:19:11,HDFC,AXIS,ro****96@okhdfc,ma****26@axis,49545.0,P2P,SUCCESS,DELHI,DELHI,DEV100091,1715,,2026-07-12 18:25:28.953779,dbfs:/Volumes/dbacademy/default/myvolume/Project%20Sentinel/upi_transactions.csv,High Value Transaction
8eb513ae-4a08-47a4-b4f4-0163a9c8f117,2026-07-10 18:41:43,AXIS,SBI,ni****11@axis,pr****26@oksbi,48212.0,P2P,SUCCESS,BANGALORE,KARNATAKA,DEV100114,407,,2026-07-12 18:25:28.953779,dbfs:/Volumes/dbacademy/default/myvolume/Project%20Sentinel/upi_transactions.csv,High Value Transaction
424e9e0e-39a1-4f43-99c3-f11aa0d98ac3,2026-06-22 08:37:27,ICICI,AXIS,ri****57@icici,vi****03@axis,48521.0,RECHARGE,SUCCESS,BANGALORE,KARNATAKA,DEV100041,1541,,2026-07-12 18:25:28.953779,dbfs:/Volumes/dbacademy/default/myvolume/Project%20Sentinel/upi_transactions.csv,High Value Transaction
0a4dd2ee-1192-48c3-9d1d-9b9e0d257f27,2026-06-29 02:57:52,HDFC,AXIS,ma****64@okhdfc,sn****45@axis,49940.0,P2P,SUCCESS,PUNE,MAHARASHTRA,DEV100019,882,,2026-07-12 18:25:28.953779,dbfs:/Volumes/dbacademy/default/myvolume/Project%20Sentinel/upi_transactions.csv,High Value Transaction
80e1f2ab-5ec9-4ff4-8713-d500c181aef2,2026-07-03 05:47:45,AXIS,HDFC,ne****92@axis,ka****46@okhdfc,48204.0,BILL PAYMENT,SUCCESS,MUMBAI,MAHARASHTRA,DEV100136,2242,,2026-07-12 18:25:28.953779,dbfs:/Volumes/dbacademy/default/myvolume/Project%20Sentinel/upi_transactions.csv,High Value Transaction
718e5c28-0fbf-423b-acfb-617b3181755c,2026-07-01 11:53:33,HDFC,SBI,ka****42@okhdfc,ni****86@oksbi,48822.0,MERCHANT,SUCCESS,BANGALORE,KARNATAKA,DEV100115,278,,2026-07-12 18:25:28.953779,dbfs:/Volumes/dbacademy/default/myvolume/Project%20Sentinel/upi_transactions.csv,High Value Transaction
8b0d4210-cd9d-4352-8fb3-dc3d81a85c6f,2026-06-23 11:20:30,AXIS,HDFC,ka****74@axis,ro****50@okhdfc,48516.0,P2P,SUCCESS,DELHI,DELHI,DEV100080,1926,,2026-07-12 18:25:28.953779,dbfs:/Volumes/dbacademy/default/myvolume/Project%20Sentinel/upi_transactions.csv,High Value Transaction
e3a591ea-d0ec-4732-bcb9-2fb8e49ab300,2026-06-25 14:39:42,ICICI,SBI,ka****11@icici,ma****08@oksbi,48384.0,BILL PAYMENT,SUCCESS,HYDERABAD,TELANGANA,DEV100114,2051,,2026-07-12 18:25:28.953779,dbfs:/Volumes/dbacademy/default/myvolume/Project%20Sentinel/upi_transactions.csv,High Value Transaction
9bc022aa-910f-4723-9d90-9b899e7cad09,2026-06-18 11:40:45,SBI,HDFC,ka****19@oksbi,ka****66@okhdfc,48718.0,RECHARGE,SUCCESS,AHMEDABAD,GUJARAT,DEV100079,1722,,2026-07-12 18:25:28.953779,dbfs:/Volumes/dbacademy/default/myvolume/Project%20Sentinel/upi_transactions.csv,High Value Transaction
60f89b86-4d7c-4d15-b931-81491e9f71ff,2026-06-26 06:56:21,AXIS,SBI,ha****71@axis,pr****58@oksbi,48416.0,P2P,SUCCESS,AHMEDABAD,GUJARAT,DEV100130,1352,,2026-07-12 18:25:28.953779,dbfs:/Volumes/dbacademy/default/myvolume/Project%20Sentinel/upi_transactions.csv,High Value Transaction
010ac190-73bd-4251-bafc-e4d0808316e5,2026-06-15 06:49:41,SBI,ICICI,po****61@oksbi,ro****99@icici,48866.0,MERCHANT,SUCCESS,INDORE,MADHYA PRADESH,DEV100191,761,,2026-07-12 18:25:28.953779,dbfs:/Volumes/dbacademy/default/myvolume/Project%20Sentinel/upi_transactions.csv,High Value Transaction
8ccce89e-bc1f-4589-83a7-ee8837f43fb3,2026-06-27 08:14:28,AXIS,HDFC,ra****85@axis,pr****19@okhdfc,49639.0,MERCHANT,SUCCESS,JAIPUR,RAJASTHAN,DEV100004,2461,,2026-07-12 18:25:28.953779,dbfs:/Volumes/dbacademy/default/myvolume/Project%20Sentinel/upi_transactions.csv,High Value Transaction
a5da5f80-1ec2-4ded-b782-2dc239ae5739,2026-06-30 19:02:38,HDFC,SBI,an****85@okhdfc,ra****60@oksbi,48473.0,P2P,SUCCESS,INDORE,MADHYA PRADESH,DEV100002,2668,,2026-07-12 18:25:28.953779,dbfs:/Volumes/dbacademy/default/myvolume/Project%20Sentinel/upi_transactions.csv,High Value Transaction
b56b3200-2616-43c9-9309-29330ff24951,2026-07-12 03:01:08,AXIS,SBI,si****75@axis,ka****93@oksbi,48427.0,BILL PAYMENT,SUCCESS,PUNE,MAHARASHTRA,DEV100098,1087,,2026-07-12 18:25:28.953779,dbfs:/Volumes/dbacademy/default/myvolume/Project%20Sentinel/upi_transactions.csv,High Value Transaction
2409fcfc-d695-45c9-981e-aed828b1dc5f,2026-06-17 12:29:57,HDFC,ICICI,ni****51@okhdfc,ri****71@icici,49207.0,MERCHANT,SUCCESS,INDORE,MADHYA PRADESH,DEV100152,945,,2026-07-12 18:25:28.953779,dbfs:/Volumes/dbacademy/default/myvolume/Project%20Sentinel/upi_transactions.csv,High Value Transaction
8f5cb721-b810-467c-b5e4-e490c530d3f4,2026-07-11 15:54:06,AXIS,ICICI,po****30@axis,si****06@icici,48302.0,P2P,SUCCESS,INDORE,MADHYA PRADESH,DEV100046,200,,2026-07-12 18:25:28.953779,dbfs:/Volumes/dbacademy/default/myvolume/Project%20Sentinel/upi_transactions.csv,High Value Transaction
c664d77b-8c41-4e9f-a2da-2ae8b753cb60,2026-06-26 05:12:25,HDFC,SBI,vi****22@okhdfc,ri****73@oksbi,48022.0,MERCHANT,SUCCESS,INDORE,MADHYA PRADESH,DEV100139,2376,,2026-07-12 18:25:28.953779,dbfs:/Volumes/dbacademy/default/myvolume/Project%20Sentinel/upi_transactions.csv,High Value Transaction
85370f7b-62d4-4329-8d73-eda676f9f0db,2026-06-30 18:20:11,SBI,HDFC,ma****73@oksbi,ka****80@okhdfc,49400.0,MERCHANT,SUCCESS,AHMEDABAD,GUJARAT,DEV100196,216,,2026-07-12 18:25:28.953779,dbfs:/Volumes/dbacademy/default/myvolume/Project%20Sentinel/upi_transactions.csv,High Value Transaction
c9dd2873-5755-44b4-b6d5-c211bd1e55f5,2026-06-26 11:34:51,ICICI,HDFC,ne****94@icici,ri****43@okhdfc,48482.0,MERCHANT,SUCCESS,PUNE,MAHARASHTRA,DEV100017,1956,,2026-07-12 18:25:28.953779,dbfs:/Volumes/dbacademy/default/myvolume/Project%20Sentinel/upi_transactions.csv,High Value Transaction
17c3ed32-3237-4d1a-8fc6-8ab450fd4350,2026-06-12 19:40:02,SBI,AXIS,di****43@oksbi,di****90@axis,49551.0,BILL PAYMENT,SUCCESS,AHMEDABAD,GUJARAT,DEV100189,2546,,2026-07-12 18:25:28.953779,dbfs:/Volumes/dbacademy/default/myvolume/Project%20Sentinel/upi_transactions.csv,High Value Transaction
f9496898-c17d-4863-9781-9c53c6f0ae5a,2026-07-08 05:33:29,ICICI,AXIS,ka****82@icici,pr****29@axis,49872.0,BILL PAYMENT,SUCCESS,MUMBAI,MAHARASHTRA,DEV100045,2315,,2026-07-12 18:25:28.953779,dbfs:/Volumes/dbacademy/default/myvolume/Project%20Sentinel/upi_transactions.csv,High Value Transaction
83143c52-7d92-4515-b30b-3666c22706d3,2026-07-03 11:23:53,ICICI,AXIS,ka****38@icici,po****16@axis,49325.0,RECHARGE,SUCCESS,MUMBAI,MAHARASHTRA,DEV100169,1454,,2026-07-12 18:25:28.953779,dbfs:/Volumes/dbacademy/default/myvolume/Project%20Sentinel/upi_transactions.csv,High Value Transaction
fb59e417-3b13-43c3-93e6-25e348bf2827,2026-07-02 16:49:11,AXIS,SBI,ar****42@axis,pr****11@oksbi,48158.0,RECHARGE,SUCCESS,INDORE,MADHYA PRADESH,DEV100187,1032,,2026-07-12 18:25:28.953779,dbfs:/Volumes/dbacademy/default/myvolume/Project%20Sentinel/upi_transactions.csv,High Value Transaction
ff38b726-8739-464c-88d6-c18b33aa7a3c,2026-06-15 08:29:24,SBI,HDFC,vi****12@oksbi,ka****56@okhdfc,49332.0,BILL PAYMENT,SUCCESS,MUMBAI,MAHARASHTRA,DEV100140,1734,,2026-07-12 18:25:28.953779,dbfs:/Volumes/dbacademy/default/myvolume/Project%20Sentinel/upi_transactions.csv,High Value Transaction
ddd56ab5-7589-4a9b-8299-8821bf4f5157,2026-06-23 19:54:12,ICICI,HDFC,an****58@icici,di****02@okhdfc,48987.0,MERCHANT,SUCCESS,MUMBAI,MAHARASHTRA,DEV100164,1949,,2026-07-12 18:25:28.953779,dbfs:/Volumes/dbacademy/default/myvolume/Project%20Sentinel/upi_transactions.csv,High Value Transaction
455ff06d-5d51-45aa-96b2-9208eb5bec06,2026-06-30 23:23:38,ICICI,SBI,ma****66@icici,ni****52@oksbi,49073.0,RECHARGE,SUCCESS,DELHI,DELHI,DEV100014,1745,,2026-07-12 18:25:28.953779,dbfs:/Volumes/dbacademy/default/myvolume/Project%20Sentinel/upi_transactions.csv,High Value Transaction
6a982497-4f0d-4b08-9a5d-ca03c3756c71,2026-07-06 17:43:17,HDFC,SBI,po****86@okhdfc,ka****96@oksbi,48237.0,RECHARGE,SUCCESS,DELHI,DELHI,DEV100134,517,,2026-07-12 18:25:28.953779,dbfs:/Volumes/dbacademy/default/myvolume/Project%20Sentinel/upi_transactions.csv,High Value Transaction
4d7d49a2-723f-431e-84f7-4fb7b3f4bad2,2026-07-05 08:12:00,ICICI,AXIS,ka****37@icici,si****66@axis,49954.0,P2P,SUCCESS,MUMBAI,MAHARASHTRA,DEV100032,1819,,2026-07-12 18:25:28.953779,dbfs:/Volumes/dbacademy/default/myvolume/Project%20Sentinel/upi_transactions.csv,High Value Transaction
f07a33ed-a0ed-4168-84b1-f56c046247e7,2026-06-20 09:28:19,ICICI,SBI,ne****22@icici,ra****07@oksbi,48506.0,RECHARGE,SUCCESS,PUNE,MAHARASHTRA,DEV100065,995,,2026-07-12 18:25:28.953779,dbfs:/Volumes/dbacademy/default/myvolume/Project%20Sentinel/upi_transactions.csv,High Value Transaction
bd5d6f64-f9e8-41bd-b238-b81f1ce7052f,2026-06-13 18:48:30,AXIS,SBI,ar****38@axis,ar****82@oksbi,49840.0,BILL PAYMENT,SUCCESS,PUNE,MAHARASHTRA,DEV100070,151,,2026-07-12 18:25:28.953779,dbfs:/Volumes/dbacademy/default/myvolume/Project%20Sentinel/upi_transactions.csv,High Value Transaction
24550948-a9cc-4189-86d7-40c573e0e13b,2026-07-05 06:24:05,HDFC,SBI,ra****01@okhdfc,pr****85@oksbi,48685.0,P2P,SUCCESS,AHMEDABAD,GUJARAT,DEV100001,2766,,2026-07-12 18:25:28.953779,dbfs:/Volumes/dbacademy/default/myvolume/Project%20Sentinel/upi_transactions.csv,High Value Transaction
c595f169-f0f1-4605-97fa-e24f55e085e6,2026-07-04 18:59:34,AXIS,HDFC,ka****82@axis,ar****98@okhdfc,48729.0,RECHARGE,SUCCESS,JAIPUR,RAJASTHAN,DEV100107,1577,,2026-07-12 18:25:28.953779,dbfs:/Volumes/dbacademy/default/myvolume/Project%20Sentinel/upi_transactions.csv,High Value Transaction
6ea76f37-9603-4831-8e96-22c22fe1f051,2026-06-24 04:13:08,HDFC,SBI,ka****20@okhdfc,am****49@oksbi,48996.0,BILL PAYMENT,SUCCESS,AHMEDABAD,GUJARAT,DEV100092,1978,,2026-07-12 18:25:28.953779,dbfs:/Volumes/dbacademy/default/myvolume/Project%20Sentinel/upi_transactions.csv,High Value Transaction
c31b850b-e550-4221-b48c-5e981b20e749,2026-06-29 21:11:42,ICICI,HDFC,am****14@icici,pr****31@okhdfc,49730.0,P2P,SUCCESS,INDORE,MADHYA PRADESH,DEV100049,1126,,2026-07-12 18:25:28.953779,dbfs:/Volumes/dbacademy/default/myvolume/Project%20Sentinel/upi_transactions.csv,High Value Transaction
e622752f-96cd-42bd-9d81-371aaba4cbfe,2026-07-08 23:36:47,HDFC,SBI,ar****16@okhdfc,ka****17@oksbi,49314.0,P2P,SUCCESS,DELHI,DELHI,DEV100155,487,,2026-07-12 18:25:28.953779,dbfs:/Volumes/dbacademy/default/myvolume/Project%20Sentinel/upi_transactions.csv,High Value Transaction
50162609-1842-457c-bbab-30197141cda1,2026-06-24 01:19:25,SBI,HDFC,ri****71@oksbi,ri****31@okhdfc,48758.0,P2P,SUCCESS,INDORE,MADHYA PRADESH,DEV100036,1216,,2026-07-12 18:25:28.953779,dbfs:/Volumes/dbacademy/default/myvolume/Project%20Sentinel/upi_transactions.csv,High Value Transaction
c315c424-4420-435a-b177-d59c28bfa4a5,2026-06-13 01:41:34,HDFC,AXIS,ro****05@okhdfc,ma****83@axis,49060.0,P2P,SUCCESS,AHMEDABAD,GUJARAT,DEV100154,2707,,2026-07-12 18:25:28.953779,dbfs:/Volumes/dbacademy/default/myvolume/Project%20Sentinel/upi_transactions.csv,High Value Transaction
f1be348f-9a12-49ac-95f5-973070b6ccbc,2026-06-29 02:15:44,ICICI,SBI,am****10@icici,ha****87@oksbi,48656.0,P2P,SUCCESS,BANGALORE,KARNATAKA,DEV100075,631,,2026-07-12 18:25:28.953779,dbfs:/Volumes/dbacademy/default/myvolume/Project%20Sentinel/upi_transactions.csv,High Value Transaction
af386c9b-1bdc-4416-826f-038bac4dd2f2,2026-06-14 12:34:14,ICICI,SBI,vi****59@icici,ka****39@oksbi,48909.0,P2P,SUCCESS,HYDERABAD,TELANGANA,DEV100130,219,,2026-07-12 18:25:28.953779,dbfs:/Volumes/dbacademy/default/myvolume/Project%20Sentinel/upi_transactions.csv,High Value Transaction
b9554e27-b6b0-48ef-b52f-f917a3dca7ef,2026-06-22 19:41:22,ICICI,AXIS,ra****02@icici,vi****88@axis,48592.0,P2P,SUCCESS,DELHI,DELHI,DEV100161,2562,,2026-07-12 18:25:28.953779,dbfs:/Volumes/dbacademy/default/myvolume/Project%20Sentinel/upi_transactions.csv,High Value Transaction
53afd392-14ee-410b-8580-c724f37c65ec,2026-07-09 10:53:41,ICICI,SBI,si****12@icici,sn****75@oksbi,48206.0,P2P,SUCCESS,PUNE,MAHARASHTRA,DEV100024,1235,,2026-07-12 18:25:28.953779,dbfs:/Volumes/dbacademy/default/myvolume/Project%20Sentinel/upi_transactions.csv,High Value Transaction
411e9624-d16d-4439-91d0-e6c7435340b9,2026-06-25 22:39:40,HDFC,AXIS,ar****80@okhdfc,ka****76@axis,48621.0,P2P,SUCCESS,DELHI,DELHI,DEV100013,1755,,2026-07-12 18:25:28.953779,dbfs:/Volumes/dbacademy/default/myvolume/Project%20Sentinel/upi_transactions.csv,High Value Transaction
8dc172d5-a2c7-4b11-95c1-cf1dd50c3d39,2026-06-19 06:45:51,AXIS,ICICI,ra****71@axis,vi****73@icici,48108.0,RECHARGE,SUCCESS,HYDERABAD,TELANGANA,DEV100119,1141,,2026-07-12 18:25:28.953779,dbfs:/Volumes/dbacademy/default/myvolume/Project%20Sentinel/upi_transactions.csv,High Value Transaction
c6996a10-f7d8-421d-9b27-499bb7cae604,2026-06-18 20:24:15,SBI,ICICI,vi****67@oksbi,ka****36@icici,48762.0,MERCHANT,SUCCESS,MUMBAI,MAHARASHTRA,DEV100020,2966,,2026-07-12 18:25:28.953779,dbfs:/Volumes/dbacademy/default/myvolume/Project%20Sentinel/upi_transactions.csv,High Value Transaction
02796d8a-2617-48ec-86b1-214560868044,2026-06-14 04:02:04,SBI,ICICI,ra****31@oksbi,po****36@icici,49106.0,P2P,SUCCESS,PUNE,MAHARASHTRA,DEV100026,725,,2026-07-12 18:25:28.953779,dbfs:/Volumes/dbacademy/default/myvolume/Project%20Sentinel/upi_transactions.csv,High Value Transaction
5d212b61-5a76-459c-b42e-c05371793966,2026-07-05 01:43:39,ICICI,SBI,po****11@icici,po****02@oksbi,49331.0,MERCHANT,SUCCESS,PUNE,MAHARASHTRA,DEV100169,1670,,2026-07-12 18:25:28.953779,dbfs:/Volumes/dbacademy/default/myvolume/Project%20Sentinel/upi_transactions.csv,High Value Transaction
d51692c8-3630-4cf3-a15b-f9b95bd5b801,2026-06-26 15:07:51,ICICI,AXIS,an****55@icici,ka****79@axis,48016.0,P2P,SUCCESS,JAIPUR,RAJASTHAN,DEV100173,585,,2026-07-12 18:25:28.953779,dbfs:/Volumes/dbacademy/default/myvolume/Project%20Sentinel/upi_transactions.csv,High Value Transaction
90788edc-7b7d-4816-9da2-113d2bfd917d,2026-06-18 11:36:35,HDFC,SBI,ra****63@okhdfc,ma****82@oksbi,48522.0,RECHARGE,SUCCESS,INDORE,MADHYA PRADESH,DEV100030,2047,,2026-07-12 18:25:28.953779,dbfs:/Volumes/dbacademy/default/myvolume/Project%20Sentinel/upi_transactions.csv,High Value Transaction
db06e88e-8075-4bd9-b2ae-50596ad7735e,2026-06-12 19:20:50,AXIS,HDFC,pr****08@axis,am****63@okhdfc,49150.0,P2P,SUCCESS,AHMEDABAD,GUJARAT,DEV100153,2457,,2026-07-12 18:25:28.953779,dbfs:/Volumes/dbacademy/default/myvolume/Project%20Sentinel/upi_transactions.csv,High Value Transaction
6acf33a8-8780-4ea4-919b-e50df56d5a9c,2026-07-08 05:50:12,AXIS,HDFC,vi****56@axis,ma****05@okhdfc,49469.0,P2P,SUCCESS,BANGALORE,KARNATAKA,DEV100141,1225,,2026-07-12 18:25:28.953779,dbfs:/Volumes/dbacademy/default/myvolume/Project%20Sentinel/upi_transactions.csv,High Value Transaction
76713b8a-df97-495e-b93e-4a7ec6fbbd5a,2026-07-06 09:16:54,SBI,AXIS,ra****74@oksbi,am****22@axis,48573.0,P2P,SUCCESS,INDORE,MADHYA PRADESH,DEV100101,1498,,2026-07-12 18:25:28.953779,dbfs:/Volumes/dbacademy/default/myvolume/Project%20Sentinel/upi_transactions.csv,High Value Transaction
56acd536-7c17-452e-a568-80e8aad18966,2026-07-12 10:56:15,SBI,ICICI,pr****40@oksbi,ka****44@icici,49332.0,P2P,SUCCESS,JAIPUR,RAJASTHAN,DEV100075,1592,,2026-07-12 18:25:28.953779,dbfs:/Volumes/dbacademy/default/myvolume/Project%20Sentinel/upi_transactions.csv,High Value Transaction
a425edd9-48aa-4837-9491-9fcf5d0c0661,2026-06-13 18:28:47,HDFC,SBI,pr****39@okhdfc,pr****72@oksbi,48719.0,P2P,SUCCESS,INDORE,MADHYA PRADESH,DEV100023,325,,2026-07-12 18:25:28.953779,dbfs:/Volumes/dbacademy/default/myvolume/Project%20Sentinel/upi_transactions.csv,High Value Transaction
d9f90084-cc0b-499f-853f-90583f529fe5,2026-06-20 08:12:36,HDFC,AXIS,vi****51@okhdfc,ne****06@axis,49364.0,MERCHANT,SUCCESS,MUMBAI,MAHARASHTRA,DEV100122,1682,,2026-07-12 18:25:28.953779,dbfs:/Volumes/dbacademy/default/myvolume/Project%20Sentinel/upi_transactions.csv,High Value Transaction
692bc8f3-59eb-4644-9c7b-be541e932867,2026-06-18 23:19:10,AXIS,SBI,ka****98@axis,ne****37@oksbi,48479.0,RECHARGE,SUCCESS,INDORE,MADHYA PRADESH,DEV100033,1083,,2026-07-12 18:25:28.953779,dbfs:/Volumes/dbacademy/default/myvolume/Project%20Sentinel/upi_transactions.csv,High Value Transaction
f7f9445b-34b2-4904-a51e-f274d39eb852,2026-06-29 22:27:51,HDFC,SBI,ar****59@okhdfc,ni****81@oksbi,48657.0,MERCHANT,SUCCESS,AHMEDABAD,GUJARAT,DEV100023,2172,,2026-07-12 18:25:28.953779,dbfs:/Volumes/dbacademy/default/myvolume/Project%20Sentinel/upi_transactions.csv,High Value Transaction
325bb4a6-d798-47c1-ac83-f3c227adf66e,2026-07-08 16:29:59,AXIS,HDFC,ar****58@axis,am****36@okhdfc,49961.0,BILL PAYMENT,SUCCESS,AHMEDABAD,GUJARAT,DEV100042,887,,2026-07-12 18:25:28.953779,dbfs:/Volumes/dbacademy/default/myvolume/Project%20Sentinel/upi_transactions.csv,High Value Transaction
e3614f37-e47f-44af-8982-89077400191c,2026-06-16 06:33:22,ICICI,SBI,am****94@icici,ar****10@oksbi,49963.0,MERCHANT,SUCCESS,BANGALORE,KARNATAKA,DEV100021,2313,,2026-07-12 18:25:28.953779,dbfs:/Volumes/dbacademy/default/myvolume/Project%20Sentinel/upi_transactions.csv,High Value Transaction
3300d21c-ad28-4b07-a202-ed18eba1239a,2026-06-29 19:20:30,AXIS,HDFC,pr****17@axis,po****16@okhdfc,48939.0,BILL PAYMENT,SUCCESS,INDORE,MADHYA PRADESH,DEV100062,2537,,2026-07-12 18:25:28.953779,dbfs:/Volumes/dbacademy/default/myvolume/Project%20Sentinel/upi_transactions.csv,High Value Transaction
3a090cfa-6a31-4024-a95b-65ead4b5a90b,2026-06-27 05:16:22,AXIS,HDFC,ri****61@axis,ha****97@okhdfc,48998.0,MERCHANT,SUCCESS,MUMBAI,MAHARASHTRA,DEV100174,979,,2026-07-12 18:25:28.953779,dbfs:/Volumes/dbacademy/default/myvolume/Project%20Sentinel/upi_transactions.csv,High Value Transaction
70c47447-497b-4d18-9e27-48c2ee803216,2026-06-21 09:31:56,AXIS,HDFC,ma****61@axis,pr****47@okhdfc,48353.0,P2P,SUCCESS,JAIPUR,RAJASTHAN,DEV100054,1908,,2026-07-12 18:25:28.953779,dbfs:/Volumes/dbacademy/default/myvolume/Project%20Sentinel/upi_transactions.csv,High Value Transaction
ff347aba-96fd-4040-840e-ab76c10ba126,2026-06-22 11:51:52,SBI,HDFC,ma****42@oksbi,ro****80@okhdfc,48607.0,P2P,SUCCESS,MUMBAI,MAHARASHTRA,DEV100149,958,,2026-07-12 18:25:28.953779,dbfs:/Volumes/dbacademy/default/myvolume/Project%20Sentinel/upi_transactions.csv,High Value Transaction
e382f90a-5ee4-42b8-8d20-a8a1b2d29e36,2026-06-17 23:12:13,SBI,AXIS,ka****56@oksbi,ni****21@axis,49111.0,P2P,FAILED,MUMBAI,MAHARASHTRA,DEV100169,2630,Bank Server Down,2026-07-12 18:25:28.953779,dbfs:/Volumes/dbacademy/default/myvolume/Project%20Sentinel/upi_transactions.csv,High Value Transaction
f2c02888-dc3a-40fa-8d5c-b0ffdae96569,2026-06-18 15:42:27,SBI,AXIS,vi****06@oksbi,ka****90@axis,48934.0,P2P,SUCCESS,AHMEDABAD,GUJARAT,DEV100050,2639,,2026-07-12 18:25:28.953779,dbfs:/Volumes/dbacademy/default/myvolume/Project%20Sentinel/upi_transactions.csv,High Value Transaction
e83a281d-695d-45e0-96bb-fcf916bb6457,2026-06-28 03:02:17,HDFC,SBI,po****08@okhdfc,ka****63@oksbi,49655.0,RECHARGE,SUCCESS,AHMEDABAD,GUJARAT,DEV100048,1468,,2026-07-12 18:25:28.953779,dbfs:/Volumes/dbacademy/default/myvolume/Project%20Sentinel/upi_transactions.csv,High Value Transaction
a5b40830-a095-4882-8e9a-f8cb4b77b5b9,2026-06-14 17:38:07,AXIS,ICICI,ro****49@axis,ro****12@icici,49446.0,BILL PAYMENT,SUCCESS,JAIPUR,RAJASTHAN,DEV100026,1974,,2026-07-12 18:25:28.953779,dbfs:/Volumes/dbacademy/default/myvolume/Project%20Sentinel/upi_transactions.csv,High Value Transaction
719fc9a8-fbc3-4f7a-9088-a6abcf3b9178,2026-06-13 03:49:29,HDFC,SBI,ka****81@okhdfc,ar****26@oksbi,49678.0,MERCHANT,SUCCESS,MUMBAI,MAHARASHTRA,DEV100189,1079,,2026-07-12 18:25:28.953779,dbfs:/Volumes/dbacademy/default/myvolume/Project%20Sentinel/upi_transactions.csv,High Value Transaction
debecbe8-f60c-4ca0-ad09-04768fc707b0,2026-07-07 03:27:23,SBI,ICICI,ka****88@oksbi,si****67@icici,49461.0,MERCHANT,SUCCESS,DELHI,DELHI,DEV100150,1453,,2026-07-12 18:25:28.953779,dbfs:/Volumes/dbacademy/default/myvolume/Project%20Sentinel/upi_transactions.csv,High Value Transaction
7685f1aa-1199-4363-a2c3-4aef42a7b98e,2026-07-02 05:32:11,ICICI,AXIS,ka****59@icici,sn****66@axis,49255.0,BILL PAYMENT,SUCCESS,DELHI,DELHI,DEV100062,2496,,2026-07-12 18:25:28.953779,dbfs:/Volumes/dbacademy/default/myvolume/Project%20Sentinel/upi_transactions.csv,High Value Transaction
24a21180-6c56-4339-98fe-6bbd90fb68a1,2026-06-15 15:25:31,SBI,AXIS,ka****37@oksbi,ka****40@axis,49480.0,P2P,SUCCESS,HYDERABAD,TELANGANA,DEV100030,754,,2026-07-12 18:25:28.953779,dbfs:/Volumes/dbacademy/default/myvolume/Project%20Sentinel/upi_transactions.csv,High Value Transaction
22471205-3632-410e-9248-d79d42f06dc0,2026-07-03 15:21:24,ICICI,HDFC,vi****55@icici,ra****71@okhdfc,48468.0,P2P,SUCCESS,MUMBAI,MAHARASHTRA,DEV100132,166,,2026-07-12 18:25:28.953779,dbfs:/Volumes/dbacademy/default/myvolume/Project%20Sentinel/upi_transactions.csv,High Value Transaction
fe946965-f625-4e87-ace3-421fa357c4df,2026-06-18 11:33:22,SBI,AXIS,pr****30@oksbi,am****38@axis,48029.0,P2P,SUCCESS,HYDERABAD,TELANGANA,DEV100174,2857,,2026-07-12 18:25:28.953779,dbfs:/Volumes/dbacademy/default/myvolume/Project%20Sentinel/upi_transactions.csv,High Value Transaction
b51423bc-db3d-41c2-aff1-d6bef5c785c4,2026-06-28 18:09:49,ICICI,HDFC,ne****58@icici,ne****39@okhdfc,48900.0,P2P,SUCCESS,AHMEDABAD,GUJARAT,DEV100138,1172,,2026-07-12 18:25:28.953779,dbfs:/Volumes/dbacademy/default/myvolume/Project%20Sentinel/upi_transactions.csv,High Value Transaction
5bcc8a20-4973-4e70-9b9c-7c682a92c9b1,2026-06-30 03:00:14,SBI,HDFC,an****72@oksbi,ar****72@okhdfc,48567.0,MERCHANT,SUCCESS,PUNE,MAHARASHTRA,DEV100011,566,,2026-07-12 18:25:28.953779,dbfs:/Volumes/dbacademy/default/myvolume/Project%20Sentinel/upi_transactions.csv,High Value Transaction
50335d75-3a66-4cde-9fa4-be9182a6cd39,2026-06-29 16:53:25,AXIS,ICICI,ri****25@axis,po****07@icici,48491.0,RECHARGE,SUCCESS,MUMBAI,MAHARASHTRA,DEV100025,2251,,2026-07-12 18:25:28.953779,dbfs:/Volumes/dbacademy/default/myvolume/Project%20Sentinel/upi_transactions.csv,High Value Transaction
6a8673ad-8d7f-4755-afa1-d27cbc2e731e,2026-06-20 00:12:17,AXIS,SBI,ra****83@axis,ne****78@oksbi,48375.0,P2P,SUCCESS,HYDERABAD,TELANGANA,DEV100113,1817,,2026-07-12 18:25:28.953779,dbfs:/Volumes/dbacademy/default/myvolume/Project%20Sentinel/upi_transactions.csv,High Value Transaction
c41e1cd7-a447-4ba9-838a-c9719c617395,2026-07-02 18:12:15,SBI,HDFC,ha****03@oksbi,ri****29@okhdfc,48663.0,RECHARGE,SUCCESS,JAIPUR,RAJASTHAN,DEV100097,2865,,2026-07-12 18:25:28.953779,dbfs:/Volumes/dbacademy/default/myvolume/Project%20Sentinel/upi_transactions.csv,High Value Transaction
9244e460-4ce6-46ed-9f48-8811e765f143,2026-07-01 00:10:20,SBI,AXIS,po****97@oksbi,pr****34@axis,49993.0,P2P,SUCCESS,MUMBAI,MAHARASHTRA,DEV100070,2484,,2026-07-12 18:25:28.953779,dbfs:/Volumes/dbacademy/default/myvolume/Project%20Sentinel/upi_transactions.csv,High Value Transaction
2e5dbd79-6587-43d4-a4c6-e11791a9ca3c,2026-06-19 08:20:54,SBI,HDFC,di****59@oksbi,di****10@okhdfc,49084.0,BILL PAYMENT,SUCCESS,HYDERABAD,TELANGANA,DEV100136,2611,,2026-07-12 18:25:28.953779,dbfs:/Volumes/dbacademy/default/myvolume/Project%20Sentinel/upi_transactions.csv,High Value Transaction
8039af91-573b-4372-aec7-794f98116915,2026-06-26 18:52:33,AXIS,ICICI,ka****53@axis,ka****22@icici,49979.0,RECHARGE,SUCCESS,DELHI,DELHI,DEV100181,453,,2026-07-12 18:25:28.953779,dbfs:/Volumes/dbacademy/default/myvolume/Project%20Sentinel/upi_transactions.csv,High Value Transaction
c0ecc271-57d5-478a-b1aa-cb35e54ba1b5,2026-06-14 22:39:49,SBI,ICICI,ri****59@oksbi,ka****90@icici,48801.0,P2P,SUCCESS,JAIPUR,RAJASTHAN,DEV100046,161,,2026-07-12 18:25:28.953779,dbfs:/Volumes/dbacademy/default/myvolume/Project%20Sentinel/upi_transactions.csv,High Value Transaction
8a06e615-6f83-4c2d-bb94-7d4463f5f35a,2026-06-15 06:16:59,HDFC,ICICI,ar****94@okhdfc,ri****82@icici,49973.0,P2P,SUCCESS,JAIPUR,RAJASTHAN,DEV100097,2785,,2026-07-12 18:25:28.953779,dbfs:/Volumes/dbacademy/default/myvolume/Project%20Sentinel/upi_transactions.csv,High Value Transaction
d799d4c0-463e-449b-838e-d7ee3ecebc48,2026-06-17 06:05:36,SBI,ICICI,di****33@oksbi,sn****43@icici,49121.0,P2P,SUCCESS,DELHI,DELHI,DEV100002,1032,,2026-07-12 18:25:28.953779,dbfs:/Volumes/dbacademy/default/myvolume/Project%20Sentinel/upi_transactions.csv,High Value Transaction
1a49202f-9cee-4412-8d65-62c9d141daa1,2026-07-02 15:16:52,SBI,AXIS,sn****99@oksbi,ha****07@axis,49425.0,P2P,SUCCESS,PUNE,MAHARASHTRA,DEV100171,737,,2026-07-12 18:25:28.953779,dbfs:/Volumes/dbacademy/default/myvolume/Project%20Sentinel/upi_transactions.csv,High Value Transaction
5e48c6f1-c476-4085-af27-bab8c8fea9fd,2026-06-21 04:47:42,HDFC,SBI,ne****05@okhdfc,ma****75@oksbi,48096.0,P2P,SUCCESS,JAIPUR,RAJASTHAN,DEV100011,1008,,2026-07-12 18:25:28.953779,dbfs:/Volumes/dbacademy/default/myvolume/Project%20Sentinel/upi_transactions.csv,High Value Transaction
02cde8ef-36de-49a3-b158-2b8a9936267c,2026-06-22 05:20:59,HDFC,ICICI,ma****89@okhdfc,ar****35@icici,48402.0,P2P,SUCCESS,AHMEDABAD,GUJARAT,DEV100082,1186,,2026-07-12 18:25:28.953779,dbfs:/Volumes/dbacademy/default/myvolume/Project%20Sentinel/upi_transactions.csv,High Value Transaction
c1f5a39d-a9f7-49a9-8dc6-f6082d4299e3,2026-06-27 03:37:30,ICICI,HDFC,po****29@icici,ma****02@okhdfc,48189.0,MERCHANT,SUCCESS,HYDERABAD,TELANGANA,DEV100175,2845,,2026-07-12 18:25:28.953779,dbfs:/Volumes/dbacademy/default/myvolume/Project%20Sentinel/upi_transactions.csv,High Value Transaction
eb0a561f-a545-4873-b234-5cb8e9c5d78f,2026-06-23 00:41:13,AXIS,HDFC,si****48@axis,ro****69@okhdfc,49422.0,MERCHANT,SUCCESS,INDORE,MADHYA PRADESH,DEV100167,2396,,2026-07-12 18:25:28.953779,dbfs:/Volumes/dbacademy/default/myvolume/Project%20Sentinel/upi_transactions.csv,High Value Transaction
7180d6b7-3899-4b61-95c5-4c6ee0b1cb14,2026-06-26 02:46:01,ICICI,AXIS,ka****18@icici,ro****57@axis,48991.0,MERCHANT,SUCCESS,INDORE,MADHYA PRADESH,DEV100130,1182,,2026-07-12 18:25:28.953779,dbfs:/Volumes/dbacademy/default/myvolume/Project%20Sentinel/upi_transactions.csv,High Value Transaction
7e3aebbd-b204-4f83-81da-b37a0f5fd8ba,2026-07-09 11:55:17,AXIS,ICICI,ka****46@axis,ka****38@icici,48575.0,BILL PAYMENT,SUCCESS,INDORE,MADHYA PRADESH,DEV100106,598,,2026-07-12 18:25:28.953779,dbfs:/Volumes/dbacademy/default/myvolume/Project%20Sentinel/upi_transactions.csv,High Value Transaction
8cc46709-d01d-407e-9b88-3fd76e8f07f1,2026-07-12 10:54:14,AXIS,ICICI,ri****49@axis,si****81@icici,48549.0,MERCHANT,SUCCESS,HYDERABAD,TELANGANA,DEV100175,2073,,2026-07-12 18:25:28.953779,dbfs:/Volumes/dbacademy/default/myvolume/Project%20Sentinel/upi_transactions.csv,High Value Transaction
8dd936ea-24ed-418e-b6ad-152e9faab075,2026-06-28 04:02:53,AXIS,HDFC,vi****43@axis,am****73@okhdfc,49326.0,P2P,SUCCESS,INDORE,MADHYA PRADESH,DEV100063,1354,,2026-07-12 18:25:28.953779,dbfs:/Volumes/dbacademy/default/myvolume/Project%20Sentinel/upi_transactions.csv,High Value Transaction
c85b6454-be2a-4edf-baaf-3e4cfc4691d9,2026-07-09 09:04:54,SBI,ICICI,ri****57@oksbi,pr****47@icici,48378.0,BILL PAYMENT,SUCCESS,BANGALORE,KARNATAKA,DEV100079,2293,,2026-07-12 18:25:28.953779,dbfs:/Volumes/dbacademy/default/myvolume/Project%20Sentinel/upi_transactions.csv,High Value Transaction
1da72515-0221-4f85-910e-c3ec93264507,2026-07-10 09:25:10,SBI,ICICI,si****96@oksbi,sn****42@icici,48168.0,P2P,SUCCESS,AHMEDABAD,GUJARAT,DEV100160,2549,,2026-07-12 18:25:28.953779,dbfs:/Volumes/dbacademy/default/myvolume/Project%20Sentinel/upi_transactions.csv,High Value Transaction
f173fff9-639c-4936-8494-a070aa6dd7a7,2026-07-10 09:48:25,HDFC,ICICI,ar****81@okhdfc,vi****10@icici,48970.0,RECHARGE,SUCCESS,JAIPUR,RAJASTHAN,DEV100183,292,,2026-07-12 18:25:28.953779,dbfs:/Volumes/dbacademy/default/myvolume/Project%20Sentinel/upi_transactions.csv,High Value Transaction
9922cbb9-78cb-415c-aa34-21b8edf8d256,2026-07-03 02:52:53,AXIS,ICICI,ni****49@axis,ma****06@icici,48056.0,P2P,FAILED,HYDERABAD,TELANGANA,DEV100003,1641,Timeout,2026-07-12 18:25:28.953779,dbfs:/Volumes/dbacademy/default/myvolume/Project%20Sentinel/upi_transactions.csv,High Value Transaction
210c44c7-b5c7-4a4d-a460-339071609475,2026-06-27 08:16:23,AXIS,HDFC,ka****11@axis,ha****40@okhdfc,48833.0,P2P,SUCCESS,INDORE,MADHYA PRADESH,DEV100102,1102,,2026-07-12 18:25:28.953779,dbfs:/Volumes/dbacademy/default/myvolume/Project%20Sentinel/upi_transactions.csv,High Value Transaction
8c830dd8-db86-4fa1-a730-50b372e03c64,2026-07-05 19:29:01,HDFC,ICICI,ro****06@okhdfc,si****67@icici,48839.0,P2P,SUCCESS,PUNE,MAHARASHTRA,DEV100100,882,,2026-07-12 18:25:28.953779,dbfs:/Volumes/dbacademy/default/myvolume/Project%20Sentinel/upi_transactions.csv,High Value Transaction
803af4ce-fbe6-4253-b3a7-2f97b595eda4,2026-06-19 11:15:31,ICICI,HDFC,ka****94@icici,am****68@okhdfc,49297.0,P2P,SUCCESS,HYDERABAD,TELANGANA,DEV100039,224,,2026-07-12 18:25:28.953779,dbfs:/Volumes/dbacademy/default/myvolume/Project%20Sentinel/upi_transactions.csv,High Value Transaction
97e8e43c-0f62-4a3d-aee0-fafd5a4ecaf3,2026-07-07 04:18:11,HDFC,SBI,si****12@okhdfc,sn****37@oksbi,49268.0,P2P,SUCCESS,PUNE,MAHARASHTRA,DEV100083,2582,,2026-07-12 18:25:28.953779,dbfs:/Volumes/dbacademy/default/myvolume/Project%20Sentinel/upi_transactions.csv,High Value Transaction
e1e279c6-2418-4a13-8e1c-ce08820cc1b6,2026-06-23 09:55:09,AXIS,HDFC,vi****71@axis,ka****31@okhdfc,48275.0,P2P,SUCCESS,BANGALORE,KARNATAKA,DEV100137,1026,,2026-07-12 18:25:28.953779,dbfs:/Volumes/dbacademy/default/myvolume/Project%20Sentinel/upi_transactions.csv,High Value Transaction
578aa674-4ce1-4c08-8880-0138af6df96f,2026-07-03 08:25:38,HDFC,ICICI,ka****22@okhdfc,ne****46@icici,49263.0,BILL PAYMENT,SUCCESS,MUMBAI,MAHARASHTRA,DEV100185,1446,,2026-07-12 18:25:28.953779,dbfs:/Volumes/dbacademy/default/myvolume/Project%20Sentinel/upi_transactions.csv,High Value Transaction
f50cc3f5-5b4b-47e6-8fb1-5b30d7f56327,2026-06-28 16:47:23,SBI,HDFC,ne****53@oksbi,sn****88@okhdfc,48744.0,RECHARGE,SUCCESS,JAIPUR,RAJASTHAN,DEV100020,2417,,2026-07-12 18:25:28.953779,dbfs:/Volumes/dbacademy/default/myvolume/Project%20Sentinel/upi_transactions.csv,High Value Transaction
5121d297-c638-4fca-a425-e334900959dc,2026-06-16 17:41:21,AXIS,SBI,ma****62@axis,ka****13@oksbi,48118.0,P2P,SUCCESS,JAIPUR,RAJASTHAN,DEV100042,2969,,2026-07-12 18:25:28.953779,dbfs:/Volumes/dbacademy/default/myvolume/Project%20Sentinel/upi_transactions.csv,High Value Transaction
ac852e3f-74c3-4fc9-b37d-3b1ce977b3bf,2026-06-25 08:19:10,AXIS,HDFC,si****59@axis,ma****98@okhdfc,49626.0,P2P,SUCCESS,DELHI,DELHI,DEV100194,2004,,2026-07-12 18:25:28.953779,dbfs:/Volumes/dbacademy/default/myvolume/Project%20Sentinel/upi_transactions.csv,High Value Transaction
eccff714-5729-4319-ba36-a92f8bafa058,2026-07-07 06:22:31,HDFC,SBI,pr****81@okhdfc,ar****81@oksbi,49195.0,P2P,SUCCESS,HYDERABAD,TELANGANA,DEV100187,2766,,2026-07-12 18:25:28.953779,dbfs:/Volumes/dbacademy/default/myvolume/Project%20Sentinel/upi_transactions.csv,High Value Transaction
81162575-9edc-48f0-a2fa-e4b02c4c430e,2026-06-23 18:11:56,SBI,ICICI,ar****09@oksbi,am****91@icici,49657.0,MERCHANT,SUCCESS,BANGALORE,KARNATAKA,DEV100117,382,,2026-07-12 18:25:28.953779,dbfs:/Volumes/dbacademy/default/myvolume/Project%20Sentinel/upi_transactions.csv,High Value Transaction
1435ce8f-df9f-40f4-9f07-edcd2a5c710d,2026-06-18 08:15:34,ICICI,HDFC,ma****15@icici,ra****04@okhdfc,48972.0,RECHARGE,SUCCESS,PUNE,MAHARASHTRA,DEV100012,2593,,2026-07-12 18:25:28.953779,dbfs:/Volumes/dbacademy/default/myvolume/Project%20Sentinel/upi_transactions.csv,High Value Transaction
b2c62ab4-6e86-4525-ac2b-4cf25a7abee9,2026-06-22 03:05:14,AXIS,HDFC,am****20@axis,an****00@okhdfc,48987.0,P2P,SUCCESS,HYDERABAD,TELANGANA,DEV100183,2396,,2026-07-12 18:25:28.953779,dbfs:/Volumes/dbacademy/default/myvolume/Project%20Sentinel/upi_transactions.csv,High Value Transaction
7dc4ee0f-4ed3-4980-92ce-48b85f6dc48f,2026-07-04 20:11:26,HDFC,SBI,di****18@okhdfc,si****06@oksbi,49533.0,P2P,SUCCESS,DELHI,DELHI,DEV100080,1073,,2026-07-12 18:25:28.953779,dbfs:/Volumes/dbacademy/default/myvolume/Project%20Sentinel/upi_transactions.csv,High Value Transaction
5df10c05-6211-492d-9568-1078eb017f09,2026-06-27 18:10:24,SBI,ICICI,pr****07@oksbi,ma****04@icici,48860.0,P2P,FAILED,HYDERABAD,TELANGANA,DEV100050,684,Timeout,2026-07-12 18:25:28.953779,dbfs:/Volumes/dbacademy/default/myvolume/Project%20Sentinel/upi_transactions.csv,High Value Transaction
6c16aea7-f040-4358-bd61-434e7ce1e133,2026-06-22 07:40:59,SBI,HDFC,ri****30@oksbi,ka****02@okhdfc,48885.0,MERCHANT,SUCCESS,INDORE,MADHYA PRADESH,DEV100045,2903,,2026-07-12 18:25:28.953779,dbfs:/Volumes/dbacademy/default/myvolume/Project%20Sentinel/upi_transactions.csv,High Value Transaction
badac714-745a-4dbf-9154-a2deb66c5b83,2026-07-09 04:58:05,HDFC,SBI,ni****85@okhdfc,ro****89@oksbi,49420.0,P2P,SUCCESS,DELHI,DELHI,DEV100013,1721,,2026-07-12 18:25:28.953779,dbfs:/Volumes/dbacademy/default/myvolume/Project%20Sentinel/upi_transactions.csv,High Value Transaction
9bf904ba-a69b-46c0-94b1-288b65134a40,2026-07-10 20:22:02,AXIS,SBI,ra****81@axis,ka****81@oksbi,48982.0,BILL PAYMENT,SUCCESS,BANGALORE,KARNATAKA,DEV100112,463,,2026-07-12 18:25:28.953779,dbfs:/Volumes/dbacademy/default/myvolume/Project%20Sentinel/upi_transactions.csv,High Value Transaction
ceadc3ab-c155-46b0-89f1-949ea19c89cd,2026-06-22 23:40:20,ICICI,AXIS,sn****54@icici,an****12@axis,48282.0,P2P,SUCCESS,BANGALORE,KARNATAKA,DEV100007,2520,,2026-07-12 18:25:28.953779,dbfs:/Volumes/dbacademy/default/myvolume/Project%20Sentinel/upi_transactions.csv,High Value Transaction
7bdad6aa-eaf6-484e-9aff-b2745e34fc06,2026-06-22 13:48:55,HDFC,SBI,ne****54@okhdfc,ni****54@oksbi,49968.0,MERCHANT,SUCCESS,BANGALORE,KARNATAKA,DEV100104,1336,,2026-07-12 18:25:28.953779,dbfs:/Volumes/dbacademy/default/myvolume/Project%20Sentinel/upi_transactions.csv,High Value Transaction
92678230-aa3b-40f9-b846-6d535902ee8f,2026-07-09 11:19:31,HDFC,AXIS,ro****46@okhdfc,pr****42@axis,49014.0,MERCHANT,SUCCESS,MUMBAI,MAHARASHTRA,DEV100185,998,,2026-07-12 18:25:28.953779,dbfs:/Volumes/dbacademy/default/myvolume/Project%20Sentinel/upi_transactions.csv,High Value Transaction
a44dbfdd-1eae-4982-b4ea-e3d3121cc971,2026-07-03 18:26:57,SBI,AXIS,ka****54@oksbi,ha****58@axis,49533.0,RECHARGE,SUCCESS,BANGALORE,KARNATAKA,DEV100029,206,,2026-07-12 18:25:28.953779,dbfs:/Volumes/dbacademy/default/myvolume/Project%20Sentinel/upi_transactions.csv,High Value Transaction
93214b36-40e5-464c-9b67-9f0b5d2ae156,2026-06-29 12:12:45,ICICI,HDFC,ni****86@icici,po****92@okhdfc,48399.0,MERCHANT,SUCCESS,INDORE,MADHYA PRADESH,DEV100131,183,,2026-07-12 18:25:28.953779,dbfs:/Volumes/dbacademy/default/myvolume/Project%20Sentinel/upi_transactions.csv,High Value Transaction
4f089637-483d-44f9-b52a-602c79836867,2026-06-27 14:36:10,SBI,HDFC,ra****04@oksbi,ka****29@okhdfc,49672.0,BILL PAYMENT,SUCCESS,INDORE,MADHYA PRADESH,DEV100174,2916,,2026-07-12 18:25:28.953779,dbfs:/Volumes/dbacademy/default/myvolume/Project%20Sentinel/upi_transactions.csv,High Value Transaction
fc790392-e8fb-4fd4-8f8d-cc4ef539293b,2026-07-09 15:21:19,ICICI,HDFC,ha****72@icici,ne****30@okhdfc,48405.0,P2P,SUCCESS,JAIPUR,RAJASTHAN,DEV100123,2477,,2026-07-12 18:25:28.953779,dbfs:/Volumes/dbacademy/default/myvolume/Project%20Sentinel/upi_transactions.csv,High Value Transaction
68acc48b-c464-44ed-9f98-49b4c61136d2,2026-07-09 00:30:13,AXIS,HDFC,ka****72@axis,ri****19@okhdfc,48899.0,BILL PAYMENT,SUCCESS,MUMBAI,MAHARASHTRA,DEV100151,1477,,2026-07-12 18:25:28.953779,dbfs:/Volumes/dbacademy/default/myvolume/Project%20Sentinel/upi_transactions.csv,High Value Transaction
3d492cfd-e4d8-438f-81d4-62dfd8b5e96b,2026-06-23 09:31:35,SBI,AXIS,ne****64@oksbi,ka****71@axis,49678.0,MERCHANT,SUCCESS,MUMBAI,MAHARASHTRA,DEV100011,2386,,2026-07-12 18:25:28.953779,dbfs:/Volumes/dbacademy/default/myvolume/Project%20Sentinel/upi_transactions.csv,High Value Transaction
2222dbcb-8220-47d2-b222-bb95319a2d72,2026-07-02 04:01:53,ICICI,HDFC,ne****51@icici,am****77@okhdfc,48538.0,MERCHANT,SUCCESS,AHMEDABAD,GUJARAT,DEV100142,729,,2026-07-12 18:25:28.953779,dbfs:/Volumes/dbacademy/default/myvolume/Project%20Sentinel/upi_transactions.csv,High Value Transaction
111ec3db-760b-49cd-ac41-94abbe0adf6c,2026-06-21 12:20:30,AXIS,ICICI,ro****07@axis,ha****44@icici,48367.0,BILL PAYMENT,SUCCESS,BANGALORE,KARNATAKA,DEV100121,2071,,2026-07-12 18:25:28.953779,dbfs:/Volumes/dbacademy/default/myvolume/Project%20Sentinel/upi_transactions.csv,High Value Transaction
84b33548-5c87-45f3-9dfc-edaa637bb664,2026-07-07 04:46:24,SBI,ICICI,di****41@oksbi,ma****21@icici,48496.0,RECHARGE,SUCCESS,PUNE,MAHARASHTRA,DEV100105,796,,2026-07-12 18:25:28.953779,dbfs:/Volumes/dbacademy/default/myvolume/Project%20Sentinel/upi_transactions.csv,High Value Transaction
08bb04a5-0378-42bb-afa6-d79eed399606,2026-07-06 21:20:03,HDFC,ICICI,an****12@okhdfc,ha****60@icici,49060.0,MERCHANT,SUCCESS,MUMBAI,MAHARASHTRA,DEV100132,2312,,2026-07-12 18:25:28.953779,dbfs:/Volumes/dbacademy/default/myvolume/Project%20Sentinel/upi_transactions.csv,High Value Transaction
0cbcad77-2d0c-406c-a1d4-133059173610,2026-07-11 22:08:22,AXIS,ICICI,sn****50@axis,am****99@icici,48289.0,P2P,SUCCESS,INDORE,MADHYA PRADESH,DEV100018,1504,,2026-07-12 18:25:28.953779,dbfs:/Volumes/dbacademy/default/myvolume/Project%20Sentinel/upi_transactions.csv,High Value Transaction
78f75210-8a63-4292-b7b5-1fc6a08fcd64,2026-07-12 10:31:22,HDFC,SBI,vi****70@okhdfc,ar****16@oksbi,48732.0,RECHARGE,SUCCESS,JAIPUR,RAJASTHAN,DEV100075,2357,,2026-07-12 18:25:28.953779,dbfs:/Volumes/dbacademy/default/myvolume/Project%20Sentinel/upi_transactions.csv,High Value Transaction
4adb8e7e-c2ed-477e-9b07-5f8ba3d7c8a5,2026-07-08 01:02:51,ICICI,SBI,si****51@icici,ka****48@oksbi,48199.0,P2P,SUCCESS,DELHI,DELHI,DEV100086,1912,,2026-07-12 18:25:28.953779,dbfs:/Volumes/dbacademy/default/myvolume/Project%20Sentinel/upi_transactions.csv,High Value Transaction
c248224a-35de-43a2-a822-7069179432ef,2026-07-05 22:11:05,SBI,HDFC,ar****46@oksbi,ma****40@okhdfc,49968.0,RECHARGE,SUCCESS,BANGALORE,KARNATAKA,DEV100061,745,,2026-07-12 18:25:28.953779,dbfs:/Volumes/dbacademy/default/myvolume/Project%20Sentinel/upi_transactions.csv,High Value Transaction
1e0875ce-6733-4982-adcc-558116408849,2026-07-06 04:50:53,SBI,AXIS,ri****96@oksbi,ni****37@axis,48072.0,BILL PAYMENT,SUCCESS,JAIPUR,RAJASTHAN,DEV100025,2172,,2026-07-12 18:25:28.953779,dbfs:/Volumes/dbacademy/default/myvolume/Project%20Sentinel/upi_transactions.csv,High Value Transaction
44369c26-10df-4579-8417-8b0f0b51bfba,2026-07-01 12:20:58,AXIS,ICICI,ma****39@axis,ro****11@icici,48798.0,P2P,SUCCESS,JAIPUR,RAJASTHAN,DEV100087,611,,2026-07-12 18:25:28.953779,dbfs:/Volumes/dbacademy/default/myvolume/Project%20Sentinel/upi_transactions.csv,High Value Transaction
135c0c62-69e6-47d7-bd76-c931f81d2314,2026-06-19 16:30:37,ICICI,HDFC,pr****91@icici,sn****71@okhdfc,48569.0,P2P,SUCCESS,JAIPUR,RAJASTHAN,DEV100056,1513,,2026-07-12 18:25:28.953779,dbfs:/Volumes/dbacademy/default/myvolume/Project%20Sentinel/upi_transactions.csv,High Value Transaction
9a0d688f-9c5b-4d8e-843d-f86e5c1f7bad,2026-07-09 21:18:35,HDFC,AXIS,pr****63@okhdfc,ar****76@axis,48259.0,P2P,SUCCESS,AHMEDABAD,GUJARAT,DEV100166,2483,,2026-07-12 18:25:28.953779,dbfs:/Volumes/dbacademy/default/myvolume/Project%20Sentinel/upi_transactions.csv,High Value Transaction
a0a76be0-7973-4eb2-9978-1fdb79f10aca,2026-06-29 06:43:19,HDFC,AXIS,sn****77@okhdfc,an****88@axis,48285.0,MERCHANT,SUCCESS,DELHI,DELHI,DEV100142,1341,,2026-07-12 18:25:28.953779,dbfs:/Volumes/dbacademy/default/myvolume/Project%20Sentinel/upi_transactions.csv,High Value Transaction
2dc124d1-5525-4bf7-aa68-32f81401a059,2026-06-22 07:51:29,AXIS,ICICI,ka****57@axis,ni****47@icici,49189.0,P2P,SUCCESS,AHMEDABAD,GUJARAT,DEV100092,1818,,2026-07-12 18:25:28.953779,dbfs:/Volumes/dbacademy/default/myvolume/Project%20Sentinel/upi_transactions.csv,High Value Transaction
cc09a816-a31f-456e-b208-9ad6f9d00960,2026-06-19 17:37:00,SBI,AXIS,si****50@oksbi,ne****77@axis,49855.0,MERCHANT,SUCCESS,INDORE,MADHYA PRADESH,DEV100094,895,,2026-07-12 18:25:28.953779,dbfs:/Volumes/dbacademy/default/myvolume/Project%20Sentinel/upi_transactions.csv,High Value Transaction
cbffa355-2a14-4cad-82a4-6b66011baa50,2026-06-13 06:55:06,ICICI,AXIS,pr****23@icici,sn****92@axis,48046.0,P2P,SUCCESS,JAIPUR,RAJASTHAN,DEV100129,1648,,2026-07-12 18:25:28.953779,dbfs:/Volumes/dbacademy/default/myvolume/Project%20Sentinel/upi_transactions.csv,High Value Transaction
2e033cc2-f634-4edd-b5fe-9ef22a36d94f,2026-07-07 16:02:24,ICICI,AXIS,am****74@icici,ra****92@axis,48794.0,BILL PAYMENT,SUCCESS,PUNE,MAHARASHTRA,DEV100072,1075,,2026-07-12 18:25:28.953779,dbfs:/Volumes/dbacademy/default/myvolume/Project%20Sentinel/upi_transactions.csv,High Value Transaction
e06a28dd-1bbf-4c4d-8f30-ef7e076768a1,2026-06-19 10:00:45,AXIS,ICICI,ma****09@axis,ne****31@icici,48979.0,RECHARGE,SUCCESS,INDORE,MADHYA PRADESH,DEV100026,738,,2026-07-12 18:25:28.953779,dbfs:/Volumes/dbacademy/default/myvolume/Project%20Sentinel/upi_transactions.csv,High Value Transaction
330c4802-f068-476e-a485-16261a9c136a,2026-06-14 19:20:42,AXIS,SBI,ro****47@axis,po****28@oksbi,48526.0,P2P,SUCCESS,DELHI,DELHI,DEV100199,869,,2026-07-12 18:25:28.953779,dbfs:/Volumes/dbacademy/default/myvolume/Project%20Sentinel/upi_transactions.csv,High Value Transaction
5ac07f9b-366d-4eda-93e0-9cb8249f9984,2026-06-20 01:40:03,AXIS,SBI,ma****32@axis,di****56@oksbi,49153.0,P2P,SUCCESS,MUMBAI,MAHARASHTRA,DEV100094,1403,,2026-07-12 18:25:28.953779,dbfs:/Volumes/dbacademy/default/myvolume/Project%20Sentinel/upi_transactions.csv,High Value Transaction
6156d83e-c686-4ba2-9c38-cbc78086eb94,2026-06-20 08:42:47,HDFC,ICICI,ni****56@okhdfc,ri****54@icici,49879.0,MERCHANT,SUCCESS,PUNE,MAHARASHTRA,DEV100187,2069,,2026-07-12 18:25:28.953779,dbfs:/Volumes/dbacademy/default/myvolume/Project%20Sentinel/upi_transactions.csv,High Value Transaction
71179fad-d9f6-4bb7-ad22-83c4fa045457,2026-07-02 13:09:20,HDFC,SBI,ka****74@okhdfc,pr****01@oksbi,48800.0,RECHARGE,SUCCESS,INDORE,MADHYA PRADESH,DEV100068,1932,,2026-07-12 18:25:28.953779,dbfs:/Volumes/dbacademy/default/myvolume/Project%20Sentinel/upi_transactions.csv,High Value Transaction
3275e210-4a8f-49a9-a28a-b39e9c56e1f4,2026-06-19 15:16:54,SBI,HDFC,po****80@oksbi,an****44@okhdfc,49832.0,P2P,SUCCESS,BANGALORE,KARNATAKA,DEV100089,725,,2026-07-12 18:25:28.953779,dbfs:/Volumes/dbacademy/default/myvolume/Project%20Sentinel/upi_transactions.csv,High Value Transaction
5c14cb02-bf07-442d-a3b1-598df57cd3b7,2026-06-19 10:53:06,AXIS,SBI,ka****02@axis,ri****96@oksbi,49303.0,P2P,SUCCESS,HYDERABAD,TELANGANA,DEV100157,1216,,2026-07-12 18:25:28.953779,dbfs:/Volumes/dbacademy/default/myvolume/Project%20Sentinel/upi_transactions.csv,High Value Transaction
455d0096-3d8d-4e50-8a35-d2d4ab6fbc0c,2026-06-20 04:58:22,HDFC,SBI,am****28@okhdfc,ka****89@oksbi,49635.0,BILL PAYMENT,SUCCESS,HYDERABAD,TELANGANA,DEV100008,1045,,2026-07-12 18:25:28.953779,dbfs:/Volumes/dbacademy/default/myvolume/Project%20Sentinel/upi_transactions.csv,High Value Transaction
32559495-92b6-48e1-8d9a-c27a3c62d80c,2026-06-21 01:25:42,AXIS,HDFC,ni****95@axis,ka****70@okhdfc,48332.0,P2P,SUCCESS,BANGALORE,KARNATAKA,DEV100141,2835,,2026-07-12 18:25:28.953779,dbfs:/Volumes/dbacademy/default/myvolume/Project%20Sentinel/upi_transactions.csv,High Value Transaction
b51c6e7b-1f61-402b-9d92-a326da60311a,2026-06-19 09:47:45,AXIS,SBI,pr****30@axis,ro****56@oksbi,48227.0,P2P,SUCCESS,AHMEDABAD,GUJARAT,DEV100051,620,,2026-07-12 18:25:28.953779,dbfs:/Volumes/dbacademy/default/myvolume/Project%20Sentinel/upi_transactions.csv,High Value Transaction
cf3d3705-ce84-4087-8ff9-de4948a68844,2026-06-18 06:13:57,SBI,ICICI,ka****63@oksbi,ka****08@icici,48089.0,P2P,SUCCESS,DELHI,DELHI,DEV100162,1225,,2026-07-12 18:25:28.953779,dbfs:/Volumes/dbacademy/default/myvolume/Project%20Sentinel/upi_transactions.csv,High Value Transaction
e47fadc5-074d-4a7c-98b7-19f77225abb5,2026-07-11 03:33:47,SBI,AXIS,an****62@oksbi,ni****79@axis,48164.0,BILL PAYMENT,SUCCESS,BANGALORE,KARNATAKA,DEV100055,2661,,2026-07-12 18:25:28.953779,dbfs:/Volumes/dbacademy/default/myvolume/Project%20Sentinel/upi_transactions.csv,High Value Transaction
30d77c09-245e-4bd4-a2d9-19d49cc32ccc,2026-06-16 04:16:24,ICICI,AXIS,pr****46@icici,ka****48@axis,48521.0,P2P,SUCCESS,INDORE,MADHYA PRADESH,DEV100062,2797,,2026-07-12 18:25:28.953779,dbfs:/Volumes/dbacademy/default/myvolume/Project%20Sentinel/upi_transactions.csv,High Value Transaction
6050bab5-159b-40f8-adeb-a7f1686418ce,2026-06-18 20:16:31,HDFC,ICICI,si****00@okhdfc,ma****90@icici,48896.0,P2P,SUCCESS,AHMEDABAD,GUJARAT,DEV100138,2361,,2026-07-12 18:25:28.953779,dbfs:/Volumes/dbacademy/default/myvolume/Project%20Sentinel/upi_transactions.csv,High Value Transaction
b3d1432d-1e24-40f8-bab4-87e0e3e3fdca,2026-06-24 17:16:58,ICICI,SBI,po****07@icici,ro****74@oksbi,48002.0,P2P,SUCCESS,JAIPUR,RAJASTHAN,DEV100146,1230,,2026-07-12 18:25:28.953779,dbfs:/Volumes/dbacademy/default/myvolume/Project%20Sentinel/upi_transactions.csv,High Value Transaction
15071ea7-7435-4b8d-ac7a-a07e86da6235,2026-07-02 07:22:36,ICICI,SBI,ra****31@icici,an****14@oksbi,49684.0,P2P,SUCCESS,DELHI,DELHI,DEV100113,245,,2026-07-12 18:25:28.953779,dbfs:/Volumes/dbacademy/default/myvolume/Project%20Sentinel/upi_transactions.csv,High Value Transaction
133e9e1a-74ce-4464-84e0-cdbf0aed824e,2026-06-29 23:05:53,SBI,HDFC,ar****45@oksbi,ka****43@okhdfc,49705.0,P2P,SUCCESS,DELHI,DELHI,DEV100043,1685,,2026-07-12 18:25:28.953779,dbfs:/Volumes/dbacademy/default/myvolume/Project%20Sentinel/upi_transactions.csv,High Value Transaction
a7d9ab9e-4d68-4b5a-ac23-666669f2c8f3,2026-07-04 10:35:59,AXIS,SBI,ni****72@axis,ka****52@oksbi,48809.0,P2P,SUCCESS,JAIPUR,RAJASTHAN,DEV100130,563,,2026-07-12 18:25:28.953779,dbfs:/Volumes/dbacademy/default/myvolume/Project%20Sentinel/upi_transactions.csv,High Value Transaction
89dc9702-3f22-43de-9fd8-96091df11ab6,2026-06-13 16:09:52,ICICI,AXIS,pr****77@icici,am****13@axis,49641.0,BILL PAYMENT,SUCCESS,JAIPUR,RAJASTHAN,DEV100032,749,,2026-07-12 18:25:28.953779,dbfs:/Volumes/dbacademy/default/myvolume/Project%20Sentinel/upi_transactions.csv,High Value Transaction
8f8d6986-6475-41e0-915e-7ed66f749d19,2026-06-26 01:18:08,ICICI,HDFC,ne****49@icici,ma****72@okhdfc,49713.0,MERCHANT,SUCCESS,INDORE,MADHYA PRADESH,DEV100167,1168,,2026-07-12 18:25:28.953779,dbfs:/Volumes/dbacademy/default/myvolume/Project%20Sentinel/upi_transactions.csv,High Value Transaction
2a7a10b1-99dc-406a-8ce5-650ae349bc05,2026-06-20 07:05:48,SBI,ICICI,ro****73@oksbi,am****78@icici,49376.0,P2P,SUCCESS,DELHI,DELHI,DEV100112,2566,,2026-07-12 18:25:28.953779,dbfs:/Volumes/dbacademy/default/myvolume/Project%20Sentinel/upi_transactions.csv,High Value Transaction
7fcf923a-95f8-438b-8de4-96b6b4bd2e97,2026-06-18 01:44:20,AXIS,SBI,ne****07@axis,di****93@oksbi,48406.0,P2P,SUCCESS,AHMEDABAD,GUJARAT,DEV100187,506,,2026-07-12 18:25:28.953779,dbfs:/Volumes/dbacademy/default/myvolume/Project%20Sentinel/upi_transactions.csv,High Value Transaction
a808e4e6-139e-4658-885b-c0b8c6042bf6,2026-06-26 07:34:35,SBI,AXIS,pr****12@oksbi,vi****83@axis,48886.0,MERCHANT,SUCCESS,MUMBAI,MAHARASHTRA,DEV100138,1405,,2026-07-12 18:25:28.953779,dbfs:/Volumes/dbacademy/default/myvolume/Project%20Sentinel/upi_transactions.csv,High Value Transaction
c8301a25-2c38-4fa9-8fea-f2875bd07970,2026-07-02 05:12:59,ICICI,HDFC,am****76@icici,vi****29@okhdfc,49876.0,BILL PAYMENT,SUCCESS,INDORE,MADHYA PRADESH,DEV100145,2997,,2026-07-12 18:25:28.953779,dbfs:/Volumes/dbacademy/default/myvolume/Project%20Sentinel/upi_transactions.csv,High Value Transaction
7ff03762-f436-44d9-9129-e47e581127da,2026-06-29 07:14:18,HDFC,SBI,ka****94@okhdfc,ha****00@oksbi,49826.0,P2P,SUCCESS,AHMEDABAD,GUJARAT,DEV100114,1506,,2026-07-12 18:25:28.953779,dbfs:/Volumes/dbacademy/default/myvolume/Project%20Sentinel/upi_transactions.csv,High Value Transaction
52bc6f02-e2a6-4ea0-9e6d-a0c28e8fbd28,2026-06-14 19:39:45,HDFC,SBI,pr****02@okhdfc,pr****51@oksbi,48199.0,P2P,SUCCESS,HYDERABAD,TELANGANA,DEV100016,1206,,2026-07-12 18:25:28.953779,dbfs:/Volumes/dbacademy/default/myvolume/Project%20Sentinel/upi_transactions.csv,High Value Transaction
dbd79c7b-30b6-4a5c-be0f-946f3b0c506b,2026-06-13 19:57:29,HDFC,ICICI,pr****27@okhdfc,pr****03@icici,49463.0,MERCHANT,SUCCESS,AHMEDABAD,GUJARAT,DEV100093,494,,2026-07-12 18:25:28.953779,dbfs:/Volumes/dbacademy/default/myvolume/Project%20Sentinel/upi_transactions.csv,High Value Transaction
93ca499e-38b7-4288-bdf3-2465a8875109,2026-06-13 02:14:27,ICICI,AXIS,sn****36@icici,pr****63@axis,48768.0,P2P,SUCCESS,BANGALORE,KARNATAKA,DEV100180,934,,2026-07-12 18:25:28.953779,dbfs:/Volumes/dbacademy/default/myvolume/Project%20Sentinel/upi_transactions.csv,High Value Transaction
eb7174cd-c792-4d7f-b5b5-145bca1df716,2026-06-19 00:50:24,ICICI,HDFC,ar****31@icici,vi****68@okhdfc,49521.0,P2P,FAILED,JAIPUR,RAJASTHAN,DEV100029,1055,Timeout,2026-07-12 18:25:28.953779,dbfs:/Volumes/dbacademy/default/myvolume/Project%20Sentinel/upi_transactions.csv,High Value Transaction
15820916-5cb2-4563-abf8-829e9f1644f9,2026-07-02 20:38:31,SBI,AXIS,ha****15@oksbi,vi****11@axis,49068.0,P2P,SUCCESS,PUNE,MAHARASHTRA,DEV100088,856,,2026-07-12 18:25:28.953779,dbfs:/Volumes/dbacademy/default/myvolume/Project%20Sentinel/upi_transactions.csv,High Value Transaction
ca0669a0-a3c3-4675-96ba-a81324818054,2026-07-02 06:29:52,SBI,AXIS,ri****46@oksbi,ne****30@axis,49531.0,P2P,SUCCESS,BANGALORE,KARNATAKA,DEV100140,1014,,2026-07-12 18:25:28.953779,dbfs:/Volumes/dbacademy/default/myvolume/Project%20Sentinel/upi_transactions.csv,High Value Transaction
c6e3d632-159f-4e2f-97f2-de02e7da6d66,2026-06-23 13:09:42,SBI,AXIS,pr****99@oksbi,ra****72@axis,49033.0,MERCHANT,SUCCESS,BANGALORE,KARNATAKA,DEV100188,1406,,2026-07-12 18:25:28.953779,dbfs:/Volumes/dbacademy/default/myvolume/Project%20Sentinel/upi_transactions.csv,High Value Transaction
dddb21f2-c64e-4c2a-b1da-a6df6e4eadeb,2026-07-04 09:40:51,ICICI,HDFC,si****49@icici,ni****55@okhdfc,48387.0,P2P,SUCCESS,PUNE,MAHARASHTRA,DEV100190,623,,2026-07-12 18:25:28.953779,dbfs:/Volumes/dbacademy/default/myvolume/Project%20Sentinel/upi_transactions.csv,High Value Transaction
560f4f4c-d327-4df2-b916-7ff9a1608a41,2026-07-10 18:33:27,ICICI,SBI,ra****26@icici,ma****48@oksbi,49785.0,P2P,SUCCESS,INDORE,MADHYA PRADESH,DEV100141,2628,,2026-07-12 18:25:28.953779,dbfs:/Volumes/dbacademy/default/myvolume/Project%20Sentinel/upi_transactions.csv,High Value Transaction
7fea641a-9d99-4881-bbc5-6e965147791c,2026-07-01 05:43:17,SBI,ICICI,po****61@oksbi,am****07@icici,48742.0,P2P,SUCCESS,PUNE,MAHARASHTRA,DEV100090,1691,,2026-07-12 18:25:28.953779,dbfs:/Volumes/dbacademy/default/myvolume/Project%20Sentinel/upi_transactions.csv,High Value Transaction
e1db6e2c-ce3b-46a8-8bfd-23c18cefdf25,2026-07-06 07:42:15,HDFC,SBI,pr****11@okhdfc,po****27@oksbi,49697.0,MERCHANT,SUCCESS,AHMEDABAD,GUJARAT,DEV100196,2778,,2026-07-12 18:25:28.953779,dbfs:/Volumes/dbacademy/default/myvolume/Project%20Sentinel/upi_transactions.csv,High Value Transaction
dbd4b87a-2a3b-4fc0-9945-4303ce156fcf,2026-07-10 00:41:45,ICICI,SBI,pr****40@icici,di****39@oksbi,48570.0,P2P,SUCCESS,JAIPUR,RAJASTHAN,DEV100060,2648,,2026-07-12 18:25:28.953779,dbfs:/Volumes/dbacademy/default/myvolume/Project%20Sentinel/upi_transactions.csv,High Value Transaction
a9353385-33d4-4ea4-9f0c-bb5846d3f3e5,2026-06-28 20:53:14,SBI,HDFC,sn****33@oksbi,ar****86@okhdfc,48295.0,P2P,SUCCESS,MUMBAI,MAHARASHTRA,DEV100149,2702,,2026-07-12 18:25:28.953779,dbfs:/Volumes/dbacademy/default/myvolume/Project%20Sentinel/upi_transactions.csv,High Value Transaction
747e0b4a-1e77-4db2-9955-81a44a3b384b,2026-06-15 22:26:09,SBI,HDFC,po****06@oksbi,ha****40@okhdfc,48799.0,P2P,SUCCESS,BANGALORE,KARNATAKA,DEV100186,1581,,2026-07-12 18:25:28.953779,dbfs:/Volumes/dbacademy/default/myvolume/Project%20Sentinel/upi_transactions.csv,High Value Transaction
5d7f735e-bff9-4fc6-be5a-a007341dd1b1,2026-06-18 16:12:18,HDFC,AXIS,vi****34@okhdfc,ra****74@axis,49636.0,P2P,FAILED,MUMBAI,MAHARASHTRA,DEV100084,720,,2026-07-12 18:25:28.953779,dbfs:/Volumes/dbacademy/default/myvolume/Project%20Sentinel/upi_transactions.csv,High Value Transaction
f7dea207-3169-459f-a84c-40ec2e7743f5,2026-06-23 14:32:38,ICICI,SBI,pr****78@icici,ra****79@oksbi,49920.0,P2P,SUCCESS,AHMEDABAD,GUJARAT,DEV100146,368,,2026-07-12 18:25:28.953779,dbfs:/Volumes/dbacademy/default/myvolume/Project%20Sentinel/upi_transactions.csv,High Value Transaction
19c05d4f-1da0-4a25-a6e6-c9ff8ddc7562,2026-07-04 15:04:56,SBI,ICICI,ka****46@oksbi,ni****69@icici,49740.0,P2P,SUCCESS,BANGALORE,KARNATAKA,DEV100178,2085,,2026-07-12 18:25:28.953779,dbfs:/Volumes/dbacademy/default/myvolume/Project%20Sentinel/upi_transactions.csv,High Value Transaction
f51c1211-8bad-4a02-871a-808050d24a01,2026-07-08 19:58:55,HDFC,ICICI,ra****50@okhdfc,ka****76@icici,49409.0,P2P,SUCCESS,INDORE,MADHYA PRADESH,DEV100087,1316,,2026-07-12 18:25:28.953779,dbfs:/Volumes/dbacademy/default/myvolume/Project%20Sentinel/upi_transactions.csv,High Value Transaction
af757f41-43d1-4d10-8e8a-fe65319b24e1,2026-07-06 11:03:05,HDFC,ICICI,po****36@okhdfc,ne****46@icici,49551.0,BILL PAYMENT,SUCCESS,INDORE,MADHYA PRADESH,DEV100196,2458,,2026-07-12 18:25:28.953779,dbfs:/Volumes/dbacademy/default/myvolume/Project%20Sentinel/upi_transactions.csv,High Value Transaction
89aa40a6-7f51-4ca1-9723-6fc0e928a945,2026-06-17 15:28:38,AXIS,HDFC,ka****08@axis,ne****50@okhdfc,48627.0,P2P,SUCCESS,JAIPUR,RAJASTHAN,DEV100033,707,,2026-07-12 18:25:28.953779,dbfs:/Volumes/dbacademy/default/myvolume/Project%20Sentinel/upi_transactions.csv,High Value Transaction
6967a982-354c-4f43-981a-dbb007238c6a,2026-06-21 23:57:15,ICICI,AXIS,pr****19@icici,vi****14@axis,49420.0,MERCHANT,SUCCESS,DELHI,DELHI,DEV100054,1055,,2026-07-12 18:25:28.953779,dbfs:/Volumes/dbacademy/default/myvolume/Project%20Sentinel/upi_transactions.csv,High Value Transaction
4a144126-b236-4b2b-aed8-6d80f4cf7ccb,2026-07-07 16:48:37,ICICI,HDFC,po****34@icici,ra****46@okhdfc,48349.0,MERCHANT,SUCCESS,HYDERABAD,TELANGANA,DEV100121,675,,2026-07-12 18:25:28.953779,dbfs:/Volumes/dbacademy/default/myvolume/Project%20Sentinel/upi_transactions.csv,High Value Transaction
af17e839-6571-4248-bd55-ee1bbda0ac9b,2026-06-22 16:40:03,ICICI,SBI,ra****32@icici,ar****19@oksbi,48626.0,BILL PAYMENT,SUCCESS,DELHI,DELHI,DEV100068,2379,,2026-07-12 18:25:28.953779,dbfs:/Volumes/dbacademy/default/myvolume/Project%20Sentinel/upi_transactions.csv,High Value Transaction
abd09b89-d306-435a-a8d6-c10c687b6451,2026-06-20 20:31:12,HDFC,ICICI,si****57@okhdfc,ri****56@icici,49916.0,MERCHANT,SUCCESS,AHMEDABAD,GUJARAT,DEV100040,2673,,2026-07-12 18:25:28.953779,dbfs:/Volumes/dbacademy/default/myvolume/Project%20Sentinel/upi_transactions.csv,High Value Transaction
0d8250e5-d2cc-47fb-bed6-5a88774e5cb4,2026-06-20 09:50:55,HDFC,ICICI,pr****71@okhdfc,ar****77@icici,49757.0,P2P,SUCCESS,AHMEDABAD,GUJARAT,DEV100088,2599,,2026-07-12 18:25:28.953779,dbfs:/Volumes/dbacademy/default/myvolume/Project%20Sentinel/upi_transactions.csv,High Value Transaction
34de8daf-30d9-4df4-9cbe-eb1105f45ce8,2026-07-09 13:34:26,SBI,HDFC,ha****51@oksbi,ka****71@okhdfc,48748.0,P2P,SUCCESS,INDORE,MADHYA PRADESH,DEV100039,709,,2026-07-12 18:25:28.953779,dbfs:/Volumes/dbacademy/default/myvolume/Project%20Sentinel/upi_transactions.csv,High Value Transaction
d83e60ff-3323-400a-8425-fd7dab44bc02,2026-06-29 22:54:02,AXIS,SBI,di****21@axis,ar****63@oksbi,49936.0,BILL PAYMENT,SUCCESS,HYDERABAD,TELANGANA,DEV100131,2473,,2026-07-12 18:25:28.953779,dbfs:/Volumes/dbacademy/default/myvolume/Project%20Sentinel/upi_transactions.csv,High Value Transaction
557941fb-cb45-44e1-8c47-cbd641ee67ca,2026-06-30 02:01:59,ICICI,SBI,ra****90@icici,vi****39@oksbi,49410.0,P2P,SUCCESS,MUMBAI,MAHARASHTRA,DEV100044,2232,,2026-07-12 18:25:28.953779,dbfs:/Volumes/dbacademy/default/myvolume/Project%20Sentinel/upi_transactions.csv,High Value Transaction
15c45dd0-d85e-4484-b7d1-eccc61288073,2026-06-15 01:55:38,AXIS,HDFC,ne****03@axis,ra****54@okhdfc,48002.0,P2P,SUCCESS,BANGALORE,KARNATAKA,DEV100124,804,,2026-07-12 18:25:28.953779,dbfs:/Volumes/dbacademy/default/myvolume/Project%20Sentinel/upi_transactions.csv,High Value Transaction
1e70758c-df2b-4feb-82d9-72e10eaa6d84,2026-06-17 15:51:46,SBI,AXIS,po****15@oksbi,ma****10@axis,49394.0,P2P,SUCCESS,INDORE,MADHYA PRADESH,DEV100032,1716,,2026-07-12 18:25:28.953779,dbfs:/Volumes/dbacademy/default/myvolume/Project%20Sentinel/upi_transactions.csv,High Value Transaction
c3eff0c4-3b61-437a-af83-8e2906685176,2026-06-13 05:29:36,AXIS,ICICI,ka****48@axis,si****54@icici,48100.0,RECHARGE,SUCCESS,PUNE,MAHARASHTRA,DEV100093,1323,,2026-07-12 18:25:28.953779,dbfs:/Volumes/dbacademy/default/myvolume/Project%20Sentinel/upi_transactions.csv,High Value Transaction
af2d4eaf-cefe-4b90-bae9-40ca03627276,2026-06-26 02:03:52,SBI,AXIS,ri****39@oksbi,ri****91@axis,48621.0,MERCHANT,SUCCESS,DELHI,DELHI,DEV100059,922,,2026-07-12 18:25:28.953779,dbfs:/Volumes/dbacademy/default/myvolume/Project%20Sentinel/upi_transactions.csv,High Value Transaction
69431e50-1946-4c48-a9bd-99830d6751bc,2026-06-25 13:46:27,SBI,HDFC,an****68@oksbi,ha****18@okhdfc,49707.0,P2P,SUCCESS,HYDERABAD,TELANGANA,DEV100159,2782,,2026-07-12 18:25:28.953779,dbfs:/Volumes/dbacademy/default/myvolume/Project%20Sentinel/upi_transactions.csv,High Value Transaction
ad905148-6fa2-43f9-b73d-c17ad4298eec,2026-06-27 19:16:08,HDFC,AXIS,po****78@okhdfc,am****43@axis,49902.0,BILL PAYMENT,SUCCESS,DELHI,DELHI,DEV100085,455,,2026-07-12 18:25:28.953779,dbfs:/Volumes/dbacademy/default/myvolume/Project%20Sentinel/upi_transactions.csv,High Value Transaction
90d4a8a2-0435-48fa-8fde-bd1f26207de7,2026-06-14 10:49:49,AXIS,ICICI,pr****16@axis,ar****29@icici,48540.0,P2P,SUCCESS,INDORE,MADHYA PRADESH,DEV100170,1204,,2026-07-12 18:25:28.953779,dbfs:/Volumes/dbacademy/default/myvolume/Project%20Sentinel/upi_transactions.csv,High Value Transaction
60509e06-c78b-4d5d-861f-1d7da60dc7e6,2026-07-06 14:54:28,SBI,HDFC,an****16@oksbi,ar****75@okhdfc,48567.0,P2P,SUCCESS,HYDERABAD,TELANGANA,DEV100026,228,,2026-07-12 18:25:28.953779,dbfs:/Volumes/dbacademy/default/myvolume/Project%20Sentinel/upi_transactions.csv,High Value Transaction
d3fdd5f6-cb96-409c-a3ca-bb2790dd40b3,2026-06-21 23:03:01,SBI,AXIS,ha****98@oksbi,si****72@axis,49111.0,MERCHANT,SUCCESS,AHMEDABAD,GUJARAT,DEV100065,2936,,2026-07-12 18:25:28.953779,dbfs:/Volumes/dbacademy/default/myvolume/Project%20Sentinel/upi_transactions.csv,High Value Transaction
472704c9-e931-45f6-a2cf-a88411baaf11,2026-06-28 07:49:06,HDFC,ICICI,am****91@okhdfc,ka****27@icici,48114.0,RECHARGE,SUCCESS,HYDERABAD,TELANGANA,DEV100089,2952,,2026-07-12 18:25:28.953779,dbfs:/Volumes/dbacademy/default/myvolume/Project%20Sentinel/upi_transactions.csv,High Value Transaction
28819720-2ac4-4aa8-952c-4d343aaa5ef1,2026-07-08 06:06:20,SBI,AXIS,pr****68@oksbi,ka****07@axis,49430.0,P2P,SUCCESS,INDORE,MADHYA PRADESH,DEV100040,1824,,2026-07-12 18:25:28.953779,dbfs:/Volumes/dbacademy/default/myvolume/Project%20Sentinel/upi_transactions.csv,High Value Transaction
c5ebf56b-ed4c-48d5-8afb-4d1c0a7b2f06,2026-07-11 10:05:44,ICICI,SBI,ro****45@icici,si****13@oksbi,48379.0,MERCHANT,SUCCESS,INDORE,MADHYA PRADESH,DEV100011,896,,2026-07-12 18:25:28.953779,dbfs:/Volumes/dbacademy/default/myvolume/Project%20Sentinel/upi_transactions.csv,High Value Transaction
7edfe9b8-850e-4228-893e-7b16c9fae824,2026-06-21 20:07:13,HDFC,ICICI,si****30@okhdfc,ni****41@icici,48792.0,P2P,SUCCESS,PUNE,MAHARASHTRA,DEV100073,1529,,2026-07-12 18:25:28.953779,dbfs:/Volumes/dbacademy/default/myvolume/Project%20Sentinel/upi_transactions.csv,High Value Transaction
9341c7ad-9d64-4072-801b-0fa35a29b219,2026-06-13 06:47:06,HDFC,AXIS,ra****98@okhdfc,po****86@axis,49673.0,RECHARGE,SUCCESS,BANGALORE,KARNATAKA,DEV100158,2806,,2026-07-12 18:25:28.953779,dbfs:/Volumes/dbacademy/default/myvolume/Project%20Sentinel/upi_transactions.csv,High Value Transaction
e7eaa8bd-b409-45ac-aa46-239f5721d71c,2026-07-07 17:08:54,ICICI,AXIS,ka****04@icici,ka****68@axis,48669.0,P2P,SUCCESS,PUNE,MAHARASHTRA,DEV100156,880,,2026-07-12 18:25:28.953779,dbfs:/Volumes/dbacademy/default/myvolume/Project%20Sentinel/upi_transactions.csv,High Value Transaction
dbfdc029-0a8d-432f-be0c-ff0e0aa50a95,2026-07-03 01:46:23,HDFC,ICICI,sn****92@okhdfc,vi****73@icici,48319.0,MERCHANT,SUCCESS,JAIPUR,RAJASTHAN,DEV100052,215,,2026-07-12 18:25:28.953779,dbfs:/Volumes/dbacademy/default/myvolume/Project%20Sentinel/upi_transactions.csv,High Value Transaction
c485b1b8-39b4-427d-a41d-93dd8c7b334d,2026-06-14 12:31:36,HDFC,SBI,ar****37@okhdfc,ma****37@oksbi,49305.0,P2P,SUCCESS,AHMEDABAD,GUJARAT,DEV100067,1352,,2026-07-12 18:25:28.953779,dbfs:/Volumes/dbacademy/default/myvolume/Project%20Sentinel/upi_transactions.csv,High Value Transaction
215fe7b8-66fd-4b1a-be41-a68266536d48,2026-07-11 20:10:45,HDFC,SBI,ka****70@okhdfc,si****35@oksbi,48096.0,P2P,SUCCESS,HYDERABAD,TELANGANA,DEV100190,903,,2026-07-12 18:25:28.953779,dbfs:/Volumes/dbacademy/default/myvolume/Project%20Sentinel/upi_transactions.csv,High Value Transaction
559c0737-b294-40df-8722-ccfc997d8220,2026-07-09 04:31:01,SBI,ICICI,ha****87@oksbi,ka****33@icici,48384.0,P2P,SUCCESS,AHMEDABAD,GUJARAT,DEV100124,2329,,2026-07-12 18:25:28.953779,dbfs:/Volumes/dbacademy/default/myvolume/Project%20Sentinel/upi_transactions.csv,High Value Transaction
4ce39665-702d-4f12-8c18-4cced0be9d4d,2026-07-02 06:23:37,HDFC,ICICI,po****17@okhdfc,ka****12@icici,49547.0,RECHARGE,SUCCESS,MUMBAI,MAHARASHTRA,DEV100005,1173,,2026-07-12 18:25:28.953779,dbfs:/Volumes/dbacademy/default/myvolume/Project%20Sentinel/upi_transactions.csv,High Value Transaction
5f9da203-41d1-475a-b416-cbba3da28fa0,2026-06-17 18:29:23,ICICI,SBI,ka****08@icici,sn****44@oksbi,48042.0,P2P,FAILED,JAIPUR,RAJASTHAN,DEV100099,1503,Invalid UPI,2026-07-12 18:25:28.953779,dbfs:/Volumes/dbacademy/default/myvolume/Project%20Sentinel/upi_transactions.csv,High Value Transaction
8a5bc1ce-87c0-43da-854a-764213138393,2026-06-16 03:23:24,AXIS,SBI,ne****44@axis,ka****76@oksbi,49289.0,P2P,SUCCESS,BANGALORE,KARNATAKA,DEV100143,1305,,2026-07-12 18:25:28.953779,dbfs:/Volumes/dbacademy/default/myvolume/Project%20Sentinel/upi_transactions.csv,High Value Transaction
63be8587-55a4-4155-8cfd-a73368332b5e,2026-07-11 21:59:01,AXIS,ICICI,an****35@axis,ha****77@icici,49611.0,P2P,SUCCESS,MUMBAI,MAHARASHTRA,DEV100136,2407,,2026-07-12 18:25:28.953779,dbfs:/Volumes/dbacademy/default/myvolume/Project%20Sentinel/upi_transactions.csv,High Value Transaction
51a54444-d57e-4b5c-b31c-0d9421a20e0e,2026-06-17 04:50:08,AXIS,SBI,di****34@axis,pr****12@oksbi,49900.0,P2P,SUCCESS,AHMEDABAD,GUJARAT,DEV100055,2177,,2026-07-12 18:25:28.953779,dbfs:/Volumes/dbacademy/default/myvolume/Project%20Sentinel/upi_transactions.csv,High Value Transaction
1ada480f-ac1e-4ce8-96b2-83493c4becb2,2026-07-06 07:18:12,SBI,HDFC,po****62@oksbi,an****98@okhdfc,48163.0,RECHARGE,SUCCESS,AHMEDABAD,GUJARAT,DEV100107,1220,,2026-07-12 18:25:28.953779,dbfs:/Volumes/dbacademy/default/myvolume/Project%20Sentinel/upi_transactions.csv,High Value Transaction
51b6b00b-9a06-4421-9032-50839073ff31,2026-06-27 16:33:54,SBI,HDFC,ni****78@oksbi,ni****17@okhdfc,49561.0,P2P,SUCCESS,PUNE,MAHARASHTRA,DEV100194,439,,2026-07-12 18:25:28.953779,dbfs:/Volumes/dbacademy/default/myvolume/Project%20Sentinel/upi_transactions.csv,High Value Transaction
ceb6050a-3d25-46d6-8bf5-749ede507692,2026-06-20 04:46:07,HDFC,SBI,ra****33@okhdfc,ra****17@oksbi,48399.0,RECHARGE,SUCCESS,AHMEDABAD,GUJARAT,DEV100058,724,,2026-07-12 18:25:28.953779,dbfs:/Volumes/dbacademy/default/myvolume/Project%20Sentinel/upi_transactions.csv,High Value Transaction
8928958e-bb1a-4d52-bb7a-cca1f3b02e2a,2026-06-24 13:07:49,ICICI,HDFC,ka****84@icici,am****45@okhdfc,48299.0,P2P,SUCCESS,JAIPUR,RAJASTHAN,DEV100044,2462,,2026-07-12 18:25:28.953779,dbfs:/Volumes/dbacademy/default/myvolume/Project%20Sentinel/upi_transactions.csv,High Value Transaction
db705d80-7067-4334-bd78-a55f00ec2e92,2026-07-05 07:08:28,SBI,ICICI,ka****61@oksbi,ka****28@icici,48589.0,P2P,SUCCESS,PUNE,MAHARASHTRA,DEV100086,636,,2026-07-12 18:25:28.953779,dbfs:/Volumes/dbacademy/default/myvolume/Project%20Sentinel/upi_transactions.csv,High Value Transaction
9205b722-8a03-437c-a387-5096d475ec0c,2026-06-27 02:32:38,SBI,ICICI,po****48@oksbi,ro****82@icici,49202.0,P2P,SUCCESS,BANGALORE,KARNATAKA,DEV100042,1423,,2026-07-12 18:25:28.953779,dbfs:/Volumes/dbacademy/default/myvolume/Project%20Sentinel/upi_transactions.csv,High Value Transaction
cd218f2e-c606-48ef-82e1-60d1149e3e79,2026-06-19 07:20:55,ICICI,SBI,pr****44@icici,ri****96@oksbi,49368.0,P2P,SUCCESS,HYDERABAD,TELANGANA,DEV100041,1991,,2026-07-12 18:25:28.953779,dbfs:/Volumes/dbacademy/default/myvolume/Project%20Sentinel/upi_transactions.csv,High Value Transaction
50732850-ce04-4bf0-9c75-5d4bc9cdfd12,2026-06-24 16:14:16,ICICI,AXIS,po****36@icici,po****03@axis,49701.0,RECHARGE,SUCCESS,AHMEDABAD,GUJARAT,DEV100121,676,,2026-07-12 18:25:28.953779,dbfs:/Volumes/dbacademy/default/myvolume/Project%20Sentinel/upi_transactions.csv,High Value Transaction
bb1c6827-1cf5-4b89-9f46-68819e50acb3,2026-06-14 11:46:32,ICICI,AXIS,an****03@icici,ka****23@axis,48476.0,MERCHANT,SUCCESS,DELHI,DELHI,DEV100109,488,,2026-07-12 18:25:28.953779,dbfs:/Volumes/dbacademy/default/myvolume/Project%20Sentinel/upi_transactions.csv,High Value Transaction
92438932-a147-4d41-b00f-3d9844a12848,2026-06-26 12:36:12,SBI,ICICI,ro****74@oksbi,ni****59@icici,49740.0,MERCHANT,SUCCESS,INDORE,MADHYA PRADESH,DEV100113,476,,2026-07-12 18:25:28.953779,dbfs:/Volumes/dbacademy/default/myvolume/Project%20Sentinel/upi_transactions.csv,High Value Transaction
3e11ae61-b3a3-41ac-8dc5-c8936ce3ffe7,2026-06-25 04:23:34,AXIS,HDFC,ri****13@axis,an****11@okhdfc,48578.0,MERCHANT,SUCCESS,BANGALORE,KARNATAKA,DEV100063,1465,,2026-07-12 18:25:28.953779,dbfs:/Volumes/dbacademy/default/myvolume/Project%20Sentinel/upi_transactions.csv,High Value Transaction
1d5fda4f-7afd-41ba-a830-fa48769ae2de,2026-07-05 08:38:57,AXIS,HDFC,si****56@axis,di****26@okhdfc,49310.0,P2P,SUCCESS,PUNE,MAHARASHTRA,DEV100085,819,,2026-07-12 18:25:28.953779,dbfs:/Volumes/dbacademy/default/myvolume/Project%20Sentinel/upi_transactions.csv,High Value Transaction
3477235f-ba23-41a9-838f-6b0f89f0b551,2026-07-06 15:09:06,HDFC,ICICI,ka****97@okhdfc,an****26@icici,48517.0,BILL PAYMENT,SUCCESS,PUNE,MAHARASHTRA,DEV100176,2841,,2026-07-12 18:25:28.953779,dbfs:/Volumes/dbacademy/default/myvolume/Project%20Sentinel/upi_transactions.csv,High Value Transaction
fdac8dd5-44df-455f-ba99-fde47958e7fa,2026-07-09 17:56:53,SBI,AXIS,sn****41@oksbi,si****23@axis,49477.0,P2P,SUCCESS,HYDERABAD,TELANGANA,DEV100006,832,,2026-07-12 18:25:28.953779,dbfs:/Volumes/dbacademy/default/myvolume/Project%20Sentinel/upi_transactions.csv,High Value Transaction
164b4cc5-9437-409d-bfeb-e95abe02d2aa,2026-06-17 21:28:31,HDFC,SBI,am****36@okhdfc,am****81@oksbi,49791.0,P2P,SUCCESS,PUNE,MAHARASHTRA,DEV100184,2733,,2026-07-12 18:25:28.953779,dbfs:/Volumes/dbacademy/default/myvolume/Project%20Sentinel/upi_transactions.csv,High Value Transaction
096588c4-c93e-472f-86a6-334c9ce32d7f,2026-06-30 14:10:47,HDFC,ICICI,ha****69@okhdfc,am****04@icici,48311.0,BILL PAYMENT,SUCCESS,BANGALORE,KARNATAKA,DEV100127,2307,,2026-07-12 18:25:28.953779,dbfs:/Volumes/dbacademy/default/myvolume/Project%20Sentinel/upi_transactions.csv,High Value Transaction
14147b6b-ed62-4ddd-80c8-35bb81a3e029,2026-07-03 12:47:22,ICICI,SBI,pr****42@icici,ne****70@oksbi,49709.0,RECHARGE,SUCCESS,HYDERABAD,TELANGANA,DEV100132,947,,2026-07-12 18:25:28.953779,dbfs:/Volumes/dbacademy/default/myvolume/Project%20Sentinel/upi_transactions.csv,High Value Transaction
b009feb5-b140-4773-9ff1-de9b6944d600,2026-07-08 21:49:32,SBI,ICICI,po****08@oksbi,ka****00@icici,49313.0,BILL PAYMENT,SUCCESS,INDORE,MADHYA PRADESH,DEV100032,2038,,2026-07-12 18:25:28.953779,dbfs:/Volumes/dbacademy/default/myvolume/Project%20Sentinel/upi_transactions.csv,High Value Transaction
fafe61a2-246e-4a00-bbb2-7176109d6cb6,2026-06-14 02:29:59,ICICI,SBI,ne****21@icici,ma****05@oksbi,48733.0,P2P,SUCCESS,INDORE,MADHYA PRADESH,DEV100186,299,,2026-07-12 18:25:28.953779,dbfs:/Volumes/dbacademy/default/myvolume/Project%20Sentinel/upi_transactions.csv,High Value Transaction
d3b1f639-e023-4394-9a29-8da838bd7ade,2026-06-19 15:35:56,AXIS,SBI,am****75@axis,pr****84@oksbi,48993.0,MERCHANT,SUCCESS,DELHI,DELHI,DEV100007,2336,,2026-07-12 18:25:28.953779,dbfs:/Volumes/dbacademy/default/myvolume/Project%20Sentinel/upi_transactions.csv,High Value Transaction
1bdb2408-7903-4bc9-bcc0-d68d7e8f652f,2026-07-03 02:18:12,SBI,AXIS,am****42@oksbi,ri****94@axis,49895.0,RECHARGE,SUCCESS,BANGALORE,KARNATAKA,DEV100101,1379,,2026-07-12 18:25:28.953779,dbfs:/Volumes/dbacademy/default/myvolume/Project%20Sentinel/upi_transactions.csv,High Value Transaction
c1c57731-064d-42fc-9fa1-e52dbf14f935,2026-06-25 15:27:10,HDFC,ICICI,di****57@okhdfc,ne****22@icici,49320.0,P2P,SUCCESS,INDORE,MADHYA PRADESH,DEV100093,297,,2026-07-12 18:25:28.953779,dbfs:/Volumes/dbacademy/default/myvolume/Project%20Sentinel/upi_transactions.csv,High Value Transaction
d6cf1674-1337-4903-aeb0-af2aaff72216,2026-06-16 14:50:35,AXIS,SBI,ne****26@axis,vi****98@oksbi,48727.0,MERCHANT,SUCCESS,DELHI,DELHI,DEV100152,2956,,2026-07-12 18:25:28.953779,dbfs:/Volumes/dbacademy/default/myvolume/Project%20Sentinel/upi_transactions.csv,High Value Transaction
28262c2d-f49b-4af9-81fd-5ee15cd6c0ba,2026-06-16 15:59:17,ICICI,AXIS,si****99@icici,pr****06@axis,49247.0,MERCHANT,SUCCESS,AHMEDABAD,GUJARAT,DEV100143,1425,,2026-07-12 18:25:28.953779,dbfs:/Volumes/dbacademy/default/myvolume/Project%20Sentinel/upi_transactions.csv,High Value Transaction
94913ec8-1be4-4de0-93be-9b22e8ced903,2026-06-30 20:27:56,ICICI,SBI,am****72@icici,ro****98@oksbi,49944.0,BILL PAYMENT,SUCCESS,JAIPUR,RAJASTHAN,DEV100191,2103,,2026-07-12 18:25:28.953779,dbfs:/Volumes/dbacademy/default/myvolume/Project%20Sentinel/upi_transactions.csv,High Value Transaction
5a9ac367-d6f6-48b0-a2fc-9eff8e977385,2026-07-04 07:39:46,ICICI,SBI,ka****37@icici,ar****35@oksbi,48710.0,BILL PAYMENT,SUCCESS,AHMEDABAD,GUJARAT,DEV100044,2239,,2026-07-12 18:25:28.953779,dbfs:/Volumes/dbacademy/default/myvolume/Project%20Sentinel/upi_transactions.csv,High Value Transaction
50b97af7-76f6-4366-bd73-dc8e5e20264c,2026-07-05 17:59:36,HDFC,AXIS,ha****88@okhdfc,ni****42@axis,48925.0,P2P,SUCCESS,INDORE,MADHYA PRADESH,DEV100188,2559,,2026-07-12 18:25:28.953779,dbfs:/Volumes/dbacademy/default/myvolume/Project%20Sentinel/upi_transactions.csv,High Value Transaction
d7bf3011-3f39-4cba-830d-38d21fe148b5,2026-06-21 13:48:35,AXIS,ICICI,si****16@axis,ra****07@icici,48280.0,P2P,SUCCESS,INDORE,MADHYA PRADESH,DEV100098,1135,,2026-07-12 18:25:28.953779,dbfs:/Volumes/dbacademy/default/myvolume/Project%20Sentinel/upi_transactions.csv,High Value Transaction
8ba83849-0477-44fa-86a6-94ef25c7b36b,2026-06-26 05:57:17,ICICI,SBI,si****84@icici,ne****37@oksbi,48770.0,P2P,SUCCESS,HYDERABAD,TELANGANA,DEV100041,1517,,2026-07-12 18:25:28.953779,dbfs:/Volumes/dbacademy/default/myvolume/Project%20Sentinel/upi_transactions.csv,High Value Transaction
35a44f59-dde9-4a2e-af52-73cdd902c2ec,2026-06-20 12:34:57,ICICI,AXIS,ka****34@icici,sn****13@axis,49840.0,RECHARGE,SUCCESS,MUMBAI,MAHARASHTRA,DEV100192,2181,,2026-07-12 18:25:28.953779,dbfs:/Volumes/dbacademy/default/myvolume/Project%20Sentinel/upi_transactions.csv,High Value Transaction
4b3eaae1-ca23-474a-8db4-1d9b778a7a01,2026-07-07 00:13:53,ICICI,SBI,ka****35@icici,ha****52@oksbi,49156.0,RECHARGE,SUCCESS,DELHI,DELHI,DEV100143,1954,,2026-07-12 18:25:28.953779,dbfs:/Volumes/dbacademy/default/myvolume/Project%20Sentinel/upi_transactions.csv,High Value Transaction
ba6e9150-366c-46d9-b3b0-928cf80c8268,2026-06-27 16:59:14,SBI,AXIS,ar****08@oksbi,si****85@axis,49391.0,P2P,SUCCESS,JAIPUR,RAJASTHAN,DEV100022,839,,2026-07-12 18:25:28.953779,dbfs:/Volumes/dbacademy/default/myvolume/Project%20Sentinel/upi_transactions.csv,High Value Transaction
6e483f9e-a66b-4432-8012-52bd3f5c2e56,2026-06-29 15:56:17,ICICI,HDFC,po****08@icici,ne****50@okhdfc,49426.0,RECHARGE,SUCCESS,BANGALORE,KARNATAKA,DEV100040,1718,,2026-07-12 18:25:28.953779,dbfs:/Volumes/dbacademy/default/myvolume/Project%20Sentinel/upi_transactions.csv,High Value Transaction
5fb93afb-9468-4102-ab80-e320b608ddd3,2026-06-26 07:46:41,HDFC,AXIS,ka****06@okhdfc,ra****52@axis,48533.0,P2P,SUCCESS,INDORE,MADHYA PRADESH,DEV100072,191,,2026-07-12 18:25:28.953779,dbfs:/Volumes/dbacademy/default/myvolume/Project%20Sentinel/upi_transactions.csv,High Value Transaction
4ad09491-94f9-4c8b-8dde-4df82b65c722,2026-06-21 20:49:42,AXIS,SBI,po****05@axis,an****89@oksbi,49432.0,MERCHANT,SUCCESS,BANGALORE,KARNATAKA,DEV100171,338,,2026-07-12 18:25:28.953779,dbfs:/Volumes/dbacademy/default/myvolume/Project%20Sentinel/upi_transactions.csv,High Value Transaction
285dc8fc-1c48-479a-b6d8-40d32c03a536,2026-06-24 18:43:37,SBI,ICICI,ha****12@oksbi,sn****56@icici,48331.0,BILL PAYMENT,SUCCESS,HYDERABAD,TELANGANA,DEV100064,1904,,2026-07-12 18:25:28.953779,dbfs:/Volumes/dbacademy/default/myvolume/Project%20Sentinel/upi_transactions.csv,High Value Transaction
5ac8c2cf-15a0-4c66-982d-fbfe1f026cde,2026-06-30 10:45:57,AXIS,HDFC,ma****95@axis,ro****91@okhdfc,49336.0,MERCHANT,SUCCESS,DELHI,DELHI,DEV100176,594,,2026-07-12 18:25:28.953779,dbfs:/Volumes/dbacademy/default/myvolume/Project%20Sentinel/upi_transactions.csv,High Value Transaction
4c868688-2da3-4043-993e-58d7fff14745,2026-06-20 15:56:53,HDFC,ICICI,di****36@okhdfc,ro****42@icici,48601.0,P2P,SUCCESS,JAIPUR,RAJASTHAN,DEV100084,1492,,2026-07-12 18:25:28.953779,dbfs:/Volumes/dbacademy/default/myvolume/Project%20Sentinel/upi_transactions.csv,High Value Transaction
c23e55d8-2ed2-4ffd-9c36-053dd3d05cfd,2026-06-23 20:18:35,AXIS,SBI,ra****53@axis,ha****15@oksbi,48992.0,MERCHANT,SUCCESS,JAIPUR,RAJASTHAN,DEV100170,2030,,2026-07-12 18:25:28.953779,dbfs:/Volumes/dbacademy/default/myvolume/Project%20Sentinel/upi_transactions.csv,High Value Transaction
c2378a63-bc11-419f-accf-4449b386f91d,2026-07-11 16:47:52,ICICI,SBI,vi****08@icici,an****95@oksbi,49862.0,P2P,SUCCESS,PUNE,MAHARASHTRA,DEV100086,2286,,2026-07-12 18:25:28.953779,dbfs:/Volumes/dbacademy/default/myvolume/Project%20Sentinel/upi_transactions.csv,High Value Transaction
5564da1c-2238-4afe-ae10-c4543e89be75,2026-07-07 22:36:40,AXIS,HDFC,sn****28@axis,ka****01@okhdfc,48377.0,P2P,SUCCESS,HYDERABAD,TELANGANA,DEV100086,2047,,2026-07-12 18:25:28.953779,dbfs:/Volumes/dbacademy/default/myvolume/Project%20Sentinel/upi_transactions.csv,High Value Transaction
d41d8216-d84e-4dd2-87a6-20e405a3c383,2026-06-29 18:45:06,HDFC,ICICI,ha****49@okhdfc,ni****18@icici,48274.0,P2P,SUCCESS,PUNE,MAHARASHTRA,DEV100155,2252,,2026-07-12 18:25:28.953779,dbfs:/Volumes/dbacademy/default/myvolume/Project%20Sentinel/upi_transactions.csv,High Value Transaction
bd2a87df-5f24-4d20-a032-999bf9aced1d,2026-07-06 01:37:22,SBI,ICICI,pr****42@oksbi,ma****75@icici,48830.0,RECHARGE,SUCCESS,AHMEDABAD,GUJARAT,DEV100098,527,,2026-07-12 18:25:28.953779,dbfs:/Volumes/dbacademy/default/myvolume/Project%20Sentinel/upi_transactions.csv,High Value Transaction
edea7899-39ef-439e-adfa-76f77d4b9b5d,2026-07-01 07:33:24,SBI,AXIS,am****35@oksbi,an****62@axis,48453.0,P2P,SUCCESS,INDORE,MADHYA PRADESH,DEV100097,2909,,2026-07-12 18:25:28.953779,dbfs:/Volumes/dbacademy/default/myvolume/Project%20Sentinel/upi_transactions.csv,High Value Transaction
be269526-c5d4-4819-9d5f-01f95e477428,2026-07-02 15:31:35,ICICI,SBI,si****57@icici,vi****57@oksbi,49412.0,P2P,SUCCESS,DELHI,DELHI,DEV100116,1389,,2026-07-12 18:25:28.953779,dbfs:/Volumes/dbacademy/default/myvolume/Project%20Sentinel/upi_transactions.csv,High Value Transaction
7a937e77-a6b2-47e1-b277-92c1b05e14b1,2026-06-14 00:49:15,SBI,AXIS,ka****49@oksbi,po****81@axis,48263.0,MERCHANT,SUCCESS,JAIPUR,RAJASTHAN,DEV100050,2711,,2026-07-12 18:25:28.953779,dbfs:/Volumes/dbacademy/default/myvolume/Project%20Sentinel/upi_transactions.csv,High Value Transaction
52d84589-45ba-4d33-8eff-efe11ec9e8d5,2026-07-03 22:26:15,HDFC,SBI,ka****45@okhdfc,am****40@oksbi,49012.0,P2P,SUCCESS,JAIPUR,RAJASTHAN,DEV100136,1337,,2026-07-12 18:25:28.953779,dbfs:/Volumes/dbacademy/default/myvolume/Project%20Sentinel/upi_transactions.csv,High Value Transaction
9ae39b02-af62-447b-b613-d88196082fa9,2026-06-18 21:24:01,ICICI,SBI,ri****28@icici,ro****76@oksbi,49327.0,RECHARGE,SUCCESS,HYDERABAD,TELANGANA,DEV100036,1314,,2026-07-12 18:25:28.953779,dbfs:/Volumes/dbacademy/default/myvolume/Project%20Sentinel/upi_transactions.csv,High Value Transaction
982d2924-3ee2-4487-91b6-48377286fe91,2026-06-26 10:46:16,HDFC,SBI,po****29@okhdfc,di****51@oksbi,49339.0,MERCHANT,SUCCESS,BANGALORE,KARNATAKA,DEV100157,744,,2026-07-12 18:25:28.953779,dbfs:/Volumes/dbacademy/default/myvolume/Project%20Sentinel/upi_transactions.csv,High Value Transaction
60a1b043-cb57-4c92-8c78-385f1c4319a3,2026-06-15 22:22:26,ICICI,SBI,di****58@icici,pr****47@oksbi,48619.0,P2P,SUCCESS,HYDERABAD,TELANGANA,DEV100145,2189,,2026-07-12 18:25:28.953779,dbfs:/Volumes/dbacademy/default/myvolume/Project%20Sentinel/upi_transactions.csv,High Value Transaction
e83c95bb-3dcb-4993-84d4-a443efed2b2f,2026-07-08 00:20:23,HDFC,ICICI,ra****33@okhdfc,ar****09@icici,49985.0,P2P,SUCCESS,DELHI,DELHI,DEV100057,2790,,2026-07-12 18:25:28.953779,dbfs:/Volumes/dbacademy/default/myvolume/Project%20Sentinel/upi_transactions.csv,High Value Transaction
555b974d-525f-4859-84dc-acc45f074f37,2026-07-02 23:40:58,ICICI,HDFC,ro****78@icici,ri****71@okhdfc,49507.0,BILL PAYMENT,SUCCESS,BANGALORE,KARNATAKA,DEV100117,2988,,2026-07-12 18:25:28.953779,dbfs:/Volumes/dbacademy/default/myvolume/Project%20Sentinel/upi_transactions.csv,High Value Transaction
cd7c4b33-ff5f-429f-9a60-4ce1407d1890,2026-07-05 18:56:46,AXIS,HDFC,ro****73@axis,ne****69@okhdfc,48542.0,MERCHANT,SUCCESS,BANGALORE,KARNATAKA,DEV100156,1495,,2026-07-12 18:25:28.953779,dbfs:/Volumes/dbacademy/default/myvolume/Project%20Sentinel/upi_transactions.csv,High Value Transaction
5b3e0555-8bfb-4818-a901-972d25904c84,2026-07-05 18:33:13,ICICI,AXIS,pr****23@icici,pr****86@axis,49953.0,BILL PAYMENT,SUCCESS,MUMBAI,MAHARASHTRA,DEV100130,731,,2026-07-12 18:25:28.953779,dbfs:/Volumes/dbacademy/default/myvolume/Project%20Sentinel/upi_transactions.csv,High Value Transaction
8ff3a823-69cb-447f-a925-909c726b057d,2026-06-17 16:39:00,ICICI,SBI,di****69@icici,ri****04@oksbi,49639.0,P2P,SUCCESS,AHMEDABAD,GUJARAT,DEV100018,693,,2026-07-12 18:25:28.953779,dbfs:/Volumes/dbacademy/default/myvolume/Project%20Sentinel/upi_transactions.csv,High Value Transaction
7fe43f21-104b-48f4-8e8c-377064c4dc06,2026-07-05 20:17:54,AXIS,SBI,am****92@axis,ni****39@oksbi,48308.0,P2P,SUCCESS,MUMBAI,MAHARASHTRA,DEV100123,1621,,2026-07-12 18:25:28.953779,dbfs:/Volumes/dbacademy/default/myvolume/Project%20Sentinel/upi_transactions.csv,High Value Transaction
a03a5412-bb26-401b-80c2-6869b1e63617,2026-07-05 22:44:52,AXIS,SBI,ka****23@axis,sn****42@oksbi,49701.0,P2P,SUCCESS,AHMEDABAD,GUJARAT,DEV100043,2314,,2026-07-12 18:25:28.953779,dbfs:/Volumes/dbacademy/default/myvolume/Project%20Sentinel/upi_transactions.csv,High Value Transaction
6d2ec515-4efa-468e-9f99-b9a210f9bf79,2026-06-15 20:50:53,AXIS,ICICI,pr****10@axis,pr****60@icici,48754.0,P2P,SUCCESS,BANGALORE,KARNATAKA,DEV100148,1385,,2026-07-12 18:25:28.953779,dbfs:/Volumes/dbacademy/default/myvolume/Project%20Sentinel/upi_transactions.csv,High Value Transaction
90612557-df2b-44bd-9123-4aecae3656ad,2026-06-21 16:30:20,AXIS,ICICI,si****82@axis,di****31@icici,49666.0,P2P,SUCCESS,AHMEDABAD,GUJARAT,DEV100067,1492,,2026-07-12 18:25:28.953779,dbfs:/Volumes/dbacademy/default/myvolume/Project%20Sentinel/upi_transactions.csv,High Value Transaction
58ab50fd-e3be-43c5-b5f4-6e2136628e8f,2026-07-11 21:52:37,AXIS,ICICI,ka****79@axis,pr****54@icici,17748.0,RECHARGE,SUCCESS,DELHI,DELHI,DEV100080,2881,,2026-07-12 18:25:28.953779,dbfs:/Volumes/dbacademy/default/myvolume/Project%20Sentinel/upi_transactions.csv,High Response Time
c82cc249-4f01-4401-98bb-0af4a80e9e29,2026-07-04 05:10:48,SBI,HDFC,an****51@oksbi,pr****67@okhdfc,18961.0,P2P,SUCCESS,AHMEDABAD,GUJARAT,DEV100136,2891,,2026-07-12 18:25:28.953779,dbfs:/Volumes/dbacademy/default/myvolume/Project%20Sentinel/upi_transactions.csv,High Response Time
dcb98de5-b016-4bc7-9353-8642d4857236,2026-07-11 06:58:57,HDFC,AXIS,pr****02@okhdfc,ka****96@axis,8984.0,BILL PAYMENT,SUCCESS,AHMEDABAD,GUJARAT,DEV100079,2958,,2026-07-12 18:25:28.953779,dbfs:/Volumes/dbacademy/default/myvolume/Project%20Sentinel/upi_transactions.csv,High Response Time
2190c623-6a34-4dcd-85eb-5ba66b309d0e,2026-06-21 03:13:30,ICICI,HDFC,ra****00@icici,ro****90@okhdfc,41997.0,MERCHANT,SUCCESS,JAIPUR,RAJASTHAN,DEV100150,2882,,2026-07-12 18:25:28.953779,dbfs:/Volumes/dbacademy/default/myvolume/Project%20Sentinel/upi_transactions.csv,High Response Time
7b61efba-523d-44d3-8780-6b0996c5afb1,2026-07-01 18:57:06,AXIS,ICICI,ar****32@axis,ka****28@icici,22760.0,P2P,FAILED,AHMEDABAD,GUJARAT,DEV100146,2977,Daily Limit Exceeded,2026-07-12 18:25:28.953779,dbfs:/Volumes/dbacademy/default/myvolume/Project%20Sentinel/upi_transactions.csv,High Response Time
5b2daa22-b1fc-4846-ac4f-6844557829f7,2026-07-04 21:31:59,ICICI,SBI,ra****55@icici,ri****01@oksbi,5921.0,RECHARGE,SUCCESS,PUNE,MAHARASHTRA,DEV100014,2930,,2026-07-12 18:25:28.953779,dbfs:/Volumes/dbacademy/default/myvolume/Project%20Sentinel/upi_transactions.csv,High Response Time
f4004153-cb78-43a2-803a-7a364642f00f,2026-07-09 23:21:26,SBI,HDFC,po****79@oksbi,po****19@okhdfc,3996.0,P2P,SUCCESS,JAIPUR,RAJASTHAN,DEV100194,2920,,2026-07-12 18:25:28.953779,dbfs:/Volumes/dbacademy/default/myvolume/Project%20Sentinel/upi_transactions.csv,High Response Time
3df900ef-d1af-4dcb-82cf-cd267adcaa7e,2026-06-26 10:55:35,ICICI,HDFC,ni****58@icici,am****22@okhdfc,30244.0,RECHARGE,SUCCESS,MUMBAI,MAHARASHTRA,DEV100038,2899,,2026-07-12 18:25:28.953779,dbfs:/Volumes/dbacademy/default/myvolume/Project%20Sentinel/upi_transactions.csv,High Response Time
7f3419cc-bbb6-4802-a431-dc58877a6eac,2026-06-16 09:02:38,AXIS,SBI,di****76@axis,ha****87@oksbi,10457.0,P2P,SUCCESS,BANGALORE,KARNATAKA,DEV100040,2858,,2026-07-12 18:25:28.953779,dbfs:/Volumes/dbacademy/default/myvolume/Project%20Sentinel/upi_transactions.csv,High Response Time
2cc5cf93-fd79-4cbf-b4b2-d822cdcf158d,2026-07-09 03:43:56,HDFC,ICICI,ka****17@okhdfc,di****26@icici,31965.0,MERCHANT,SUCCESS,PUNE,MAHARASHTRA,DEV100080,2917,,2026-07-12 18:25:28.953779,dbfs:/Volumes/dbacademy/default/myvolume/Project%20Sentinel/upi_transactions.csv,High Response Time
367437a8-3c7d-4cf2-a51a-799045de8f92,2026-06-29 14:27:08,SBI,HDFC,ka****93@oksbi,po****03@okhdfc,41636.0,P2P,SUCCESS,INDORE,MADHYA PRADESH,DEV100029,2874,,2026-07-12 18:25:28.953779,dbfs:/Volumes/dbacademy/default/myvolume/Project%20Sentinel/upi_transactions.csv,High Response Time
d64b8b16-dbaf-49e4-9fc8-1cea55d4f011,2026-06-29 13:48:07,AXIS,HDFC,ro****24@axis,ro****14@okhdfc,22069.0,MERCHANT,SUCCESS,MUMBAI,MAHARASHTRA,DEV100184,2910,,2026-07-12 18:25:28.953779,dbfs:/Volumes/dbacademy/default/myvolume/Project%20Sentinel/upi_transactions.csv,High Response Time
ad36f16b-f32d-4cfc-88be-0a218b64d988,2026-06-19 01:53:27,ICICI,AXIS,ma****57@icici,ka****21@axis,23594.0,RECHARGE,SUCCESS,DELHI,DELHI,DEV100054,2965,,2026-07-12 18:25:28.953779,dbfs:/Volumes/dbacademy/default/myvolume/Project%20Sentinel/upi_transactions.csv,High Response Time
a97beabc-20f6-4022-bb25-95c22c10e50c,2026-07-06 12:04:32,SBI,ICICI,vi****50@oksbi,di****55@icici,36425.0,RECHARGE,SUCCESS,INDORE,MADHYA PRADESH,DEV100081,2954,,2026-07-12 18:25:28.953779,dbfs:/Volumes/dbacademy/default/myvolume/Project%20Sentinel/upi_transactions.csv,High Response Time
f2dccef6-320d-476d-b2eb-f8ba206c3d7f,2026-06-24 13:41:36,SBI,ICICI,ri****32@oksbi,ar****09@icici,27922.0,RECHARGE,SUCCESS,HYDERABAD,TELANGANA,DEV100199,2878,,2026-07-12 18:25:28.953779,dbfs:/Volumes/dbacademy/default/myvolume/Project%20Sentinel/upi_transactions.csv,High Response Time
dda1ce8d-7e43-4614-bd8e-0f36b1b48898,2026-06-26 18:13:42,HDFC,AXIS,ka****96@okhdfc,ha****14@axis,22043.0,BILL PAYMENT,SUCCESS,JAIPUR,RAJASTHAN,DEV100188,2870,,2026-07-12 18:25:28.953779,dbfs:/Volumes/dbacademy/default/myvolume/Project%20Sentinel/upi_transactions.csv,High Response Time
2aca9886-9785-498d-bd7f-52aff93435d8,2026-06-28 09:34:37,HDFC,SBI,ar****64@okhdfc,am****28@oksbi,47314.0,P2P,SUCCESS,AHMEDABAD,GUJARAT,DEV100000,2935,,2026-07-12 18:25:28.953779,dbfs:/Volumes/dbacademy/default/myvolume/Project%20Sentinel/upi_transactions.csv,High Response Time
766c0600-b3b3-4c66-8707-fcdf7835ec24,2026-06-21 21:11:46,AXIS,SBI,ma****72@axis,ri****41@oksbi,27111.0,BILL PAYMENT,SUCCESS,INDORE,MADHYA PRADESH,DEV100095,2868,,2026-07-12 18:25:28.953779,dbfs:/Volumes/dbacademy/default/myvolume/Project%20Sentinel/upi_transactions.csv,High Response Time
981cdcae-8e3d-4165-b531-785d6dd7d0b6,2026-07-07 14:27:10,SBI,ICICI,pr****43@oksbi,ha****40@icici,40561.0,MERCHANT,SUCCESS,AHMEDABAD,GUJARAT,DEV100103,2952,,2026-07-12 18:25:28.953779,dbfs:/Volumes/dbacademy/default/myvolume/Project%20Sentinel/upi_transactions.csv,High Response Time
8184900b-44ff-4aa1-aadb-0424d400070c,2026-07-12 03:46:25,SBI,HDFC,pr****09@oksbi,ri****84@okhdfc,8561.0,P2P,SUCCESS,BANGALORE,KARNATAKA,DEV100134,2997,,2026-07-12 18:25:28.953779,dbfs:/Volumes/dbacademy/default/myvolume/Project%20Sentinel/upi_transactions.csv,High Response Time
02b0a239-5d94-4a6f-a234-d6356c5657fc,2026-06-29 06:07:02,SBI,ICICI,ka****51@oksbi,pr****86@icici,20233.0,P2P,SUCCESS,MUMBAI,MAHARASHTRA,DEV100134,2990,,2026-07-12 18:25:28.953779,dbfs:/Volumes/dbacademy/default/myvolume/Project%20Sentinel/upi_transactions.csv,High Response Time
5b5e9e92-ce08-469d-9457-e6c48ba25aaf,2026-06-23 14:03:01,SBI,HDFC,sn****58@oksbi,am****52@okhdfc,45054.0,MERCHANT,SUCCESS,PUNE,MAHARASHTRA,DEV100192,2983,,2026-07-12 18:25:28.953779,dbfs:/Volumes/dbacademy/default/myvolume/Project%20Sentinel/upi_transactions.csv,High Response Time
3ba23d1a-42db-4b6f-8294-32b2511ccb4a,2026-06-17 12:29:40,ICICI,SBI,ne****01@icici,di****61@oksbi,15099.0,BILL PAYMENT,SUCCESS,AHMEDABAD,GUJARAT,DEV100037,2974,,2026-07-12 18:25:28.953779,dbfs:/Volumes/dbacademy/default/myvolume/Project%20Sentinel/upi_transactions.csv,High Response Time
6c534d9e-781f-46b9-aa98-79ecfaba9494,2026-06-24 20:40:58,ICICI,SBI,ar****18@icici,pr****15@oksbi,21499.0,P2P,SUCCESS,JAIPUR,RAJASTHAN,DEV100032,2969,,2026-07-12 18:25:28.953779,dbfs:/Volumes/dbacademy/default/myvolume/Project%20Sentinel/upi_transactions.csv,High Response Time
3f4fbabc-a73e-43ae-8cf5-674951674bc6,2026-07-02 12:29:51,ICICI,SBI,ra****33@icici,ri****66@oksbi,13088.0,MERCHANT,SUCCESS,AHMEDABAD,GUJARAT,DEV100046,2896,,2026-07-12 18:25:28.953779,dbfs:/Volumes/dbacademy/default/myvolume/Project%20Sentinel/upi_transactions.csv,High Response Time
34426646-e280-4895-8f95-c70bc5fba161,2026-06-17 14:30:20,HDFC,AXIS,ne****47@okhdfc,am****33@axis,24297.0,P2P,SUCCESS,BANGALORE,KARNATAKA,DEV100141,2949,,2026-07-12 18:25:28.953779,dbfs:/Volumes/dbacademy/default/myvolume/Project%20Sentinel/upi_transactions.csv,High Response Time
5ef34aca-a383-4c78-a06d-b544ac913bd3,2026-06-25 22:33:20,ICICI,SBI,pr****19@icici,pr****54@oksbi,41978.0,MERCHANT,SUCCESS,HYDERABAD,TELANGANA,DEV100104,2852,,2026-07-12 18:25:28.953779,dbfs:/Volumes/dbacademy/default/myvolume/Project%20Sentinel/upi_transactions.csv,High Response Time
11261a1a-4ba4-4fc1-a7d0-b60aca6a61e4,2026-07-02 12:11:11,ICICI,AXIS,po****54@icici,ni****97@axis,35374.0,P2P,SUCCESS,PUNE,MAHARASHTRA,DEV100063,2852,,2026-07-12 18:25:28.953779,dbfs:/Volumes/dbacademy/default/myvolume/Project%20Sentinel/upi_transactions.csv,High Response Time
482f1da5-c305-4d41-a03e-6a7d7ede0ef8,2026-06-26 23:08:00,SBI,HDFC,ro****26@oksbi,di****43@okhdfc,20581.0,MERCHANT,SUCCESS,BANGALORE,KARNATAKA,DEV100089,2868,,2026-07-12 18:25:28.953779,dbfs:/Volumes/dbacademy/default/myvolume/Project%20Sentinel/upi_transactions.csv,High Response Time
f6bf875b-654e-4ae1-9327-d60c9b3f2f64,2026-06-22 02:35:44,ICICI,AXIS,ar****35@icici,ha****46@axis,14616.0,P2P,SUCCESS,INDORE,MADHYA PRADESH,DEV100190,2998,,2026-07-12 18:25:28.953779,dbfs:/Volumes/dbacademy/default/myvolume/Project%20Sentinel/upi_transactions.csv,High Response Time
b6f9de59-3f20-42a3-9696-2362c90fdbbe,2026-07-06 05:11:25,SBI,AXIS,pr****91@oksbi,ka****66@axis,3626.0,P2P,SUCCESS,BANGALORE,KARNATAKA,DEV100151,2935,,2026-07-12 18:25:28.953779,dbfs:/Volumes/dbacademy/default/myvolume/Project%20Sentinel/upi_transactions.csv,High Response Time
307f2c1d-38c3-40b0-8861-35cd0392a5d2,2026-06-28 03:08:41,SBI,ICICI,di****79@oksbi,di****06@icici,22061.0,BILL PAYMENT,SUCCESS,AHMEDABAD,GUJARAT,DEV100193,2879,,2026-07-12 18:25:28.953779,dbfs:/Volumes/dbacademy/default/myvolume/Project%20Sentinel/upi_transactions.csv,High Response Time
8792103b-ff0f-4cd6-ad0d-df0384ddf457,2026-06-22 22:01:53,ICICI,HDFC,di****42@icici,ka****21@okhdfc,41195.0,P2P,SUCCESS,JAIPUR,RAJASTHAN,DEV100083,2898,,2026-07-12 18:25:28.953779,dbfs:/Volumes/dbacademy/default/myvolume/Project%20Sentinel/upi_transactions.csv,High Response Time
74349ff0-e103-42f7-889f-c87fd6fd8b16,2026-06-28 15:01:52,SBI,AXIS,ro****08@oksbi,ne****26@axis,29781.0,P2P,SUCCESS,MUMBAI,MAHARASHTRA,DEV100175,2954,,2026-07-12 18:25:28.953779,dbfs:/Volumes/dbacademy/default/myvolume/Project%20Sentinel/upi_transactions.csv,High Response Time
9ad41167-ea4b-40e7-bbeb-18831cbdcffe,2026-06-24 17:07:44,ICICI,HDFC,ni****89@icici,ka****86@okhdfc,46795.0,BILL PAYMENT,SUCCESS,DELHI,DELHI,DEV100116,2947,,2026-07-12 18:25:28.953779,dbfs:/Volumes/dbacademy/default/myvolume/Project%20Sentinel/upi_transactions.csv,High Response Time
9f83d595-e842-495c-93d6-8e420d270353,2026-07-02 19:16:33,AXIS,HDFC,ar****86@axis,di****28@okhdfc,26670.0,P2P,SUCCESS,BANGALORE,KARNATAKA,DEV100147,2910,,2026-07-12 18:25:28.953779,dbfs:/Volumes/dbacademy/default/myvolume/Project%20Sentinel/upi_transactions.csv,High Response Time
109bc67d-f8b2-4056-bf4e-51695136bdbf,2026-06-16 09:33:00,HDFC,ICICI,vi****14@okhdfc,ni****36@icici,8865.0,P2P,SUCCESS,INDORE,MADHYA PRADESH,DEV100025,2918,,2026-07-12 18:25:28.953779,dbfs:/Volumes/dbacademy/default/myvolume/Project%20Sentinel/upi_transactions.csv,High Response Time
df317556-84b6-4f18-8d23-c3b8f9d45155,2026-06-13 20:18:47,SBI,HDFC,ni****98@oksbi,ri****33@okhdfc,37865.0,P2P,SUCCESS,DELHI,DELHI,DEV100181,2960,,2026-07-12 18:25:28.953779,dbfs:/Volumes/dbacademy/default/myvolume/Project%20Sentinel/upi_transactions.csv,High Response Time
93f906cd-e1b4-46e8-a5b6-ce1988588158,2026-07-05 01:13:24,HDFC,SBI,di****09@okhdfc,sn****43@oksbi,22662.0,MERCHANT,SUCCESS,INDORE,MADHYA PRADESH,DEV100129,2900,,2026-07-12 18:25:28.953779,dbfs:/Volumes/dbacademy/default/myvolume/Project%20Sentinel/upi_transactions.csv,High Response Time
81212a3f-e1b5-4824-ba16-e1d281534410,2026-06-19 07:39:02,AXIS,ICICI,ma****84@axis,ha****33@icici,22524.0,P2P,SUCCESS,DELHI,DELHI,DEV100103,2961,,2026-07-12 18:25:28.953779,dbfs:/Volumes/dbacademy/default/myvolume/Project%20Sentinel/upi_transactions.csv,High Response Time
32b287c0-8de7-49cd-a916-2d55d7f35dc0,2026-07-11 05:23:32,AXIS,ICICI,an****98@axis,ri****08@icici,17832.0,MERCHANT,SUCCESS,BANGALORE,KARNATAKA,DEV100192,3000,,2026-07-12 18:25:28.953779,dbfs:/Volumes/dbacademy/default/myvolume/Project%20Sentinel/upi_transactions.csv,High Response Time
d3c8bca3-e7e3-42ff-83e9-c51035787025,2026-06-16 13:42:24,ICICI,SBI,vi****33@icici,ri****68@oksbi,32243.0,MERCHANT,SUCCESS,AHMEDABAD,GUJARAT,DEV100054,2906,,2026-07-12 18:25:28.953779,dbfs:/Volumes/dbacademy/default/myvolume/Project%20Sentinel/upi_transactions.csv,High Response Time
68d6c792-a234-4229-b24f-b2d3fa6a3abe,2026-06-14 21:46:17,AXIS,HDFC,pr****30@axis,ni****29@okhdfc,47620.0,RECHARGE,SUCCESS,INDORE,MADHYA PRADESH,DEV100140,2966,,2026-07-12 18:25:28.953779,dbfs:/Volumes/dbacademy/default/myvolume/Project%20Sentinel/upi_transactions.csv,High Response Time
638b249d-f14e-4f4b-8017-ab4dfb257ead,2026-07-06 07:59:17,SBI,ICICI,ne****29@oksbi,ar****53@icici,11045.0,P2P,SUCCESS,JAIPUR,RAJASTHAN,DEV100128,2860,,2026-07-12 18:25:28.953779,dbfs:/Volumes/dbacademy/default/myvolume/Project%20Sentinel/upi_transactions.csv,High Response Time
bf46a7c9-0cc0-4de8-8f17-56cb25c46127,2026-06-20 18:32:25,ICICI,AXIS,ra****56@icici,vi****40@axis,45479.0,P2P,SUCCESS,INDORE,MADHYA PRADESH,DEV100093,2871,,2026-07-12 18:25:28.953779,dbfs:/Volumes/dbacademy/default/myvolume/Project%20Sentinel/upi_transactions.csv,High Response Time
df3bdac3-8da5-445c-91f0-c1be3ffe0c6b,2026-07-09 07:13:15,SBI,ICICI,ma****75@oksbi,di****81@icici,38294.0,P2P,SUCCESS,INDORE,MADHYA PRADESH,DEV100158,2972,,2026-07-12 18:25:28.953779,dbfs:/Volumes/dbacademy/default/myvolume/Project%20Sentinel/upi_transactions.csv,High Response Time
3e2206c9-5a8c-4c32-98d6-9993ee7c0737,2026-06-22 08:25:12,AXIS,ICICI,ri****39@axis,vi****15@icici,12153.0,RECHARGE,SUCCESS,AHMEDABAD,GUJARAT,DEV100128,2938,,2026-07-12 18:25:28.953779,dbfs:/Volumes/dbacademy/default/myvolume/Project%20Sentinel/upi_transactions.csv,High Response Time
0358e0f7-b1eb-495d-b24a-934eb70ce9ca,2026-07-10 09:57:57,ICICI,AXIS,ro****94@icici,ro****83@axis,1576.0,MERCHANT,SUCCESS,HYDERABAD,TELANGANA,DEV100186,2935,,2026-07-12 18:25:28.953779,dbfs:/Volumes/dbacademy/default/myvolume/Project%20Sentinel/upi_transactions.csv,High Response Time
f45f9394-530e-4825-b0f9-d5f7d30a4846,2026-07-10 07:30:38,ICICI,SBI,ka****22@icici,ri****08@oksbi,26706.0,P2P,SUCCESS,DELHI,DELHI,DEV100010,2980,,2026-07-12 18:25:28.953779,dbfs:/Volumes/dbacademy/default/myvolume/Project%20Sentinel/upi_transactions.csv,High Response Time
ce90df56-a971-4530-8f78-1235dc3c082e,2026-07-11 10:55:58,ICICI,SBI,ka****74@icici,ma****45@oksbi,1304.0,MERCHANT,SUCCESS,INDORE,MADHYA PRADESH,DEV100124,2915,,2026-07-12 18:25:28.953779,dbfs:/Volumes/dbacademy/default/myvolume/Project%20Sentinel/upi_transactions.csv,High Response Time
70dcfbb6-74e2-443b-bc5b-374c9f9e512b,2026-06-14 18:19:45,ICICI,AXIS,sn****39@icici,ha****24@axis,38743.0,P2P,SUCCESS,AHMEDABAD,GUJARAT,DEV100055,2900,,2026-07-12 18:25:28.953779,dbfs:/Volumes/dbacademy/default/myvolume/Project%20Sentinel/upi_transactions.csv,High Response Time
e2e7b391-44d1-4a25-b02e-e594c9bf4010,2026-06-15 10:05:07,AXIS,SBI,am****88@axis,ka****95@oksbi,17931.0,P2P,SUCCESS,MUMBAI,MAHARASHTRA,DEV100109,2974,,2026-07-12 18:25:28.953779,dbfs:/Volumes/dbacademy/default/myvolume/Project%20Sentinel/upi_transactions.csv,High Response Time
b8ae9d04-f389-4b03-93b5-6117357cc303,2026-07-04 21:03:00,ICICI,SBI,ri****32@icici,ka****07@oksbi,4152.0,RECHARGE,SUCCESS,MUMBAI,MAHARASHTRA,DEV100059,2915,,2026-07-12 18:25:28.953779,dbfs:/Volumes/dbacademy/default/myvolume/Project%20Sentinel/upi_transactions.csv,High Response Time
09ca25a0-b0d4-4457-b683-aa5a0723e670,2026-07-06 00:40:42,SBI,AXIS,ar****13@oksbi,ar****42@axis,41736.0,RECHARGE,SUCCESS,INDORE,MADHYA PRADESH,DEV100081,2885,,2026-07-12 18:25:28.953779,dbfs:/Volumes/dbacademy/default/myvolume/Project%20Sentinel/upi_transactions.csv,High Response Time
e43127eb-6349-46fb-8d15-bec8fe6d1063,2026-07-06 04:10:11,SBI,HDFC,ma****45@oksbi,ri****72@okhdfc,28826.0,P2P,SUCCESS,BANGALORE,KARNATAKA,DEV100187,2972,,2026-07-12 18:25:28.953779,dbfs:/Volumes/dbacademy/default/myvolume/Project%20Sentinel/upi_transactions.csv,High Response Time
ba734005-ac4e-4527-b6b8-6f5222f53379,2026-07-01 21:05:35,AXIS,SBI,am****02@axis,ka****71@oksbi,20395.0,BILL PAYMENT,SUCCESS,DELHI,DELHI,DEV100003,2899,,2026-07-12 18:25:28.953779,dbfs:/Volumes/dbacademy/default/myvolume/Project%20Sentinel/upi_transactions.csv,High Response Time
cde1239f-5194-48aa-865d-08b8458ad0cf,2026-06-17 04:25:21,HDFC,AXIS,si****98@okhdfc,ka****43@axis,40540.0,BILL PAYMENT,SUCCESS,MUMBAI,MAHARASHTRA,DEV100030,2967,,2026-07-12 18:25:28.953779,dbfs:/Volumes/dbacademy/default/myvolume/Project%20Sentinel/upi_transactions.csv,High Response Time
d6f85d47-4e5d-42e6-a9af-8ecbb9fe32b0,2026-07-11 01:00:45,SBI,HDFC,ka****77@oksbi,ni****27@okhdfc,7514.0,P2P,SUCCESS,AHMEDABAD,GUJARAT,DEV100024,2900,,2026-07-12 18:25:28.953779,dbfs:/Volumes/dbacademy/default/myvolume/Project%20Sentinel/upi_transactions.csv,High Response Time
4d3426ec-8f21-49ef-a11e-c2ca92c2bbd4,2026-06-30 22:08:27,AXIS,ICICI,vi****18@axis,si****29@icici,20300.0,P2P,SUCCESS,INDORE,MADHYA PRADESH,DEV100028,2934,,2026-07-12 18:25:28.953779,dbfs:/Volumes/dbacademy/default/myvolume/Project%20Sentinel/upi_transactions.csv,High Response Time
9ba9a3bd-d986-4cc8-948f-671ff440530b,2026-07-09 15:21:26,ICICI,HDFC,ne****19@icici,ra****05@okhdfc,21536.0,MERCHANT,SUCCESS,INDORE,MADHYA PRADESH,DEV100082,2947,,2026-07-12 18:25:28.953779,dbfs:/Volumes/dbacademy/default/myvolume/Project%20Sentinel/upi_transactions.csv,High Response Time
5f698cc5-53cc-41d6-ba5f-3778163b4d27,2026-07-06 11:48:25,ICICI,SBI,vi****57@icici,ri****27@oksbi,13113.0,MERCHANT,SUCCESS,DELHI,DELHI,DEV100189,2959,,2026-07-12 18:25:28.953779,dbfs:/Volumes/dbacademy/default/myvolume/Project%20Sentinel/upi_transactions.csv,High Response Time
50264f29-132e-43ef-8e97-bb518536fc21,2026-06-19 04:27:20,AXIS,SBI,si****62@axis,ni****25@oksbi,6527.0,P2P,SUCCESS,HYDERABAD,TELANGANA,DEV100080,2903,,2026-07-12 18:25:28.953779,dbfs:/Volumes/dbacademy/default/myvolume/Project%20Sentinel/upi_transactions.csv,High Response Time
cdaefe17-67f9-48a8-83c9-e875f84d23ca,2026-06-18 03:36:18,SBI,ICICI,ni****98@oksbi,ka****97@icici,33791.0,P2P,SUCCESS,PUNE,MAHARASHTRA,DEV100091,2959,,2026-07-12 18:25:28.953779,dbfs:/Volumes/dbacademy/default/myvolume/Project%20Sentinel/upi_transactions.csv,High Response Time
153b7932-19ff-4f87-908d-0a71814bf4e6,2026-07-04 17:42:44,ICICI,SBI,si****71@icici,am****07@oksbi,45344.0,MERCHANT,SUCCESS,JAIPUR,RAJASTHAN,DEV100043,2955,,2026-07-12 18:25:28.953779,dbfs:/Volumes/dbacademy/default/myvolume/Project%20Sentinel/upi_transactions.csv,High Response Time
0850b5e8-e944-4c33-b7e0-72859a49a870,2026-06-29 21:59:40,HDFC,AXIS,ka****67@okhdfc,ro****12@axis,34679.0,P2P,SUCCESS,DELHI,DELHI,DEV100089,2971,,2026-07-12 18:25:28.953779,dbfs:/Volumes/dbacademy/default/myvolume/Project%20Sentinel/upi_transactions.csv,High Response Time
4bd0ee35-5383-4714-9ef2-30258311cfb3,2026-06-20 23:45:59,HDFC,ICICI,pr****21@okhdfc,ri****66@icici,31303.0,RECHARGE,SUCCESS,INDORE,MADHYA PRADESH,DEV100069,2941,,2026-07-12 18:25:28.953779,dbfs:/Volumes/dbacademy/default/myvolume/Project%20Sentinel/upi_transactions.csv,High Response Time
f12380bc-bf7c-41a0-9360-8e67853f611c,2026-06-18 11:46:32,HDFC,AXIS,pr****58@okhdfc,ni****40@axis,43092.0,MERCHANT,FAILED,PUNE,MAHARASHTRA,DEV100023,2919,Invalid UPI,2026-07-12 18:25:28.953779,dbfs:/Volumes/dbacademy/default/myvolume/Project%20Sentinel/upi_transactions.csv,High Response Time
900e840c-a1b8-4948-9619-9503df688420,2026-06-28 11:05:27,HDFC,AXIS,ri****30@okhdfc,pr****57@axis,23001.0,MERCHANT,SUCCESS,DELHI,DELHI,DEV100082,2906,,2026-07-12 18:25:28.953779,dbfs:/Volumes/dbacademy/default/myvolume/Project%20Sentinel/upi_transactions.csv,High Response Time
a65e36a2-f559-418f-b28e-ac322142732c,2026-07-06 04:31:27,ICICI,SBI,pr****57@icici,ka****40@oksbi,31658.0,P2P,SUCCESS,BANGALORE,KARNATAKA,DEV100155,2986,,2026-07-12 18:25:28.953779,dbfs:/Volumes/dbacademy/default/myvolume/Project%20Sentinel/upi_transactions.csv,High Response Time
4fd36a90-d003-456b-b313-91336a6933ca,2026-06-15 20:43:40,HDFC,AXIS,am****37@okhdfc,vi****51@axis,19295.0,MERCHANT,SUCCESS,INDORE,MADHYA PRADESH,DEV100175,2851,,2026-07-12 18:25:28.953779,dbfs:/Volumes/dbacademy/default/myvolume/Project%20Sentinel/upi_transactions.csv,High Response Time
3bf55f69-8c13-4ebd-9772-d4d5b1853d76,2026-06-17 15:51:00,HDFC,SBI,ne****46@okhdfc,ha****48@oksbi,38983.0,P2P,SUCCESS,BANGALORE,KARNATAKA,DEV100185,2971,,2026-07-12 18:25:28.953779,dbfs:/Volumes/dbacademy/default/myvolume/Project%20Sentinel/upi_transactions.csv,High Response Time
88aa7b67-5cf4-4753-9050-0fc0994535f9,2026-07-05 01:44:17,AXIS,SBI,ni****21@axis,ka****11@oksbi,16508.0,BILL PAYMENT,SUCCESS,MUMBAI,MAHARASHTRA,DEV100187,2855,,2026-07-12 18:25:28.953779,dbfs:/Volumes/dbacademy/default/myvolume/Project%20Sentinel/upi_transactions.csv,High Response Time
187d3ff6-eece-4c81-9866-937bf609fcd4,2026-06-29 18:45:58,ICICI,AXIS,ra****09@icici,ni****58@axis,6064.0,P2P,SUCCESS,DELHI,DELHI,DEV100082,2980,,2026-07-12 18:25:28.953779,dbfs:/Volumes/dbacademy/default/myvolume/Project%20Sentinel/upi_transactions.csv,High Response Time
fd3bb8b9-41e8-4daf-8a80-863e257d4bc6,2026-06-25 15:53:55,HDFC,SBI,di****93@okhdfc,di****21@oksbi,15304.0,P2P,SUCCESS,INDORE,MADHYA PRADESH,DEV100143,2960,,2026-07-12 18:25:28.953779,dbfs:/Volumes/dbacademy/default/myvolume/Project%20Sentinel/upi_transactions.csv,High Response Time
74dd5a4c-88d2-463a-be5b-d957675a4de9,2026-06-14 02:02:38,ICICI,AXIS,si****66@icici,an****43@axis,42634.0,MERCHANT,SUCCESS,MUMBAI,MAHARASHTRA,DEV100033,2902,,2026-07-12 18:25:28.953779,dbfs:/Volumes/dbacademy/default/myvolume/Project%20Sentinel/upi_transactions.csv,High Response Time
f144e3c8-6e80-4e71-ba05-70cb49865242,2026-06-17 20:57:19,HDFC,SBI,si****49@okhdfc,ro****89@oksbi,9270.0,P2P,SUCCESS,DELHI,DELHI,DEV100061,2985,,2026-07-12 18:25:28.953779,dbfs:/Volumes/dbacademy/default/myvolume/Project%20Sentinel/upi_transactions.csv,High Response Time
d03915a1-0203-4e36-a778-e6372ac87e19,2026-07-09 19:44:45,ICICI,AXIS,ka****62@icici,am****30@axis,44798.0,P2P,SUCCESS,BANGALORE,KARNATAKA,DEV100138,2921,,2026-07-12 18:25:28.953779,dbfs:/Volumes/dbacademy/default/myvolume/Project%20Sentinel/upi_transactions.csv,High Response Time
38c36c69-0582-4c69-afe9-06c2f6c159db,2026-06-15 20:30:38,HDFC,ICICI,ni****99@okhdfc,ka****15@icici,45503.0,BILL PAYMENT,SUCCESS,MUMBAI,MAHARASHTRA,DEV100164,2934,,2026-07-12 18:25:28.953779,dbfs:/Volumes/dbacademy/default/myvolume/Project%20Sentinel/upi_transactions.csv,High Response Time
5ef26ed7-fc40-44a2-9c1f-4e8c9b1d0c5c,2026-07-06 17:55:35,ICICI,HDFC,ka****26@icici,ka****18@okhdfc,17374.0,BILL PAYMENT,SUCCESS,HYDERABAD,TELANGANA,DEV100125,2859,,2026-07-12 18:25:28.953779,dbfs:/Volumes/dbacademy/default/myvolume/Project%20Sentinel/upi_transactions.csv,High Response Time
6283e065-a7c5-4d29-b79b-891bbceca474,2026-07-08 19:28:20,ICICI,SBI,si****28@icici,ka****89@oksbi,39059.0,P2P,SUCCESS,DELHI,DELHI,DEV100178,2862,,2026-07-12 18:25:28.953779,dbfs:/Volumes/dbacademy/default/myvolume/Project%20Sentinel/upi_transactions.csv,High Response Time
937c0bef-1a8a-4c71-9354-95c89c94c038,2026-07-07 20:38:03,HDFC,SBI,di****12@okhdfc,ar****19@oksbi,37922.0,P2P,SUCCESS,AHMEDABAD,GUJARAT,DEV100187,2997,,2026-07-12 18:25:28.953779,dbfs:/Volumes/dbacademy/default/myvolume/Project%20Sentinel/upi_transactions.csv,High Response Time
3bedbd73-f131-4db3-8b6c-c0e36506f517,2026-07-09 17:34:18,ICICI,AXIS,po****60@icici,si****31@axis,21741.0,MERCHANT,SUCCESS,HYDERABAD,TELANGANA,DEV100048,2863,,2026-07-12 18:25:28.953779,dbfs:/Volumes/dbacademy/default/myvolume/Project%20Sentinel/upi_transactions.csv,High Response Time
92493009-8df9-4d60-8e78-4d0e07f9657a,2026-07-06 08:15:39,HDFC,ICICI,ka****24@okhdfc,ro****37@icici,34334.0,P2P,SUCCESS,PUNE,MAHARASHTRA,DEV100173,2886,,2026-07-12 18:25:28.953779,dbfs:/Volumes/dbacademy/default/myvolume/Project%20Sentinel/upi_transactions.csv,High Response Time
b0474615-e90b-492b-bdd6-081ddd6be2cc,2026-06-15 08:05:31,HDFC,AXIS,ka****83@okhdfc,ro****35@axis,45095.0,RECHARGE,SUCCESS,HYDERABAD,TELANGANA,DEV100121,2943,,2026-07-12 18:25:28.953779,dbfs:/Volumes/dbacademy/default/myvolume/Project%20Sentinel/upi_transactions.csv,High Response Time
91a16928-81ce-441f-80e5-8ab8fdbc38f5,2026-06-17 22:23:46,AXIS,HDFC,si****96@axis,ro****02@okhdfc,38329.0,MERCHANT,SUCCESS,JAIPUR,RAJASTHAN,DEV100190,2923,,2026-07-12 18:25:28.953779,dbfs:/Volumes/dbacademy/default/myvolume/Project%20Sentinel/upi_transactions.csv,High Response Time
366641e6-2ea5-4e30-a38c-b58cfb738ecf,2026-06-22 07:23:29,AXIS,HDFC,ka****04@axis,po****79@okhdfc,35055.0,RECHARGE,SUCCESS,JAIPUR,RAJASTHAN,DEV100061,2884,,2026-07-12 18:25:28.953779,dbfs:/Volumes/dbacademy/default/myvolume/Project%20Sentinel/upi_transactions.csv,High Response Time
f19b23fa-56ef-4948-adac-9ac96bace305,2026-06-17 15:54:27,AXIS,ICICI,an****19@axis,pr****32@icici,3481.0,RECHARGE,SUCCESS,DELHI,DELHI,DEV100084,2967,,2026-07-12 18:25:28.953779,dbfs:/Volumes/dbacademy/default/myvolume/Project%20Sentinel/upi_transactions.csv,High Response Time
df2f5e8b-e4d1-4f73-861f-217f882cf2bf,2026-06-29 06:18:12,HDFC,AXIS,ro****33@okhdfc,si****74@axis,45919.0,P2P,SUCCESS,HYDERABAD,TELANGANA,DEV100065,2963,,2026-07-12 18:25:28.953779,dbfs:/Volumes/dbacademy/default/myvolume/Project%20Sentinel/upi_transactions.csv,High Response Time
64b5eb46-b4ee-41a3-9cdc-b007c4d29437,2026-07-06 11:51:27,AXIS,HDFC,sn****36@axis,ka****67@okhdfc,5929.0,P2P,SUCCESS,JAIPUR,RAJASTHAN,DEV100129,2854,,2026-07-12 18:25:28.953779,dbfs:/Volumes/dbacademy/default/myvolume/Project%20Sentinel/upi_transactions.csv,High Response Time
0d20e27d-72e7-4db8-807f-80e32e1c5a72,2026-06-26 16:23:52,SBI,HDFC,ka****49@oksbi,ka****65@okhdfc,21586.0,P2P,SUCCESS,INDORE,MADHYA PRADESH,DEV100089,2904,,2026-07-12 18:25:28.953779,dbfs:/Volumes/dbacademy/default/myvolume/Project%20Sentinel/upi_transactions.csv,High Response Time
126e6bed-dfc0-4929-8afa-c002b6be2d7c,2026-07-11 02:30:45,SBI,AXIS,ro****75@oksbi,ra****83@axis,952.0,P2P,SUCCESS,MUMBAI,MAHARASHTRA,DEV100071,2903,,2026-07-12 18:25:28.953779,dbfs:/Volumes/dbacademy/default/myvolume/Project%20Sentinel/upi_transactions.csv,High Response Time
36afa93b-988f-47d3-bdef-fcc5018eb962,2026-07-02 15:47:46,HDFC,ICICI,ro****99@okhdfc,ar****22@icici,41187.0,MERCHANT,SUCCESS,BANGALORE,KARNATAKA,DEV100001,2946,,2026-07-12 18:25:28.953779,dbfs:/Volumes/dbacademy/default/myvolume/Project%20Sentinel/upi_transactions.csv,High Response Time
b8e9de90-edf3-4a4a-89e9-3c2edc60b621,2026-06-30 10:51:31,ICICI,SBI,pr****24@icici,ni****88@oksbi,8292.0,P2P,SUCCESS,BANGALORE,KARNATAKA,DEV100090,2889,,2026-07-12 18:25:28.953779,dbfs:/Volumes/dbacademy/default/myvolume/Project%20Sentinel/upi_transactions.csv,High Response Time
647bb63b-bacb-4018-9dde-bbce6011220a,2026-07-01 12:25:04,AXIS,SBI,vi****85@axis,si****44@oksbi,43510.0,P2P,SUCCESS,DELHI,DELHI,DEV100047,2888,,2026-07-12 18:25:28.953779,dbfs:/Volumes/dbacademy/default/myvolume/Project%20Sentinel/upi_transactions.csv,High Response Time
66b99726-31c8-4571-81da-fc7b36a0142e,2026-07-08 15:11:11,ICICI,AXIS,po****65@icici,ma****57@axis,42044.0,P2P,SUCCESS,DELHI,DELHI,DEV100009,2937,,2026-07-12 18:25:28.953779,dbfs:/Volumes/dbacademy/default/myvolume/Project%20Sentinel/upi_transactions.csv,High Response Time
ecb6f400-b328-44a9-a156-748184cf0dcf,2026-06-19 00:42:31,AXIS,ICICI,pr****65@axis,ra****31@icici,39807.0,P2P,SUCCESS,HYDERABAD,TELANGANA,DEV100016,2856,,2026-07-12 18:25:28.953779,dbfs:/Volumes/dbacademy/default/myvolume/Project%20Sentinel/upi_transactions.csv,High Response Time
ddf47261-6e71-458e-b83d-59a70260047a,2026-06-14 00:06:55,SBI,HDFC,ri****34@oksbi,ha****65@okhdfc,31694.0,RECHARGE,SUCCESS,JAIPUR,RAJASTHAN,DEV100104,2890,,2026-07-12 18:25:28.953779,dbfs:/Volumes/dbacademy/default/myvolume/Project%20Sentinel/upi_transactions.csv,High Response Time
e3939880-f3ad-484d-9da3-21d9d686bafa,2026-06-22 14:16:50,HDFC,ICICI,si****01@okhdfc,po****84@icici,24352.0,P2P,SUCCESS,MUMBAI,MAHARASHTRA,DEV100198,2966,,2026-07-12 18:25:28.953779,dbfs:/Volumes/dbacademy/default/myvolume/Project%20Sentinel/upi_transactions.csv,High Response Time
060383ab-3589-4d8a-8756-fec5247627cb,2026-07-05 05:19:02,ICICI,HDFC,ar****96@icici,an****01@okhdfc,37237.0,RECHARGE,SUCCESS,MUMBAI,MAHARASHTRA,DEV100044,2859,,2026-07-12 18:25:28.953779,dbfs:/Volumes/dbacademy/default/myvolume/Project%20Sentinel/upi_transactions.csv,High Response Time
1b799f62-d60f-49bd-8f7e-b8bb6d60a274,2026-06-19 05:36:58,SBI,ICICI,ma****98@oksbi,ka****32@icici,12010.0,P2P,SUCCESS,INDORE,MADHYA PRADESH,DEV100081,2991,,2026-07-12 18:25:28.953779,dbfs:/Volumes/dbacademy/default/myvolume/Project%20Sentinel/upi_transactions.csv,High Response Time
3b1e4389-85f3-4bf3-a67c-82f651c140ee,2026-06-28 05:42:19,AXIS,SBI,ri****23@axis,ma****30@oksbi,41275.0,MERCHANT,SUCCESS,AHMEDABAD,GUJARAT,DEV100106,2955,,2026-07-12 18:25:28.953779,dbfs:/Volumes/dbacademy/default/myvolume/Project%20Sentinel/upi_transactions.csv,High Response Time
009d5c2c-3de8-4ec8-afb9-5624d137fcd9,2026-06-19 15:16:52,SBI,ICICI,pr****58@oksbi,vi****15@icici,5788.0,P2P,SUCCESS,INDORE,MADHYA PRADESH,DEV100029,2874,,2026-07-12 18:25:28.953779,dbfs:/Volumes/dbacademy/default/myvolume/Project%20Sentinel/upi_transactions.csv,High Response Time
83b34e5e-d17a-49b8-aa13-dcf553fe0dec,2026-06-16 05:07:34,SBI,AXIS,ri****13@oksbi,ha****19@axis,45923.0,RECHARGE,SUCCESS,JAIPUR,RAJASTHAN,DEV100157,2857,,2026-07-12 18:25:28.953779,dbfs:/Volumes/dbacademy/default/myvolume/Project%20Sentinel/upi_transactions.csv,High Response Time
e57513b7-341d-4cdd-9e9b-dc8d7239e4ad,2026-07-05 10:35:55,ICICI,HDFC,ka****46@icici,ar****64@okhdfc,3654.0,MERCHANT,SUCCESS,AHMEDABAD,GUJARAT,DEV100001,2953,,2026-07-12 18:25:28.953779,dbfs:/Volumes/dbacademy/default/myvolume/Project%20Sentinel/upi_transactions.csv,High Response Time
513ed203-8e48-48c1-9d93-bc031cc966da,2026-07-10 21:55:27,ICICI,SBI,ka****63@icici,ar****14@oksbi,16433.0,P2P,SUCCESS,BANGALORE,KARNATAKA,DEV100111,2955,,2026-07-12 18:25:28.953779,dbfs:/Volumes/dbacademy/default/myvolume/Project%20Sentinel/upi_transactions.csv,High Response Time
61eefaa4-57bf-473b-89da-85b6a120dc9d,2026-07-07 12:37:46,SBI,AXIS,ni****60@oksbi,pr****49@axis,37053.0,P2P,FAILED,AHMEDABAD,GUJARAT,DEV100174,2885,Bank Server Down,2026-07-12 18:25:28.953779,dbfs:/Volumes/dbacademy/default/myvolume/Project%20Sentinel/upi_transactions.csv,High Response Time
f9d5ee12-8957-455f-af2f-d3e77edd8312,2026-06-16 12:10:50,HDFC,SBI,si****30@okhdfc,am****87@oksbi,6628.0,P2P,SUCCESS,DELHI,DELHI,DEV100066,2919,,2026-07-12 18:25:28.953779,dbfs:/Volumes/dbacademy/default/myvolume/Project%20Sentinel/upi_transactions.csv,High Response Time
e9e3126e-17ff-49e8-8a2e-3c0c5cdb87f0,2026-06-20 03:06:21,AXIS,HDFC,pr****38@axis,pr****10@okhdfc,11267.0,RECHARGE,SUCCESS,AHMEDABAD,GUJARAT,DEV100072,2950,,2026-07-12 18:25:28.953779,dbfs:/Volumes/dbacademy/default/myvolume/Project%20Sentinel/upi_transactions.csv,High Response Time
516619cb-1dfc-4a4c-b119-fd9f8dcd0403,2026-07-04 14:46:11,SBI,HDFC,ka****91@oksbi,ra****12@okhdfc,40126.0,P2P,SUCCESS,PUNE,MAHARASHTRA,DEV100120,2904,,2026-07-12 18:25:28.953779,dbfs:/Volumes/dbacademy/default/myvolume/Project%20Sentinel/upi_transactions.csv,High Response Time
6197ff8b-edc8-43f9-bc9e-566f5c54258c,2026-07-04 05:06:09,HDFC,SBI,ha****92@okhdfc,ri****44@oksbi,21584.0,RECHARGE,SUCCESS,MUMBAI,MAHARASHTRA,DEV100074,2996,,2026-07-12 18:25:28.953779,dbfs:/Volumes/dbacademy/default/myvolume/Project%20Sentinel/upi_transactions.csv,High Response Time
e84e106c-d582-4693-8a19-75d9e7243ad9,2026-06-18 19:56:58,SBI,ICICI,po****57@oksbi,ka****54@icici,47625.0,MERCHANT,SUCCESS,BANGALORE,KARNATAKA,DEV100145,2997,,2026-07-12 18:25:28.953779,dbfs:/Volumes/dbacademy/default/myvolume/Project%20Sentinel/upi_transactions.csv,High Response Time
c13db6ed-c083-4746-9995-04f4c2a4a55d,2026-06-19 14:40:37,ICICI,SBI,di****91@icici,sn****67@oksbi,12472.0,BILL PAYMENT,SUCCESS,BANGALORE,KARNATAKA,DEV100071,2855,,2026-07-12 18:25:28.953779,dbfs:/Volumes/dbacademy/default/myvolume/Project%20Sentinel/upi_transactions.csv,High Response Time
6a466479-a6b1-4d00-8d23-e57533b43c93,2026-06-23 19:21:51,SBI,AXIS,ha****27@oksbi,vi****12@axis,14914.0,BILL PAYMENT,SUCCESS,MUMBAI,MAHARASHTRA,DEV100090,2885,,2026-07-12 18:25:28.953779,dbfs:/Volumes/dbacademy/default/myvolume/Project%20Sentinel/upi_transactions.csv,High Response Time
87aeeb3a-1ce9-4d7b-aa6e-27ed8c7e4383,2026-06-28 22:03:16,HDFC,AXIS,po****23@okhdfc,ha****58@axis,11503.0,P2P,SUCCESS,PUNE,MAHARASHTRA,DEV100096,2885,,2026-07-12 18:25:28.953779,dbfs:/Volumes/dbacademy/default/myvolume/Project%20Sentinel/upi_transactions.csv,High Response Time
c1f04aab-d226-44a5-876b-45185bb4b386,2026-07-02 03:37:12,AXIS,SBI,ar****78@axis,si****23@oksbi,24029.0,BILL PAYMENT,SUCCESS,BANGALORE,KARNATAKA,DEV100106,2893,,2026-07-12 18:25:28.953779,dbfs:/Volumes/dbacademy/default/myvolume/Project%20Sentinel/upi_transactions.csv,High Response Time
521c07e9-e35b-4ed6-9ff4-311d6a041d06,2026-07-10 09:13:05,HDFC,ICICI,sn****97@okhdfc,ar****27@icici,28018.0,MERCHANT,SUCCESS,AHMEDABAD,GUJARAT,DEV100008,2861,,2026-07-12 18:25:28.953779,dbfs:/Volumes/dbacademy/default/myvolume/Project%20Sentinel/upi_transactions.csv,High Response Time
04980c65-af05-47e6-b5cc-01790ac65ed2,2026-06-26 18:03:52,HDFC,AXIS,am****85@okhdfc,ha****21@axis,35146.0,P2P,SUCCESS,INDORE,MADHYA PRADESH,DEV100170,2919,,2026-07-12 18:25:28.953779,dbfs:/Volumes/dbacademy/default/myvolume/Project%20Sentinel/upi_transactions.csv,High Response Time
a1812854-8189-49a6-b157-bc447deb3f70,2026-06-13 13:17:38,HDFC,ICICI,sn****42@okhdfc,ma****95@icici,19683.0,P2P,SUCCESS,INDORE,MADHYA PRADESH,DEV100011,2888,,2026-07-12 18:25:28.953779,dbfs:/Volumes/dbacademy/default/myvolume/Project%20Sentinel/upi_transactions.csv,High Response Time
e717a934-4cd2-4637-88a0-e6ea9e9bbfec,2026-07-11 12:47:41,HDFC,AXIS,si****90@okhdfc,po****90@axis,17784.0,P2P,SUCCESS,MUMBAI,MAHARASHTRA,DEV100040,2865,,2026-07-12 18:25:28.953779,dbfs:/Volumes/dbacademy/default/myvolume/Project%20Sentinel/upi_transactions.csv,High Response Time
69e40f83-95eb-4bb4-b917-de8ea57c331c,2026-07-04 10:56:27,HDFC,AXIS,di****16@okhdfc,ar****65@axis,38978.0,P2P,SUCCESS,INDORE,MADHYA PRADESH,DEV100080,2994,,2026-07-12 18:25:28.953779,dbfs:/Volumes/dbacademy/default/myvolume/Project%20Sentinel/upi_transactions.csv,High Response Time
c8cd2f93-0a2b-4896-8d3e-e116b4bcd94c,2026-06-23 21:38:14,SBI,AXIS,am****90@oksbi,si****89@axis,38666.0,P2P,SUCCESS,PUNE,MAHARASHTRA,DEV100058,2852,,2026-07-12 18:25:28.953779,dbfs:/Volumes/dbacademy/default/myvolume/Project%20Sentinel/upi_transactions.csv,High Response Time
838816be-f06c-4a90-a256-4f5a6aa44e20,2026-07-04 20:44:16,ICICI,AXIS,an****11@icici,ri****02@axis,44737.0,P2P,SUCCESS,AHMEDABAD,GUJARAT,DEV100194,2982,,2026-07-12 18:25:28.953779,dbfs:/Volumes/dbacademy/default/myvolume/Project%20Sentinel/upi_transactions.csv,High Response Time
cdfc4f9c-0f44-48e5-b57a-92eaeb9cf659,2026-07-10 16:09:56,SBI,AXIS,ar****47@oksbi,ar****77@axis,32936.0,P2P,SUCCESS,AHMEDABAD,GUJARAT,DEV100167,2911,,2026-07-12 18:25:28.953779,dbfs:/Volumes/dbacademy/default/myvolume/Project%20Sentinel/upi_transactions.csv,High Response Time
c0e37847-c165-4991-b03c-bd2738a87887,2026-06-19 07:43:23,ICICI,SBI,po****87@icici,pr****10@oksbi,25369.0,MERCHANT,SUCCESS,HYDERABAD,TELANGANA,DEV100044,2859,,2026-07-12 18:25:28.953779,dbfs:/Volumes/dbacademy/default/myvolume/Project%20Sentinel/upi_transactions.csv,High Response Time
f224e003-0bf7-4b51-a9eb-d22aa6957c63,2026-07-09 03:06:27,HDFC,ICICI,ka****43@okhdfc,pr****69@icici,38090.0,BILL PAYMENT,SUCCESS,HYDERABAD,TELANGANA,DEV100155,2910,,2026-07-12 18:25:28.953779,dbfs:/Volumes/dbacademy/default/myvolume/Project%20Sentinel/upi_transactions.csv,High Response Time
afad7ddc-2c25-4ced-b428-8b7afe0e86c8,2026-06-16 16:31:22,HDFC,SBI,ka****47@okhdfc,an****66@oksbi,9143.0,P2P,SUCCESS,PUNE,MAHARASHTRA,DEV100156,2862,,2026-07-12 18:25:28.953779,dbfs:/Volumes/dbacademy/default/myvolume/Project%20Sentinel/upi_transactions.csv,High Response Time
a4619f82-b800-40ea-88cb-f6c76bf792b9,2026-06-18 20:46:57,ICICI,HDFC,ka****17@icici,pr****79@okhdfc,8360.0,BILL PAYMENT,SUCCESS,DELHI,DELHI,DEV100000,2976,,2026-07-12 18:25:28.953779,dbfs:/Volumes/dbacademy/default/myvolume/Project%20Sentinel/upi_transactions.csv,High Response Time
ab0c9c9c-aa64-43ff-a703-d7c121f8425d,2026-06-18 23:11:58,SBI,HDFC,sn****07@oksbi,po****49@okhdfc,25124.0,BILL PAYMENT,SUCCESS,BANGALORE,KARNATAKA,DEV100186,2914,,2026-07-12 18:25:28.953779,dbfs:/Volumes/dbacademy/default/myvolume/Project%20Sentinel/upi_transactions.csv,High Response Time
1915ec7e-0035-4105-8ab5-fce5dde45c65,2026-06-20 19:48:41,ICICI,HDFC,pr****54@icici,ma****08@okhdfc,16699.0,BILL PAYMENT,SUCCESS,PUNE,MAHARASHTRA,DEV100162,2956,,2026-07-12 18:25:28.953779,dbfs:/Volumes/dbacademy/default/myvolume/Project%20Sentinel/upi_transactions.csv,High Response Time
88f135c8-69bf-4be4-b150-ff48cdcd9a15,2026-06-27 13:33:52,HDFC,ICICI,si****67@okhdfc,ro****98@icici,39795.0,MERCHANT,SUCCESS,BANGALORE,KARNATAKA,DEV100192,2987,,2026-07-12 18:25:28.953779,dbfs:/Volumes/dbacademy/default/myvolume/Project%20Sentinel/upi_transactions.csv,High Response Time
4521b1ec-a186-4a49-8e18-f3916da6152b,2026-07-12 01:22:07,HDFC,SBI,ka****09@okhdfc,ne****26@oksbi,33090.0,P2P,SUCCESS,AHMEDABAD,GUJARAT,DEV100158,2907,,2026-07-12 18:25:28.953779,dbfs:/Volumes/dbacademy/default/myvolume/Project%20Sentinel/upi_transactions.csv,High Response Time
924e126b-2743-4138-a39a-429de8fcd300,2026-07-03 04:38:55,SBI,ICICI,pr****43@oksbi,si****51@icici,18704.0,RECHARGE,SUCCESS,INDORE,MADHYA PRADESH,DEV100139,2956,,2026-07-12 18:25:28.953779,dbfs:/Volumes/dbacademy/default/myvolume/Project%20Sentinel/upi_transactions.csv,High Response Time
ab34a65e-3439-47e7-b5c0-5c1a23406aa3,2026-07-11 09:25:01,SBI,HDFC,ar****47@oksbi,ha****68@okhdfc,16577.0,P2P,SUCCESS,BANGALORE,KARNATAKA,DEV100155,2911,,2026-07-12 18:25:28.953779,dbfs:/Volumes/dbacademy/default/myvolume/Project%20Sentinel/upi_transactions.csv,High Response Time
a41980f6-0ccf-49ae-a220-fe3376412f3f,2026-06-22 15:35:29,ICICI,HDFC,pr****98@icici,ka****17@okhdfc,17718.0,BILL PAYMENT,SUCCESS,BANGALORE,KARNATAKA,DEV100111,2965,,2026-07-12 18:25:28.953779,dbfs:/Volumes/dbacademy/default/myvolume/Project%20Sentinel/upi_transactions.csv,High Response Time
93c1f17d-65c6-4986-8163-eeaf50cbdf07,2026-07-09 04:56:28,HDFC,SBI,ka****30@okhdfc,ka****30@oksbi,26125.0,MERCHANT,SUCCESS,JAIPUR,RAJASTHAN,DEV100094,2867,,2026-07-12 18:25:28.953779,dbfs:/Volumes/dbacademy/default/myvolume/Project%20Sentinel/upi_transactions.csv,High Response Time
9bfa0e79-e9cc-4f22-8331-656c0c0babd6,2026-06-18 07:50:00,SBI,ICICI,ne****61@oksbi,ne****17@icici,30457.0,P2P,SUCCESS,INDORE,MADHYA PRADESH,DEV100183,2860,,2026-07-12 18:25:28.953779,dbfs:/Volumes/dbacademy/default/myvolume/Project%20Sentinel/upi_transactions.csv,High Response Time
b34ac39c-ff6b-4b0c-8a0a-c65476f9419c,2026-07-09 04:08:31,ICICI,AXIS,pr****00@icici,ni****52@axis,39600.0,P2P,SUCCESS,AHMEDABAD,GUJARAT,DEV100171,2959,,2026-07-12 18:25:28.953779,dbfs:/Volumes/dbacademy/default/myvolume/Project%20Sentinel/upi_transactions.csv,High Response Time
2c6d9703-662f-4f37-a9a2-6329008630d5,2026-06-16 16:43:00,SBI,ICICI,sn****65@oksbi,sn****13@icici,43797.0,RECHARGE,SUCCESS,PUNE,MAHARASHTRA,DEV100172,2894,,2026-07-12 18:25:28.953779,dbfs:/Volumes/dbacademy/default/myvolume/Project%20Sentinel/upi_transactions.csv,High Response Time
d0429431-986d-46ec-a6b8-a0331a66d92e,2026-06-23 18:21:41,SBI,ICICI,ro****26@oksbi,ar****38@icici,33787.0,BILL PAYMENT,SUCCESS,AHMEDABAD,GUJARAT,DEV100099,2927,,2026-07-12 18:25:28.953779,dbfs:/Volumes/dbacademy/default/myvolume/Project%20Sentinel/upi_transactions.csv,High Response Time
1e79ecf8-fd95-4e78-bb76-9d6a797cf3af,2026-06-19 10:29:28,HDFC,AXIS,ma****55@okhdfc,ka****87@axis,48.0,P2P,SUCCESS,DELHI,DELHI,DEV100076,2952,,2026-07-12 18:25:28.953779,dbfs:/Volumes/dbacademy/default/myvolume/Project%20Sentinel/upi_transactions.csv,High Response Time
eb2220ce-fbcd-45d4-a4ee-43c0d4a994f8,2026-06-20 04:35:30,AXIS,ICICI,ar****72@axis,pr****79@icici,22782.0,P2P,SUCCESS,JAIPUR,RAJASTHAN,DEV100135,2958,,2026-07-12 18:25:28.953779,dbfs:/Volumes/dbacademy/default/myvolume/Project%20Sentinel/upi_transactions.csv,High Response Time
27790e06-bbd1-4b24-a150-432235bd0bb2,2026-07-01 12:06:56,SBI,AXIS,an****16@oksbi,vi****25@axis,6220.0,MERCHANT,SUCCESS,DELHI,DELHI,DEV100050,2883,,2026-07-12 18:25:28.953779,dbfs:/Volumes/dbacademy/default/myvolume/Project%20Sentinel/upi_transactions.csv,High Response Time
fe90ca4f-9af2-420d-9221-29eccc020511,2026-07-08 13:06:19,AXIS,HDFC,ar****61@axis,ar****64@okhdfc,16532.0,BILL PAYMENT,SUCCESS,HYDERABAD,TELANGANA,DEV100025,2855,,2026-07-12 18:25:28.953779,dbfs:/Volumes/dbacademy/default/myvolume/Project%20Sentinel/upi_transactions.csv,High Response Time
c5297e42-8b4a-45fb-a1e1-bf2d8b91194b,2026-06-14 09:14:42,ICICI,AXIS,ni****48@icici,si****19@axis,25152.0,P2P,SUCCESS,DELHI,DELHI,DEV100174,2922,,2026-07-12 18:25:28.953779,dbfs:/Volumes/dbacademy/default/myvolume/Project%20Sentinel/upi_transactions.csv,High Response Time
890bd8ce-2ca0-4b45-9c2a-06b5f7839ca3,2026-07-01 03:07:04,AXIS,SBI,ar****80@axis,ra****11@oksbi,7143.0,RECHARGE,SUCCESS,INDORE,MADHYA PRADESH,DEV100026,2972,,2026-07-12 18:25:28.953779,dbfs:/Volumes/dbacademy/default/myvolume/Project%20Sentinel/upi_transactions.csv,High Response Time
4fa764cc-4dc8-4a9e-afd4-d5ca43e13bd6,2026-06-21 08:37:02,ICICI,SBI,ka****12@icici,ka****91@oksbi,23417.0,MERCHANT,SUCCESS,JAIPUR,RAJASTHAN,DEV100049,2877,,2026-07-12 18:25:28.953779,dbfs:/Volumes/dbacademy/default/myvolume/Project%20Sentinel/upi_transactions.csv,High Response Time
5ad8566c-d293-4a46-987d-f2eea5d4163e,2026-07-09 17:35:59,ICICI,SBI,sn****45@icici,ra****07@oksbi,19239.0,P2P,SUCCESS,AHMEDABAD,GUJARAT,DEV100049,2927,,2026-07-12 18:25:28.953779,dbfs:/Volumes/dbacademy/default/myvolume/Project%20Sentinel/upi_transactions.csv,High Response Time
04e9c342-4f96-4eb3-bc4f-d3793a691cf8,2026-07-05 14:39:27,ICICI,SBI,ne****02@icici,pr****33@oksbi,27187.0,RECHARGE,FAILED,HYDERABAD,TELANGANA,DEV100136,2901,Invalid UPI,2026-07-12 18:25:28.953779,dbfs:/Volumes/dbacademy/default/myvolume/Project%20Sentinel/upi_transactions.csv,High Response Time
03a55404-ca23-4422-ad32-19ff93dbd149,2026-06-17 13:03:41,AXIS,ICICI,si****78@axis,ne****50@icici,32170.0,P2P,SUCCESS,BANGALORE,KARNATAKA,DEV100150,2997,,2026-07-12 18:25:28.953779,dbfs:/Volumes/dbacademy/default/myvolume/Project%20Sentinel/upi_transactions.csv,High Response Time
64e14158-4ce8-4990-bca0-228c9552d390,2026-06-14 09:24:39,AXIS,HDFC,ne****26@axis,ri****65@okhdfc,9053.0,P2P,SUCCESS,DELHI,DELHI,DEV100124,2968,,2026-07-12 18:25:28.953779,dbfs:/Volumes/dbacademy/default/myvolume/Project%20Sentinel/upi_transactions.csv,High Response Time
2a0978bd-b35e-4768-965d-a2b467cef8fb,2026-07-11 01:35:37,AXIS,HDFC,ne****28@axis,an****83@okhdfc,16156.0,BILL PAYMENT,SUCCESS,DELHI,DELHI,DEV100138,2909,,2026-07-12 18:25:28.953779,dbfs:/Volumes/dbacademy/default/myvolume/Project%20Sentinel/upi_transactions.csv,High Response Time
554a6edf-b0c5-4ba2-a003-658a29fa9800,2026-06-15 01:36:48,ICICI,AXIS,ka****18@icici,di****15@axis,25933.0,P2P,SUCCESS,MUMBAI,MAHARASHTRA,DEV100076,2986,,2026-07-12 18:25:28.953779,dbfs:/Volumes/dbacademy/default/myvolume/Project%20Sentinel/upi_transactions.csv,High Response Time
7e307431-7334-48af-9ae9-c39ac6886f28,2026-06-21 17:50:37,HDFC,AXIS,ri****70@okhdfc,ni****53@axis,19451.0,P2P,SUCCESS,DELHI,DELHI,DEV100089,2884,,2026-07-12 18:25:28.953779,dbfs:/Volumes/dbacademy/default/myvolume/Project%20Sentinel/upi_transactions.csv,High Response Time
e252bea2-7257-4484-81d1-ee76be86656c,2026-06-23 22:33:37,AXIS,ICICI,ni****67@axis,ka****50@icici,19650.0,P2P,FAILED,AHMEDABAD,GUJARAT,DEV100009,2895,Daily Limit Exceeded,2026-07-12 18:25:28.953779,dbfs:/Volumes/dbacademy/default/myvolume/Project%20Sentinel/upi_transactions.csv,High Response Time
5aacf20a-88b4-415d-814f-accd0e311942,2026-06-23 18:28:30,AXIS,HDFC,ne****75@axis,am****72@okhdfc,23594.0,MERCHANT,SUCCESS,JAIPUR,RAJASTHAN,DEV100108,2977,,2026-07-12 18:25:28.953779,dbfs:/Volumes/dbacademy/default/myvolume/Project%20Sentinel/upi_transactions.csv,High Response Time
e27991ba-65b1-4afb-be45-3086a29ce816,2026-06-13 04:48:40,SBI,ICICI,ni****17@oksbi,an****13@icici,19089.0,P2P,SUCCESS,HYDERABAD,TELANGANA,DEV100004,2920,,2026-07-12 18:25:28.953779,dbfs:/Volumes/dbacademy/default/myvolume/Project%20Sentinel/upi_transactions.csv,High Response Time
1ebec188-3809-43a9-b673-84b949363418,2026-07-11 06:06:47,SBI,HDFC,ri****94@oksbi,sn****55@okhdfc,19748.0,RECHARGE,SUCCESS,BANGALORE,KARNATAKA,DEV100096,2952,,2026-07-12 18:25:28.953779,dbfs:/Volumes/dbacademy/default/myvolume/Project%20Sentinel/upi_transactions.csv,High Response Time
dbce3037-26ea-400d-a0bc-520c8fe8cd62,2026-06-23 23:35:19,AXIS,SBI,ma****43@axis,ne****70@oksbi,18264.0,RECHARGE,SUCCESS,JAIPUR,RAJASTHAN,DEV100103,2870,,2026-07-12 18:25:28.953779,dbfs:/Volumes/dbacademy/default/myvolume/Project%20Sentinel/upi_transactions.csv,High Response Time
22ecfda4-dd1d-4226-a10f-ee2f8305d5c8,2026-06-16 21:05:08,SBI,HDFC,pr****88@oksbi,ni****31@okhdfc,38255.0,P2P,FAILED,BANGALORE,KARNATAKA,DEV100190,2922,Timeout,2026-07-12 18:25:28.953779,dbfs:/Volumes/dbacademy/default/myvolume/Project%20Sentinel/upi_transactions.csv,High Response Time
f5d6dd29-aff4-4376-ac16-c29f21a0dbfb,2026-06-28 01:45:35,ICICI,SBI,ri****64@icici,am****03@oksbi,21593.0,BILL PAYMENT,SUCCESS,HYDERABAD,TELANGANA,DEV100143,2943,,2026-07-12 18:25:28.953779,dbfs:/Volumes/dbacademy/default/myvolume/Project%20Sentinel/upi_transactions.csv,High Response Time
abc3a2f7-3d02-40f2-923f-a15a9526bc32,2026-07-04 14:50:20,AXIS,ICICI,ri****60@axis,ro****97@icici,38614.0,P2P,SUCCESS,INDORE,MADHYA PRADESH,DEV100001,2916,,2026-07-12 18:25:28.953779,dbfs:/Volumes/dbacademy/default/myvolume/Project%20Sentinel/upi_transactions.csv,High Response Time
f343bc1d-85f1-4e9f-a3ad-12b2effad85e,2026-06-26 15:26:05,HDFC,ICICI,ar****91@okhdfc,si****85@icici,45503.0,RECHARGE,SUCCESS,BANGALORE,KARNATAKA,DEV100010,2954,,2026-07-12 18:25:28.953779,dbfs:/Volumes/dbacademy/default/myvolume/Project%20Sentinel/upi_transactions.csv,High Response Time
a5257948-51d7-4ec4-8ebb-9e0bbdc58511,2026-06-25 16:12:22,SBI,ICICI,ro****03@oksbi,ri****22@icici,39340.0,P2P,SUCCESS,MUMBAI,MAHARASHTRA,DEV100006,2977,,2026-07-12 18:25:28.953779,dbfs:/Volumes/dbacademy/default/myvolume/Project%20Sentinel/upi_transactions.csv,High Response Time
309393e6-bc47-4076-ab60-8d5c8556549e,2026-06-13 10:17:57,ICICI,AXIS,ka****76@icici,am****80@axis,10851.0,BILL PAYMENT,SUCCESS,PUNE,MAHARASHTRA,DEV100016,2893,,2026-07-12 18:25:28.953779,dbfs:/Volumes/dbacademy/default/myvolume/Project%20Sentinel/upi_transactions.csv,High Response Time
0179ccb2-43bb-4382-91b4-88042fd2c325,2026-07-08 23:59:30,ICICI,AXIS,an****46@icici,ro****64@axis,19407.0,BILL PAYMENT,SUCCESS,PUNE,MAHARASHTRA,DEV100165,2861,,2026-07-12 18:25:28.953779,dbfs:/Volumes/dbacademy/default/myvolume/Project%20Sentinel/upi_transactions.csv,High Response Time
ce54012b-c5f6-410c-a24f-2ce6d809f4cf,2026-07-03 07:57:40,SBI,HDFC,di****05@oksbi,ka****09@okhdfc,45814.0,P2P,SUCCESS,INDORE,MADHYA PRADESH,DEV100009,2856,,2026-07-12 18:25:28.953779,dbfs:/Volumes/dbacademy/default/myvolume/Project%20Sentinel/upi_transactions.csv,High Response Time
f68c708d-e997-4e6e-bdfb-f536ca018739,2026-06-13 13:48:05,AXIS,HDFC,pr****53@axis,ne****25@okhdfc,43501.0,BILL PAYMENT,SUCCESS,AHMEDABAD,GUJARAT,DEV100118,2869,,2026-07-12 18:25:28.953779,dbfs:/Volumes/dbacademy/default/myvolume/Project%20Sentinel/upi_transactions.csv,High Response Time
83d39117-6fde-4a6c-a882-1eac680311b5,2026-07-06 19:07:32,AXIS,HDFC,vi****89@axis,ne****98@okhdfc,17295.0,MERCHANT,SUCCESS,BANGALORE,KARNATAKA,DEV100021,2901,,2026-07-12 18:25:28.953779,dbfs:/Volumes/dbacademy/default/myvolume/Project%20Sentinel/upi_transactions.csv,High Response Time
bb0c11eb-0acc-4eb6-95a7-6183dd34684d,2026-06-18 13:32:08,SBI,ICICI,sn****00@oksbi,ne****95@icici,823.0,RECHARGE,FAILED,INDORE,MADHYA PRADESH,DEV100199,2854,Daily Limit Exceeded,2026-07-12 18:25:28.953779,dbfs:/Volumes/dbacademy/default/myvolume/Project%20Sentinel/upi_transactions.csv,High Response Time
78a83126-0079-4602-9241-c2ab6ae9574c,2026-07-01 21:03:28,AXIS,SBI,ka****26@axis,ro****75@oksbi,11606.0,MERCHANT,SUCCESS,BANGALORE,KARNATAKA,DEV100169,2972,,2026-07-12 18:25:28.953779,dbfs:/Volumes/dbacademy/default/myvolume/Project%20Sentinel/upi_transactions.csv,High Response Time
01e494be-2a2b-4675-86c6-a0f325ec5a08,2026-06-13 11:10:12,SBI,ICICI,ni****50@oksbi,di****30@icici,16033.0,MERCHANT,SUCCESS,DELHI,DELHI,DEV100017,2927,,2026-07-12 18:25:28.953779,dbfs:/Volumes/dbacademy/default/myvolume/Project%20Sentinel/upi_transactions.csv,High Response Time
5fd2fcac-a3c4-49ea-ac8b-8dc4b1665825,2026-06-29 07:41:13,SBI,ICICI,ar****77@oksbi,ri****37@icici,9015.0,BILL PAYMENT,SUCCESS,PUNE,MAHARASHTRA,DEV100021,2947,,2026-07-12 18:25:28.953779,dbfs:/Volumes/dbacademy/default/myvolume/Project%20Sentinel/upi_transactions.csv,High Response Time
3516b542-3a3c-4700-a8a9-64cd4b1c0afe,2026-06-26 18:03:20,SBI,AXIS,an****44@oksbi,si****28@axis,29275.0,MERCHANT,SUCCESS,AHMEDABAD,GUJARAT,DEV100021,2926,,2026-07-12 18:25:28.953779,dbfs:/Volumes/dbacademy/default/myvolume/Project%20Sentinel/upi_transactions.csv,High Response Time
1b871685-2744-4703-98cd-e4b533519a52,2026-06-12 19:30:01,AXIS,SBI,am****59@axis,pr****86@oksbi,8977.0,P2P,SUCCESS,AHMEDABAD,GUJARAT,DEV100181,2954,,2026-07-12 18:25:28.953779,dbfs:/Volumes/dbacademy/default/myvolume/Project%20Sentinel/upi_transactions.csv,High Response Time
82468253-a106-4976-96a0-2f26de7654b8,2026-07-10 17:49:50,SBI,ICICI,vi****77@oksbi,po****93@icici,30947.0,RECHARGE,SUCCESS,AHMEDABAD,GUJARAT,DEV100039,2984,,2026-07-12 18:25:28.953779,dbfs:/Volumes/dbacademy/default/myvolume/Project%20Sentinel/upi_transactions.csv,High Response Time
8a8e61d1-9d0a-4ec1-888c-9d649192c255,2026-07-09 15:18:09,AXIS,ICICI,si****39@axis,ri****93@icici,19403.0,P2P,SUCCESS,DELHI,DELHI,DEV100167,2885,,2026-07-12 18:25:28.953779,dbfs:/Volumes/dbacademy/default/myvolume/Project%20Sentinel/upi_transactions.csv,High Response Time
58e5a5c9-87ee-4417-b976-4f05a58d999c,2026-06-30 10:18:50,SBI,HDFC,ka****23@oksbi,ka****92@okhdfc,21545.0,P2P,SUCCESS,PUNE,MAHARASHTRA,DEV100186,2996,,2026-07-12 18:25:28.953779,dbfs:/Volumes/dbacademy/default/myvolume/Project%20Sentinel/upi_transactions.csv,High Response Time
ec77ebb6-bab1-4adc-ad92-c50e750825bc,2026-07-11 22:33:13,HDFC,AXIS,sn****18@okhdfc,ro****72@axis,9774.0,BILL PAYMENT,SUCCESS,INDORE,MADHYA PRADESH,DEV100009,2907,,2026-07-12 18:25:28.953779,dbfs:/Volumes/dbacademy/default/myvolume/Project%20Sentinel/upi_transactions.csv,High Response Time
c8bda30a-2669-4fb4-aca3-838c19dfdeeb,2026-07-10 00:22:45,SBI,AXIS,ha****09@oksbi,di****07@axis,10199.0,RECHARGE,SUCCESS,BANGALORE,KARNATAKA,DEV100005,2922,,2026-07-12 18:25:28.953779,dbfs:/Volumes/dbacademy/default/myvolume/Project%20Sentinel/upi_transactions.csv,High Response Time
98abcbdb-b8c3-4cc3-a2e8-dcbb07df7962,2026-06-23 21:17:26,ICICI,HDFC,ro****83@icici,pr****30@okhdfc,28671.0,P2P,SUCCESS,HYDERABAD,TELANGANA,DEV100068,2987,,2026-07-12 18:25:28.953779,dbfs:/Volumes/dbacademy/default/myvolume/Project%20Sentinel/upi_transactions.csv,High Response Time
dd14e774-3689-484b-bdf1-71fae4418e1d,2026-06-28 12:46:08,AXIS,ICICI,pr****65@axis,pr****48@icici,8260.0,BILL PAYMENT,SUCCESS,BANGALORE,KARNATAKA,DEV100119,2963,,2026-07-12 18:25:28.953779,dbfs:/Volumes/dbacademy/default/myvolume/Project%20Sentinel/upi_transactions.csv,High Response Time
3eac619b-7fe0-49ae-af8c-58e93ca9d64b,2026-06-26 22:04:52,ICICI,AXIS,vi****79@icici,pr****12@axis,28746.0,P2P,SUCCESS,INDORE,MADHYA PRADESH,DEV100059,2890,,2026-07-12 18:25:28.953779,dbfs:/Volumes/dbacademy/default/myvolume/Project%20Sentinel/upi_transactions.csv,High Response Time
1aaa26a0-f070-4898-9c43-6e5f62ee29aa,2026-07-07 19:46:11,HDFC,AXIS,ra****06@okhdfc,ri****14@axis,482.0,MERCHANT,SUCCESS,AHMEDABAD,GUJARAT,DEV100177,2857,,2026-07-12 18:25:28.953779,dbfs:/Volumes/dbacademy/default/myvolume/Project%20Sentinel/upi_transactions.csv,High Response Time
64a6115b-4226-4696-b8ce-60e0b7a9a633,2026-07-04 15:24:06,SBI,AXIS,di****11@oksbi,ne****93@axis,15112.0,P2P,SUCCESS,BANGALORE,KARNATAKA,DEV100182,2935,,2026-07-12 18:25:28.953779,dbfs:/Volumes/dbacademy/default/myvolume/Project%20Sentinel/upi_transactions.csv,High Response Time
fe337380-4fcf-49fa-b63b-ec4a54c1f9b6,2026-06-21 13:03:23,ICICI,SBI,ar****75@icici,di****87@oksbi,15265.0,BILL PAYMENT,SUCCESS,BANGALORE,KARNATAKA,DEV100002,2885,,2026-07-12 18:25:28.953779,dbfs:/Volumes/dbacademy/default/myvolume/Project%20Sentinel/upi_transactions.csv,High Response Time
1974f1cd-6634-4691-b9c2-026b7b37b0e8,2026-06-19 22:14:09,ICICI,AXIS,ra****64@icici,ma****40@axis,47419.0,MERCHANT,SUCCESS,INDORE,MADHYA PRADESH,DEV100009,2959,,2026-07-12 18:25:28.953779,dbfs:/Volumes/dbacademy/default/myvolume/Project%20Sentinel/upi_transactions.csv,High Response Time
912ab879-f37f-4e55-9947-8e2030b640f2,2026-07-06 07:33:21,SBI,AXIS,ri****07@oksbi,si****12@axis,39965.0,BILL PAYMENT,SUCCESS,INDORE,MADHYA PRADESH,DEV100085,2884,,2026-07-12 18:25:28.953779,dbfs:/Volumes/dbacademy/default/myvolume/Project%20Sentinel/upi_transactions.csv,High Response Time
5aa5f99b-88dc-48a4-870b-de6ae9a3d779,2026-07-12 02:03:31,ICICI,AXIS,ne****51@icici,di****16@axis,9268.0,MERCHANT,SUCCESS,INDORE,MADHYA PRADESH,DEV100128,2970,,2026-07-12 18:25:28.953779,dbfs:/Volumes/dbacademy/default/myvolume/Project%20Sentinel/upi_transactions.csv,High Response Time
6a8cc3da-bfb4-43a6-95e3-07a3b9a8716f,2026-07-04 08:58:35,ICICI,HDFC,ne****20@icici,sn****14@okhdfc,24872.0,RECHARGE,FAILED,MUMBAI,MAHARASHTRA,DEV100193,2963,Bank Server Down,2026-07-12 18:25:28.953779,dbfs:/Volumes/dbacademy/default/myvolume/Project%20Sentinel/upi_transactions.csv,High Response Time
d9aa3fc3-5a56-4b43-a077-12edcf25deb7,2026-07-07 04:08:18,ICICI,AXIS,si****99@icici,ra****39@axis,31640.0,P2P,SUCCESS,BANGALORE,KARNATAKA,DEV100172,2852,,2026-07-12 18:25:28.953779,dbfs:/Volumes/dbacademy/default/myvolume/Project%20Sentinel/upi_transactions.csv,High Response Time
f0b554a7-69b8-4fed-adcd-5fd086cfd5cf,2026-06-18 22:30:30,ICICI,HDFC,ha****22@icici,pr****04@okhdfc,9201.0,MERCHANT,SUCCESS,PUNE,MAHARASHTRA,DEV100045,2912,,2026-07-12 18:25:28.953779,dbfs:/Volumes/dbacademy/default/myvolume/Project%20Sentinel/upi_transactions.csv,High Response Time
8a702c47-a489-4e80-824b-321770ee9f7c,2026-07-03 17:21:24,HDFC,SBI,ka****37@okhdfc,pr****65@oksbi,38079.0,P2P,SUCCESS,AHMEDABAD,GUJARAT,DEV100004,2995,,2026-07-12 18:25:28.953779,dbfs:/Volumes/dbacademy/default/myvolume/Project%20Sentinel/upi_transactions.csv,High Response Time
ab36965c-76ca-4aaf-94bb-da7d1a0bbe4f,2026-06-24 04:57:58,HDFC,AXIS,sn****42@okhdfc,sn****35@axis,2429.0,P2P,SUCCESS,DELHI,DELHI,DEV100063,2859,,2026-07-12 18:25:28.953779,dbfs:/Volumes/dbacademy/default/myvolume/Project%20Sentinel/upi_transactions.csv,High Response Time
b0fa4ca8-cffc-40dc-91a4-57d7218b4975,2026-07-12 13:10:45,ICICI,SBI,ro****74@icici,pr****41@oksbi,15228.0,RECHARGE,SUCCESS,INDORE,MADHYA PRADESH,DEV100156,2885,,2026-07-12 18:25:28.953779,dbfs:/Volumes/dbacademy/default/myvolume/Project%20Sentinel/upi_transactions.csv,High Response Time
92838faa-5ba4-4b31-bce3-2d4415e59415,2026-06-28 08:52:00,ICICI,SBI,po****11@icici,ri****42@oksbi,4050.0,BILL PAYMENT,SUCCESS,DELHI,DELHI,DEV100104,2963,,2026-07-12 18:25:28.953779,dbfs:/Volumes/dbacademy/default/myvolume/Project%20Sentinel/upi_transactions.csv,High Response Time
96a6e0a8-47c9-42de-b108-b59f47a192e4,2026-06-28 22:06:13,AXIS,ICICI,pr****17@axis,an****30@icici,23280.0,BILL PAYMENT,SUCCESS,PUNE,MAHARASHTRA,DEV100193,2973,,2026-07-12 18:25:28.953779,dbfs:/Volumes/dbacademy/default/myvolume/Project%20Sentinel/upi_transactions.csv,High Response Time
8695bfaa-8bea-4f40-8b97-61cdce6954c4,2026-07-10 17:07:32,HDFC,SBI,ka****57@okhdfc,di****85@oksbi,29008.0,P2P,SUCCESS,JAIPUR,RAJASTHAN,DEV100001,2863,,2026-07-12 18:25:28.953779,dbfs:/Volumes/dbacademy/default/myvolume/Project%20Sentinel/upi_transactions.csv,High Response Time
ce0e75ed-d0f0-4364-b731-536bcf0f7db5,2026-06-30 02:35:04,AXIS,HDFC,ka****21@axis,ra****42@okhdfc,9714.0,P2P,SUCCESS,AHMEDABAD,GUJARAT,DEV100121,2969,,2026-07-12 18:25:28.953779,dbfs:/Volumes/dbacademy/default/myvolume/Project%20Sentinel/upi_transactions.csv,High Response Time
c5c56451-1c3d-4295-b908-4839bec36227,2026-07-04 06:14:08,HDFC,ICICI,ka****08@okhdfc,am****76@icici,33638.0,MERCHANT,SUCCESS,AHMEDABAD,GUJARAT,DEV100052,2977,,2026-07-12 18:25:28.953779,dbfs:/Volumes/dbacademy/default/myvolume/Project%20Sentinel/upi_transactions.csv,High Response Time
28ee55f1-766d-4470-88be-fcfa582d9b13,2026-07-10 05:25:22,SBI,HDFC,ni****95@oksbi,pr****37@okhdfc,43388.0,P2P,SUCCESS,PUNE,MAHARASHTRA,DEV100031,2957,,2026-07-12 18:25:28.953779,dbfs:/Volumes/dbacademy/default/myvolume/Project%20Sentinel/upi_transactions.csv,High Response Time
f7174221-346b-45a0-ba2c-c390a4112aa1,2026-07-05 22:13:59,SBI,ICICI,ra****70@oksbi,ha****10@icici,16381.0,P2P,SUCCESS,HYDERABAD,TELANGANA,DEV100029,2893,,2026-07-12 18:25:28.953779,dbfs:/Volumes/dbacademy/default/myvolume/Project%20Sentinel/upi_transactions.csv,High Response Time
c6de4b49-0d81-4965-b3a0-05a8eb3708b7,2026-07-08 06:56:32,HDFC,AXIS,po****45@okhdfc,ni****26@axis,29358.0,P2P,SUCCESS,DELHI,DELHI,DEV100099,2987,,2026-07-12 18:25:28.953779,dbfs:/Volumes/dbacademy/default/myvolume/Project%20Sentinel/upi_transactions.csv,High Response Time
cf491cb2-b8c9-4045-adc5-d87d52d137ca,2026-06-24 22:51:04,ICICI,AXIS,di****37@icici,ar****74@axis,52.0,P2P,SUCCESS,DELHI,DELHI,DEV100068,2994,,2026-07-12 18:25:28.953779,dbfs:/Volumes/dbacademy/default/myvolume/Project%20Sentinel/upi_transactions.csv,High Response Time
e52b2fa6-a221-4a2a-835a-cd16bbe99bae,2026-07-09 08:54:00,AXIS,SBI,ni****17@axis,ri****84@oksbi,9281.0,P2P,SUCCESS,PUNE,MAHARASHTRA,DEV100196,2904,,2026-07-12 18:25:28.953779,dbfs:/Volumes/dbacademy/default/myvolume/Project%20Sentinel/upi_transactions.csv,High Response Time
3c6e2325-653d-4037-a8b5-5afae73ac2ab,2026-07-08 20:19:34,AXIS,SBI,ka****48@axis,ka****35@oksbi,4222.0,RECHARGE,SUCCESS,BANGALORE,KARNATAKA,DEV100191,2888,,2026-07-12 18:25:28.953779,dbfs:/Volumes/dbacademy/default/myvolume/Project%20Sentinel/upi_transactions.csv,High Response Time
71a2b6ab-fa4b-4494-b1b4-ab0d113f6196,2026-06-26 13:46:46,SBI,ICICI,am****23@oksbi,ar****18@icici,46608.0,RECHARGE,SUCCESS,AHMEDABAD,GUJARAT,DEV100192,2921,,2026-07-12 18:25:28.953779,dbfs:/Volumes/dbacademy/default/myvolume/Project%20Sentinel/upi_transactions.csv,High Response Time
b6d96aaf-371b-4572-aebb-4b3be3ddc487,2026-06-29 09:54:52,SBI,HDFC,ri****04@oksbi,si****70@okhdfc,27947.0,P2P,SUCCESS,JAIPUR,RAJASTHAN,DEV100025,2900,,2026-07-12 18:25:28.953779,dbfs:/Volumes/dbacademy/default/myvolume/Project%20Sentinel/upi_transactions.csv,High Response Time
ec47f02b-e8a9-47e6-a663-75319a41ddad,2026-06-16 04:42:46,ICICI,AXIS,pr****77@icici,ne****62@axis,5090.0,MERCHANT,SUCCESS,PUNE,MAHARASHTRA,DEV100045,2910,,2026-07-12 18:25:28.953779,dbfs:/Volumes/dbacademy/default/myvolume/Project%20Sentinel/upi_transactions.csv,High Response Time
3cdddce1-abed-49e8-b10c-2efc681976ba,2026-06-24 08:14:00,AXIS,HDFC,ra****03@axis,sn****87@okhdfc,6659.0,MERCHANT,SUCCESS,INDORE,MADHYA PRADESH,DEV100194,2890,,2026-07-12 18:25:28.953779,dbfs:/Volumes/dbacademy/default/myvolume/Project%20Sentinel/upi_transactions.csv,High Response Time
7ce6ed5c-0b85-4d52-abbf-72b2d4d26715,2026-06-26 15:16:01,HDFC,SBI,ka****88@okhdfc,di****09@oksbi,18982.0,P2P,SUCCESS,AHMEDABAD,GUJARAT,DEV100166,2900,,2026-07-12 18:25:28.953779,dbfs:/Volumes/dbacademy/default/myvolume/Project%20Sentinel/upi_transactions.csv,High Response Time
165db9b8-773e-4554-8e88-eac0fd3e5186,2026-06-14 03:01:24,SBI,ICICI,po****86@oksbi,di****22@icici,42185.0,P2P,SUCCESS,AHMEDABAD,GUJARAT,DEV100085,2895,,2026-07-12 18:25:28.953779,dbfs:/Volumes/dbacademy/default/myvolume/Project%20Sentinel/upi_transactions.csv,High Response Time
b80647b5-ac01-44c8-8993-3c6b5e463e6e,2026-06-17 18:09:43,ICICI,HDFC,ka****32@icici,sn****93@okhdfc,19097.0,RECHARGE,SUCCESS,MUMBAI,MAHARASHTRA,DEV100192,2976,,2026-07-12 18:25:28.953779,dbfs:/Volumes/dbacademy/default/myvolume/Project%20Sentinel/upi_transactions.csv,High Response Time
ff5e759a-d062-4a07-a3f3-c179b7b34531,2026-06-24 01:50:33,HDFC,ICICI,ha****64@okhdfc,di****63@icici,44158.0,P2P,SUCCESS,AHMEDABAD,GUJARAT,DEV100195,2949,,2026-07-12 18:25:28.953779,dbfs:/Volumes/dbacademy/default/myvolume/Project%20Sentinel/upi_transactions.csv,High Response Time
7169fe14-5e08-4f8d-b1e1-da398f7c7bea,2026-07-04 22:06:35,HDFC,ICICI,ar****69@okhdfc,si****02@icici,30273.0,P2P,SUCCESS,DELHI,DELHI,DEV100086,2916,,2026-07-12 18:25:28.953779,dbfs:/Volumes/dbacademy/default/myvolume/Project%20Sentinel/upi_transactions.csv,High Response Time
861e1751-c15e-49bf-8a97-da361d47781c,2026-06-28 01:14:46,AXIS,SBI,ka****63@axis,si****15@oksbi,14279.0,P2P,SUCCESS,JAIPUR,RAJASTHAN,DEV100160,3000,,2026-07-12 18:25:28.953779,dbfs:/Volumes/dbacademy/default/myvolume/Project%20Sentinel/upi_transactions.csv,High Response Time
2ae7addc-8b14-47cc-b232-87e2535b7737,2026-07-10 23:46:07,ICICI,AXIS,ro****30@icici,ka****00@axis,42135.0,BILL PAYMENT,SUCCESS,DELHI,DELHI,DEV100013,2889,,2026-07-12 18:25:28.953779,dbfs:/Volumes/dbacademy/default/myvolume/Project%20Sentinel/upi_transactions.csv,High Response Time
ecc885ce-dc2e-42f4-9379-afd3dec77266,2026-07-10 07:04:20,AXIS,HDFC,ar****11@axis,di****79@okhdfc,16234.0,MERCHANT,SUCCESS,HYDERABAD,TELANGANA,DEV100044,2904,,2026-07-12 18:25:28.953779,dbfs:/Volumes/dbacademy/default/myvolume/Project%20Sentinel/upi_transactions.csv,High Response Time
d99ecc71-2d64-4735-ad73-60b767b4f3f8,2026-06-25 06:52:23,HDFC,AXIS,vi****98@okhdfc,sn****73@axis,35387.0,BILL PAYMENT,SUCCESS,JAIPUR,RAJASTHAN,DEV100184,2961,,2026-07-12 18:25:28.953779,dbfs:/Volumes/dbacademy/default/myvolume/Project%20Sentinel/upi_transactions.csv,High Response Time
35216df5-e52f-42f9-9fa6-a1cad1ad2e4f,2026-07-11 18:08:56,ICICI,HDFC,di****20@icici,ka****83@okhdfc,29288.0,P2P,SUCCESS,HYDERABAD,TELANGANA,DEV100057,2905,,2026-07-12 18:25:28.953779,dbfs:/Volumes/dbacademy/default/myvolume/Project%20Sentinel/upi_transactions.csv,High Response Time
06b4f031-3e21-4eca-99a1-b8ab0089c045,2026-07-02 03:42:24,SBI,ICICI,ka****01@oksbi,ri****54@icici,17605.0,P2P,SUCCESS,PUNE,MAHARASHTRA,DEV100168,2868,,2026-07-12 18:25:28.953779,dbfs:/Volumes/dbacademy/default/myvolume/Project%20Sentinel/upi_transactions.csv,High Response Time
e24fd340-77c2-4ff7-a2b8-523d12b1c63f,2026-06-25 10:57:29,HDFC,SBI,pr****28@okhdfc,pr****31@oksbi,3134.0,MERCHANT,SUCCESS,DELHI,DELHI,DEV100087,2881,,2026-07-12 18:25:28.953779,dbfs:/Volumes/dbacademy/default/myvolume/Project%20Sentinel/upi_transactions.csv,High Response Time
3f3b85a0-2d54-4d69-90ab-3f7814fce92c,2026-07-11 13:03:59,AXIS,SBI,vi****24@axis,po****28@oksbi,23101.0,MERCHANT,SUCCESS,DELHI,DELHI,DEV100080,2966,,2026-07-12 18:25:28.953779,dbfs:/Volumes/dbacademy/default/myvolume/Project%20Sentinel/upi_transactions.csv,High Response Time
bee6c2e8-8827-4ec9-b891-72e35349d8ff,2026-07-10 13:01:05,ICICI,SBI,ar****37@icici,pr****41@oksbi,26769.0,P2P,FAILED,JAIPUR,RAJASTHAN,DEV100191,2933,Daily Limit Exceeded,2026-07-12 18:25:28.953779,dbfs:/Volumes/dbacademy/default/myvolume/Project%20Sentinel/upi_transactions.csv,High Response Time
1674b544-fc62-4bf1-aa83-6e6177e28031,2026-07-11 06:01:21,HDFC,SBI,ar****72@okhdfc,si****42@oksbi,21012.0,MERCHANT,SUCCESS,DELHI,DELHI,DEV100186,2897,,2026-07-12 18:25:28.953779,dbfs:/Volumes/dbacademy/default/myvolume/Project%20Sentinel/upi_transactions.csv,High Response Time
4aef2455-09b6-4930-ac3a-2817bc7ffc81,2026-06-14 08:38:57,SBI,AXIS,ka****71@oksbi,am****10@axis,8184.0,MERCHANT,SUCCESS,INDORE,MADHYA PRADESH,DEV100157,2896,,2026-07-12 18:25:28.953779,dbfs:/Volumes/dbacademy/default/myvolume/Project%20Sentinel/upi_transactions.csv,High Response Time
ed8fa95d-727c-428c-aee9-c9726f017b4a,2026-07-01 03:08:48,AXIS,HDFC,ma****45@axis,ni****00@okhdfc,43637.0,MERCHANT,SUCCESS,DELHI,DELHI,DEV100147,2855,,2026-07-12 18:25:28.953779,dbfs:/Volumes/dbacademy/default/myvolume/Project%20Sentinel/upi_transactions.csv,High Response Time
b6135b66-1c7b-4ed4-87e8-134f3183c4bf,2026-07-04 09:55:35,HDFC,AXIS,am****17@okhdfc,po****66@axis,36576.0,RECHARGE,SUCCESS,AHMEDABAD,GUJARAT,DEV100016,2875,,2026-07-12 18:25:28.953779,dbfs:/Volumes/dbacademy/default/myvolume/Project%20Sentinel/upi_transactions.csv,High Response Time
86102e96-9fa5-4f7a-b5c5-a47db28a1e0e,2026-06-30 03:29:32,SBI,AXIS,an****59@oksbi,ma****74@axis,42788.0,MERCHANT,SUCCESS,AHMEDABAD,GUJARAT,DEV100090,2991,,2026-07-12 18:25:28.953779,dbfs:/Volumes/dbacademy/default/myvolume/Project%20Sentinel/upi_transactions.csv,High Response Time
a4c2eb8e-bffc-43c2-bceb-6f3290036ec1,2026-07-06 15:44:52,HDFC,AXIS,an****09@okhdfc,pr****31@axis,29025.0,RECHARGE,SUCCESS,DELHI,DELHI,DEV100101,2878,,2026-07-12 18:25:28.953779,dbfs:/Volumes/dbacademy/default/myvolume/Project%20Sentinel/upi_transactions.csv,High Response Time
eb1feb32-ce03-4906-b91c-1f4df51731f5,2026-06-13 06:55:57,ICICI,AXIS,di****23@icici,vi****53@axis,21426.0,P2P,SUCCESS,INDORE,MADHYA PRADESH,DEV100154,2896,,2026-07-12 18:25:28.953779,dbfs:/Volumes/dbacademy/default/myvolume/Project%20Sentinel/upi_transactions.csv,High Response Time
a87c323f-efdc-4d00-95e2-93e22db19231,2026-06-21 16:53:33,ICICI,AXIS,ma****45@icici,sn****09@axis,45936.0,BILL PAYMENT,SUCCESS,AHMEDABAD,GUJARAT,DEV100015,2963,,2026-07-12 18:25:28.953779,dbfs:/Volumes/dbacademy/default/myvolume/Project%20Sentinel/upi_transactions.csv,High Response Time
ac534ec7-3dea-4656-a5fc-f302114e581d,2026-06-28 20:11:59,SBI,ICICI,si****39@oksbi,sn****43@icici,5263.0,P2P,SUCCESS,INDORE,MADHYA PRADESH,DEV100096,2944,,2026-07-12 18:25:28.953779,dbfs:/Volumes/dbacademy/default/myvolume/Project%20Sentinel/upi_transactions.csv,High Response Time
85780f23-86b9-4c17-a875-bc572d479444,2026-06-28 23:53:10,ICICI,SBI,ne****86@icici,pr****70@oksbi,19409.0,MERCHANT,SUCCESS,BANGALORE,KARNATAKA,DEV100149,2885,,2026-07-12 18:25:28.953779,dbfs:/Volumes/dbacademy/default/myvolume/Project%20Sentinel/upi_transactions.csv,High Response Time
dbf45ba2-a52a-43e7-b2e1-cbc3b662e9e8,2026-06-14 13:47:36,ICICI,AXIS,pr****59@icici,pr****97@axis,36204.0,P2P,SUCCESS,AHMEDABAD,GUJARAT,DEV100148,2950,,2026-07-12 18:25:28.953779,dbfs:/Volumes/dbacademy/default/myvolume/Project%20Sentinel/upi_transactions.csv,High Response Time
a5a8b06f-d875-4a59-bbe4-8472c40cd929,2026-06-23 21:00:21,AXIS,SBI,di****36@axis,di****57@oksbi,450.0,RECHARGE,SUCCESS,BANGALORE,KARNATAKA,DEV100072,2986,,2026-07-12 18:25:28.953779,dbfs:/Volumes/dbacademy/default/myvolume/Project%20Sentinel/upi_transactions.csv,High Response Time
5fec3b4f-f43b-4733-92f4-c4dab681adf1,2026-06-24 06:10:40,HDFC,SBI,ni****35@okhdfc,ri****47@oksbi,36384.0,BILL PAYMENT,SUCCESS,PUNE,MAHARASHTRA,DEV100174,2959,,2026-07-12 18:25:28.953779,dbfs:/Volumes/dbacademy/default/myvolume/Project%20Sentinel/upi_transactions.csv,High Response Time
db85ca85-c5af-4962-ad8b-32449a41cdff,2026-06-18 15:03:10,HDFC,ICICI,ne****88@okhdfc,am****88@icici,22734.0,P2P,SUCCESS,HYDERABAD,TELANGANA,DEV100149,2876,,2026-07-12 18:25:28.953779,dbfs:/Volumes/dbacademy/default/myvolume/Project%20Sentinel/upi_transactions.csv,High Response Time
213d0785-d6b7-4061-b149-7676de5e3540,2026-06-14 01:20:58,SBI,AXIS,pr****44@oksbi,ka****85@axis,36455.0,P2P,SUCCESS,BANGALORE,KARNATAKA,DEV100104,2949,,2026-07-12 18:25:28.953779,dbfs:/Volumes/dbacademy/default/myvolume/Project%20Sentinel/upi_transactions.csv,High Response Time
d7e38b3f-90e7-4ce7-898d-57e51cd63032,2026-06-22 22:36:20,HDFC,ICICI,ma****43@okhdfc,pr****82@icici,34583.0,RECHARGE,SUCCESS,MUMBAI,MAHARASHTRA,DEV100092,2909,,2026-07-12 18:25:28.953779,dbfs:/Volumes/dbacademy/default/myvolume/Project%20Sentinel/upi_transactions.csv,High Response Time
dcbfbf1c-8d30-4bf4-8c52-2cd3c41a6b2e,2026-06-28 03:29:50,HDFC,AXIS,ar****87@okhdfc,ne****39@axis,16110.0,RECHARGE,SUCCESS,AHMEDABAD,GUJARAT,DEV100072,2904,,2026-07-12 18:25:28.953779,dbfs:/Volumes/dbacademy/default/myvolume/Project%20Sentinel/upi_transactions.csv,High Response Time
26cde256-eca8-4750-9b53-52aaf142b2ad,2026-06-23 11:46:04,AXIS,SBI,vi****05@axis,am****04@oksbi,7377.0,MERCHANT,SUCCESS,INDORE,MADHYA PRADESH,DEV100195,2888,,2026-07-12 18:25:28.953779,dbfs:/Volumes/dbacademy/default/myvolume/Project%20Sentinel/upi_transactions.csv,High Response Time
ea64c71a-f27e-4bf3-b257-1894913bf19d,2026-07-03 22:12:52,ICICI,HDFC,sn****75@icici,pr****44@okhdfc,4651.0,BILL PAYMENT,SUCCESS,BANGALORE,KARNATAKA,DEV100019,2899,,2026-07-12 18:25:28.953779,dbfs:/Volumes/dbacademy/default/myvolume/Project%20Sentinel/upi_transactions.csv,High Response Time
8e8ca948-1f7f-47f2-a4cf-6683dde1754c,2026-06-17 10:28:21,ICICI,HDFC,pr****00@icici,ne****47@okhdfc,30162.0,MERCHANT,SUCCESS,AHMEDABAD,GUJARAT,DEV100076,2890,,2026-07-12 18:25:28.953779,dbfs:/Volumes/dbacademy/default/myvolume/Project%20Sentinel/upi_transactions.csv,High Response Time
9a152953-8c24-4b5d-a93f-9106df618cd9,2026-06-23 06:23:09,AXIS,SBI,di****09@axis,pr****65@oksbi,34022.0,MERCHANT,SUCCESS,JAIPUR,RAJASTHAN,DEV100190,2904,,2026-07-12 18:25:28.953779,dbfs:/Volumes/dbacademy/default/myvolume/Project%20Sentinel/upi_transactions.csv,High Response Time
0db07644-e710-4b30-9f12-602f4b892efa,2026-06-27 10:14:31,SBI,ICICI,ne****64@oksbi,ma****63@icici,6188.0,BILL PAYMENT,SUCCESS,HYDERABAD,TELANGANA,DEV100104,2971,,2026-07-12 18:25:28.953779,dbfs:/Volumes/dbacademy/default/myvolume/Project%20Sentinel/upi_transactions.csv,High Response Time
97e871f8-b00e-4b3f-83ba-34450efa7a6e,2026-06-15 08:09:08,AXIS,SBI,ka****71@axis,di****23@oksbi,42672.0,P2P,SUCCESS,DELHI,DELHI,DEV100199,2860,,2026-07-12 18:25:28.953779,dbfs:/Volumes/dbacademy/default/myvolume/Project%20Sentinel/upi_transactions.csv,High Response Time
c99013e2-cd90-4fe6-921e-073ba539ef1a,2026-06-25 18:22:03,ICICI,HDFC,si****79@icici,ma****59@okhdfc,9189.0,P2P,SUCCESS,BANGALORE,KARNATAKA,DEV100074,2882,,2026-07-12 18:25:28.953779,dbfs:/Volumes/dbacademy/default/myvolume/Project%20Sentinel/upi_transactions.csv,High Response Time
6b56076e-06c2-425b-bb70-63ee0ba68d1e,2026-06-25 22:40:27,AXIS,ICICI,ar****51@axis,ra****13@icici,28521.0,BILL PAYMENT,SUCCESS,HYDERABAD,TELANGANA,DEV100062,2949,,2026-07-12 18:25:28.953779,dbfs:/Volumes/dbacademy/default/myvolume/Project%20Sentinel/upi_transactions.csv,High Response Time
d5f4af47-d789-4911-878d-ff9969113ffd,2026-06-30 07:03:07,SBI,AXIS,po****27@oksbi,ar****54@axis,18641.0,P2P,SUCCESS,PUNE,MAHARASHTRA,DEV100166,2868,,2026-07-12 18:25:28.953779,dbfs:/Volumes/dbacademy/default/myvolume/Project%20Sentinel/upi_transactions.csv,High Response Time
b395ae78-e9e9-4ac6-8757-441f3b4a0a33,2026-06-30 21:04:35,SBI,ICICI,sn****73@oksbi,ma****13@icici,29936.0,P2P,SUCCESS,BANGALORE,KARNATAKA,DEV100043,2933,,2026-07-12 18:25:28.953779,dbfs:/Volumes/dbacademy/default/myvolume/Project%20Sentinel/upi_transactions.csv,High Response Time
76bf384b-8824-4d81-a685-c0bd8f2da67f,2026-06-27 09:11:24,HDFC,SBI,pr****70@okhdfc,ri****49@oksbi,36411.0,P2P,SUCCESS,AHMEDABAD,GUJARAT,DEV100165,2892,,2026-07-12 18:25:28.953779,dbfs:/Volumes/dbacademy/default/myvolume/Project%20Sentinel/upi_transactions.csv,High Response Time
dd58c9a4-a376-43a0-8cb1-e047d41b4fdb,2026-06-25 23:12:52,HDFC,SBI,ro****43@okhdfc,pr****09@oksbi,21049.0,P2P,SUCCESS,JAIPUR,RAJASTHAN,DEV100082,2874,,2026-07-12 18:25:28.953779,dbfs:/Volumes/dbacademy/default/myvolume/Project%20Sentinel/upi_transactions.csv,High Response Time
e6dac8ae-15af-42cc-8e00-81e183b347ba,2026-06-28 00:09:40,SBI,AXIS,sn****85@oksbi,sn****43@axis,24444.0,P2P,SUCCESS,BANGALORE,KARNATAKA,DEV100000,2927,,2026-07-12 18:25:28.953779,dbfs:/Volumes/dbacademy/default/myvolume/Project%20Sentinel/upi_transactions.csv,High Response Time
ea99f8ef-a367-4520-b0e4-c68bc6e50c26,2026-07-02 07:33:55,SBI,HDFC,sn****75@oksbi,si****79@okhdfc,35121.0,MERCHANT,SUCCESS,MUMBAI,MAHARASHTRA,DEV100018,2914,,2026-07-12 18:25:28.953779,dbfs:/Volumes/dbacademy/default/myvolume/Project%20Sentinel/upi_transactions.csv,High Response Time
632d1e4c-a6c9-40f1-84e5-3f9c97576e68,2026-06-21 06:28:28,HDFC,AXIS,ar****99@okhdfc,an****20@axis,46668.0,RECHARGE,SUCCESS,AHMEDABAD,GUJARAT,DEV100052,2861,,2026-07-12 18:25:28.953779,dbfs:/Volumes/dbacademy/default/myvolume/Project%20Sentinel/upi_transactions.csv,High Response Time
d18d9510-6b50-4657-bb91-8f4e90353ef1,2026-06-17 19:00:52,SBI,ICICI,sn****14@oksbi,ha****10@icici,35173.0,BILL PAYMENT,SUCCESS,INDORE,MADHYA PRADESH,DEV100162,2984,,2026-07-12 18:25:28.953779,dbfs:/Volumes/dbacademy/default/myvolume/Project%20Sentinel/upi_transactions.csv,High Response Time
e47d2574-0faa-4e9b-96d8-71f77a77e055,2026-06-14 21:15:57,ICICI,AXIS,ne****19@icici,ne****75@axis,20724.0,P2P,SUCCESS,PUNE,MAHARASHTRA,DEV100136,2869,,2026-07-12 18:25:28.953779,dbfs:/Volumes/dbacademy/default/myvolume/Project%20Sentinel/upi_transactions.csv,High Response Time
408ff6ce-2933-4e66-9998-50e052f71da7,2026-06-19 22:39:45,SBI,ICICI,vi****82@oksbi,pr****00@icici,13908.0,P2P,SUCCESS,BANGALORE,KARNATAKA,DEV100056,2892,,2026-07-12 18:25:28.953779,dbfs:/Volumes/dbacademy/default/myvolume/Project%20Sentinel/upi_transactions.csv,High Response Time
b884017b-74ac-4a4b-b221-b5c374ea0616,2026-06-18 10:08:17,ICICI,HDFC,ka****50@icici,ma****40@okhdfc,26542.0,BILL PAYMENT,SUCCESS,HYDERABAD,TELANGANA,DEV100144,2866,,2026-07-12 18:25:28.953779,dbfs:/Volumes/dbacademy/default/myvolume/Project%20Sentinel/upi_transactions.csv,High Response Time
8c74af71-4979-4b46-bf1f-32695f19c5ea,2026-07-11 16:24:47,SBI,ICICI,ra****93@oksbi,pr****40@icici,34627.0,BILL PAYMENT,SUCCESS,DELHI,DELHI,DEV100071,2966,,2026-07-12 18:25:28.953779,dbfs:/Volumes/dbacademy/default/myvolume/Project%20Sentinel/upi_transactions.csv,High Response Time
81aefd28-b976-410b-a37f-07c4bb264c3c,2026-07-05 03:29:51,SBI,HDFC,di****28@oksbi,ra****11@okhdfc,18916.0,P2P,SUCCESS,AHMEDABAD,GUJARAT,DEV100169,2976,,2026-07-12 18:25:28.953779,dbfs:/Volumes/dbacademy/default/myvolume/Project%20Sentinel/upi_transactions.csv,High Response Time
79cb943f-2c93-4bd0-9fdb-2da8f1ccab33,2026-06-24 13:59:08,HDFC,ICICI,pr****13@okhdfc,ni****81@icici,8503.0,P2P,SUCCESS,HYDERABAD,TELANGANA,DEV100040,2921,,2026-07-12 18:25:28.953779,dbfs:/Volumes/dbacademy/default/myvolume/Project%20Sentinel/upi_transactions.csv,High Response Time
1f582e12-177b-47d4-b8fb-4de728052dcc,2026-06-25 08:33:16,SBI,AXIS,po****25@oksbi,di****71@axis,25486.0,MERCHANT,SUCCESS,HYDERABAD,TELANGANA,DEV100137,2872,,2026-07-12 18:25:28.953779,dbfs:/Volumes/dbacademy/default/myvolume/Project%20Sentinel/upi_transactions.csv,High Response Time
3e90f03c-f249-45a9-bc84-ae08c497a044,2026-07-02 20:11:29,SBI,HDFC,ra****58@oksbi,ne****43@okhdfc,38264.0,P2P,SUCCESS,HYDERABAD,TELANGANA,DEV100115,2927,,2026-07-12 18:25:28.953779,dbfs:/Volumes/dbacademy/default/myvolume/Project%20Sentinel/upi_transactions.csv,High Response Time
46b928cb-0d29-4cbc-a6f0-65306137a3c5,2026-06-16 05:52:29,ICICI,HDFC,ar****93@icici,vi****03@okhdfc,834.0,P2P,SUCCESS,PUNE,MAHARASHTRA,DEV100151,2878,,2026-07-12 18:25:28.953779,dbfs:/Volumes/dbacademy/default/myvolume/Project%20Sentinel/upi_transactions.csv,High Response Time
9d2557c0-b9da-4eda-8fff-948db6be36ab,2026-06-15 00:56:19,ICICI,HDFC,ar****58@icici,pr****70@okhdfc,14138.0,P2P,SUCCESS,JAIPUR,RAJASTHAN,DEV100187,2941,,2026-07-12 18:25:28.953779,dbfs:/Volumes/dbacademy/default/myvolume/Project%20Sentinel/upi_transactions.csv,High Response Time
0bedbb91-c499-4070-8c9f-b9b7ea6dadfa,2026-07-03 05:03:51,SBI,HDFC,ni****36@oksbi,am****19@okhdfc,24794.0,P2P,SUCCESS,INDORE,MADHYA PRADESH,DEV100117,2855,,2026-07-12 18:25:28.953779,dbfs:/Volumes/dbacademy/default/myvolume/Project%20Sentinel/upi_transactions.csv,High Response Time
480da6b8-b8ef-4ca7-93d1-434f5337cdb9,2026-06-13 05:40:29,SBI,HDFC,ka****62@oksbi,ni****97@okhdfc,25796.0,BILL PAYMENT,SUCCESS,DELHI,DELHI,DEV100011,2866,,2026-07-12 18:25:28.953779,dbfs:/Volumes/dbacademy/default/myvolume/Project%20Sentinel/upi_transactions.csv,High Response Time
692e6d77-3278-4d78-9a51-6df83b480bf6,2026-07-09 22:49:09,ICICI,SBI,po****10@icici,ri****46@oksbi,44508.0,P2P,SUCCESS,INDORE,MADHYA PRADESH,DEV100112,2907,,2026-07-12 18:25:28.953779,dbfs:/Volumes/dbacademy/default/myvolume/Project%20Sentinel/upi_transactions.csv,High Response Time
f41bfd28-89ee-4437-b842-813111ed9502,2026-07-03 08:55:40,AXIS,SBI,ro****04@axis,di****54@oksbi,12179.0,P2P,SUCCESS,JAIPUR,RAJASTHAN,DEV100168,2903,,2026-07-12 18:25:28.953779,dbfs:/Volumes/dbacademy/default/myvolume/Project%20Sentinel/upi_transactions.csv,High Response Time
e8fc078b-3d32-41e7-b21c-cc39698c2d6b,2026-06-27 18:39:56,AXIS,ICICI,vi****01@axis,ka****43@icici,28821.0,P2P,SUCCESS,BANGALORE,KARNATAKA,DEV100020,2854,,2026-07-12 18:25:28.953779,dbfs:/Volumes/dbacademy/default/myvolume/Project%20Sentinel/upi_transactions.csv,High Response Time
16c4e45f-d9c2-4ec1-bbfa-fabb09fba674,2026-07-04 08:19:52,ICICI,HDFC,ma****51@icici,ma****65@okhdfc,13330.0,P2P,SUCCESS,INDORE,MADHYA PRADESH,DEV100041,2973,,2026-07-12 18:25:28.953779,dbfs:/Volumes/dbacademy/default/myvolume/Project%20Sentinel/upi_transactions.csv,High Response Time
04073c04-2042-44cb-a58b-c70bb7dc86d1,2026-07-05 21:06:24,ICICI,HDFC,sn****25@icici,an****36@okhdfc,11569.0,P2P,SUCCESS,DELHI,DELHI,DEV100103,2961,,2026-07-12 18:25:28.953779,dbfs:/Volumes/dbacademy/default/myvolume/Project%20Sentinel/upi_transactions.csv,High Response Time
9608e864-c191-4eb7-9aa4-a13882a64d3c,2026-06-20 11:09:01,AXIS,SBI,si****86@axis,ro****82@oksbi,46217.0,P2P,SUCCESS,HYDERABAD,TELANGANA,DEV100089,2891,,2026-07-12 18:25:28.953779,dbfs:/Volumes/dbacademy/default/myvolume/Project%20Sentinel/upi_transactions.csv,High Response Time
abf92c11-9e33-4bba-bfca-0c2242691e0c,2026-07-06 01:51:36,SBI,HDFC,pr****52@oksbi,ra****79@okhdfc,19603.0,P2P,SUCCESS,DELHI,DELHI,DEV100090,2865,,2026-07-12 18:25:28.953779,dbfs:/Volumes/dbacademy/default/myvolume/Project%20Sentinel/upi_transactions.csv,High Response Time
be4bd9e2-39e3-4406-abdf-214e14509d3c,2026-06-18 18:08:07,SBI,AXIS,pr****80@oksbi,po****68@axis,3919.0,P2P,SUCCESS,INDORE,MADHYA PRADESH,DEV100091,2979,,2026-07-12 18:25:28.953779,dbfs:/Volumes/dbacademy/default/myvolume/Project%20Sentinel/upi_transactions.csv,High Response Time
06fe1f83-f4d4-44a5-aeea-5706fc800fe6,2026-06-24 00:09:47,SBI,ICICI,ra****56@oksbi,ne****04@icici,45330.0,BILL PAYMENT,SUCCESS,DELHI,DELHI,DEV100131,2946,,2026-07-12 18:25:28.953779,dbfs:/Volumes/dbacademy/default/myvolume/Project%20Sentinel/upi_transactions.csv,High Response Time
0c858d6d-a2f7-42c8-a8ba-f070a8dc7900,2026-06-15 07:34:08,HDFC,ICICI,ka****33@okhdfc,si****65@icici,21203.0,P2P,FAILED,INDORE,MADHYA PRADESH,DEV100125,2924,Timeout,2026-07-12 18:25:28.953779,dbfs:/Volumes/dbacademy/default/myvolume/Project%20Sentinel/upi_transactions.csv,High Response Time
589550c6-20bf-4038-ac04-cc1483bf4ada,2026-06-14 17:49:25,ICICI,SBI,ka****68@icici,ar****53@oksbi,4999.0,P2P,SUCCESS,HYDERABAD,TELANGANA,DEV100101,2954,,2026-07-12 18:25:28.953779,dbfs:/Volumes/dbacademy/default/myvolume/Project%20Sentinel/upi_transactions.csv,High Response Time
3197a5bf-3f1d-4352-827c-3449ab50f0a2,2026-06-25 18:20:40,ICICI,AXIS,ka****18@icici,vi****14@axis,7917.0,RECHARGE,SUCCESS,DELHI,DELHI,DEV100172,2911,,2026-07-12 18:25:28.953779,dbfs:/Volumes/dbacademy/default/myvolume/Project%20Sentinel/upi_transactions.csv,High Response Time
dcc471f5-cd61-421f-a824-f1b0b3d533c9,2026-07-04 15:13:37,ICICI,SBI,po****91@icici,di****50@oksbi,40935.0,RECHARGE,SUCCESS,BANGALORE,KARNATAKA,DEV100011,2853,,2026-07-12 18:25:28.953779,dbfs:/Volumes/dbacademy/default/myvolume/Project%20Sentinel/upi_transactions.csv,High Response Time
5b0d1095-21d6-4900-b3bf-8859f013fdbd,2026-07-03 18:24:20,AXIS,ICICI,ma****18@axis,ka****40@icici,47812.0,P2P,SUCCESS,BANGALORE,KARNATAKA,DEV100109,2922,,2026-07-12 18:25:28.953779,dbfs:/Volumes/dbacademy/default/myvolume/Project%20Sentinel/upi_transactions.csv,High Response Time
027df107-b16e-4050-81c1-222c3e9b78e8,2026-07-08 22:17:14,AXIS,HDFC,ha****49@axis,si****61@okhdfc,4092.0,P2P,SUCCESS,BANGALORE,KARNATAKA,DEV100030,2880,,2026-07-12 18:25:28.953779,dbfs:/Volumes/dbacademy/default/myvolume/Project%20Sentinel/upi_transactions.csv,High Response Time
b229b920-3805-4ef9-a3b5-f4ebdc399075,2026-07-04 22:53:04,HDFC,AXIS,vi****52@okhdfc,an****90@axis,24488.0,P2P,SUCCESS,INDORE,MADHYA PRADESH,DEV100164,2858,,2026-07-12 18:25:28.953779,dbfs:/Volumes/dbacademy/default/myvolume/Project%20Sentinel/upi_transactions.csv,High Response Time
ee19af4b-019d-4aa8-81ab-9e26eb088366,2026-06-18 20:22:01,ICICI,SBI,ar****72@icici,ka****18@oksbi,27481.0,RECHARGE,SUCCESS,MUMBAI,MAHARASHTRA,DEV100062,2907,,2026-07-12 18:25:28.953779,dbfs:/Volumes/dbacademy/default/myvolume/Project%20Sentinel/upi_transactions.csv,High Response Time
279cfcb3-e6ce-4adf-b799-fa9d6f6fa04f,2026-07-03 20:53:41,ICICI,HDFC,ha****50@icici,sn****98@okhdfc,7415.0,P2P,SUCCESS,JAIPUR,RAJASTHAN,DEV100171,2999,,2026-07-12 18:25:28.953779,dbfs:/Volumes/dbacademy/default/myvolume/Project%20Sentinel/upi_transactions.csv,High Response Time
cdcbaaa4-119d-4c0a-9a10-1830f4c3c036,2026-06-20 02:57:17,SBI,HDFC,ha****22@oksbi,pr****10@okhdfc,42715.0,MERCHANT,SUCCESS,JAIPUR,RAJASTHAN,DEV100010,2991,,2026-07-12 18:25:28.953779,dbfs:/Volumes/dbacademy/default/myvolume/Project%20Sentinel/upi_transactions.csv,High Response Time
368cf4f0-8f04-4d85-ab4e-343125100e80,2026-07-01 10:09:15,HDFC,ICICI,ro****11@okhdfc,am****64@icici,1488.0,P2P,SUCCESS,PUNE,MAHARASHTRA,DEV100120,2982,,2026-07-12 18:25:28.953779,dbfs:/Volumes/dbacademy/default/myvolume/Project%20Sentinel/upi_transactions.csv,High Response Time
b88c27e2-f17e-4a6e-ae53-afa275cd84cf,2026-07-09 04:07:12,SBI,HDFC,sn****66@oksbi,sn****00@okhdfc,28825.0,P2P,SUCCESS,BANGALORE,KARNATAKA,DEV100159,2962,,2026-07-12 18:25:28.953779,dbfs:/Volumes/dbacademy/default/myvolume/Project%20Sentinel/upi_transactions.csv,High Response Time
c480d229-d918-476e-856e-5ac2fc24d15d,2026-06-25 02:05:05,SBI,ICICI,po****20@oksbi,vi****62@icici,12996.0,P2P,SUCCESS,DELHI,DELHI,DEV100144,2867,,2026-07-12 18:25:28.953779,dbfs:/Volumes/dbacademy/default/myvolume/Project%20Sentinel/upi_transactions.csv,High Response Time
fccfe531-3919-4deb-abb6-b5f2af1fae67,2026-07-09 03:04:39,HDFC,ICICI,an****97@okhdfc,ma****36@icici,25931.0,P2P,SUCCESS,INDORE,MADHYA PRADESH,DEV100192,2867,,2026-07-12 18:25:28.953779,dbfs:/Volumes/dbacademy/default/myvolume/Project%20Sentinel/upi_transactions.csv,High Response Time
799e437a-a704-46c6-912f-220a7baade00,2026-07-10 15:41:21,SBI,ICICI,ka****80@oksbi,ha****94@icici,47605.0,MERCHANT,SUCCESS,AHMEDABAD,GUJARAT,DEV100061,2938,,2026-07-12 18:25:28.953779,dbfs:/Volumes/dbacademy/default/myvolume/Project%20Sentinel/upi_transactions.csv,High Response Time
adddcbd8-59b6-40fa-b76f-401ccc66202e,2026-06-25 23:13:33,HDFC,AXIS,ri****53@okhdfc,ka****51@axis,867.0,P2P,SUCCESS,BANGALORE,KARNATAKA,DEV100114,2955,,2026-07-12 18:25:28.953779,dbfs:/Volumes/dbacademy/default/myvolume/Project%20Sentinel/upi_transactions.csv,High Response Time
02426492-a38c-48c2-be99-91a1b95f1c89,2026-06-24 23:35:20,HDFC,SBI,di****40@okhdfc,si****83@oksbi,1937.0,P2P,SUCCESS,INDORE,MADHYA PRADESH,DEV100188,2959,,2026-07-12 18:25:28.953779,dbfs:/Volumes/dbacademy/default/myvolume/Project%20Sentinel/upi_transactions.csv,High Response Time
ba420b98-8b03-4ad1-bcaa-833a17ec0a46,2026-06-22 02:40:12,ICICI,HDFC,ka****12@icici,ro****12@okhdfc,34120.0,P2P,SUCCESS,PUNE,MAHARASHTRA,DEV100126,2994,,2026-07-12 18:25:28.953779,dbfs:/Volumes/dbacademy/default/myvolume/Project%20Sentinel/upi_transactions.csv,High Response Time
37343c11-a132-4f11-8f5c-fbb3d37583ba,2026-06-20 16:23:54,AXIS,SBI,si****56@axis,ka****41@oksbi,34741.0,P2P,SUCCESS,BANGALORE,KARNATAKA,DEV100130,2885,,2026-07-12 18:25:28.953779,dbfs:/Volumes/dbacademy/default/myvolume/Project%20Sentinel/upi_transactions.csv,High Response Time
5545772a-a76f-43b8-b7bf-86a0b9420f50,2026-07-05 20:00:18,ICICI,HDFC,ri****54@icici,ar****82@okhdfc,44080.0,BILL PAYMENT,SUCCESS,HYDERABAD,TELANGANA,DEV100050,2855,,2026-07-12 18:25:28.953779,dbfs:/Volumes/dbacademy/default/myvolume/Project%20Sentinel/upi_transactions.csv,High Response Time
bc427c5f-38bc-4817-bde9-5a4d15736fa8,2026-07-02 15:46:06,AXIS,HDFC,an****50@axis,ka****21@okhdfc,6846.0,MERCHANT,SUCCESS,AHMEDABAD,GUJARAT,DEV100156,2996,,2026-07-12 18:25:28.953779,dbfs:/Volumes/dbacademy/default/myvolume/Project%20Sentinel/upi_transactions.csv,High Response Time
67d436b7-248a-4bbd-9b40-6eb74d17e889,2026-07-05 21:58:30,HDFC,SBI,ka****26@okhdfc,an****72@oksbi,20035.0,MERCHANT,SUCCESS,BANGALORE,KARNATAKA,DEV100161,2999,,2026-07-12 18:25:28.953779,dbfs:/Volumes/dbacademy/default/myvolume/Project%20Sentinel/upi_transactions.csv,High Response Time
92532fc8-4775-4498-8fff-b077821a6d4a,2026-06-30 02:38:02,SBI,ICICI,pr****86@oksbi,ka****77@icici,11303.0,P2P,SUCCESS,BANGALORE,KARNATAKA,DEV100061,2854,,2026-07-12 18:25:28.953779,dbfs:/Volumes/dbacademy/default/myvolume/Project%20Sentinel/upi_transactions.csv,High Response Time
8ce0df6f-a94a-45f9-a5d5-10ff56df9d53,2026-07-01 15:26:11,ICICI,AXIS,ro****63@icici,ka****36@axis,43197.0,P2P,SUCCESS,BANGALORE,KARNATAKA,DEV100136,2952,,2026-07-12 18:25:28.953779,dbfs:/Volumes/dbacademy/default/myvolume/Project%20Sentinel/upi_transactions.csv,High Response Time
7cce59a9-73db-495e-81c4-66b0e05af5f4,2026-06-18 18:44:19,ICICI,HDFC,pr****41@icici,vi****94@okhdfc,19400.0,P2P,SUCCESS,AHMEDABAD,GUJARAT,DEV100053,2929,,2026-07-12 18:25:28.953779,dbfs:/Volumes/dbacademy/default/myvolume/Project%20Sentinel/upi_transactions.csv,High Response Time
b54969be-d92b-492e-b20d-9c69cca0fa50,2026-07-01 18:49:28,AXIS,ICICI,ar****90@axis,ar****57@icici,15534.0,P2P,FAILED,DELHI,DELHI,DEV100068,2964,Bank Server Down,2026-07-12 18:25:28.953779,dbfs:/Volumes/dbacademy/default/myvolume/Project%20Sentinel/upi_transactions.csv,High Response Time
dd3758c9-2270-459d-b24e-7570e11fc451,2026-07-08 14:06:20,ICICI,AXIS,ro****71@icici,ri****25@axis,28029.0,MERCHANT,SUCCESS,AHMEDABAD,GUJARAT,DEV100151,2934,,2026-07-12 18:25:28.953779,dbfs:/Volumes/dbacademy/default/myvolume/Project%20Sentinel/upi_transactions.csv,High Response Time
034f6ad8-39ba-4390-9ebf-ff45fc0d8273,2026-07-01 14:55:07,AXIS,HDFC,vi****60@axis,pr****21@okhdfc,9801.0,MERCHANT,SUCCESS,BANGALORE,KARNATAKA,DEV100125,2925,,2026-07-12 18:25:28.953779,dbfs:/Volumes/dbacademy/default/myvolume/Project%20Sentinel/upi_transactions.csv,High Response Time
d018f7cf-126e-4239-bc3d-1828c8e0fe98,2026-07-02 22:07:20,HDFC,SBI,ra****16@okhdfc,po****91@oksbi,13674.0,P2P,SUCCESS,AHMEDABAD,GUJARAT,DEV100029,2997,,2026-07-12 18:25:28.953779,dbfs:/Volumes/dbacademy/default/myvolume/Project%20Sentinel/upi_transactions.csv,High Response Time
72e7c432-f231-4e7d-b63b-1802124a0c6e,2026-06-27 08:34:15,ICICI,SBI,ne****03@icici,si****74@oksbi,10255.0,P2P,SUCCESS,HYDERABAD,TELANGANA,DEV100152,2861,,2026-07-12 18:25:28.953779,dbfs:/Volumes/dbacademy/default/myvolume/Project%20Sentinel/upi_transactions.csv,High Response Time
71019590-76e9-4a8a-9be5-c5b2d2644b59,2026-06-19 12:55:44,ICICI,SBI,ma****48@icici,ha****91@oksbi,46563.0,MERCHANT,SUCCESS,JAIPUR,RAJASTHAN,DEV100037,2992,,2026-07-12 18:25:28.953779,dbfs:/Volumes/dbacademy/default/myvolume/Project%20Sentinel/upi_transactions.csv,High Response Time
72d7dcf2-97ac-437a-a532-0e47e536e06f,2026-06-28 01:49:16,SBI,AXIS,ka****08@oksbi,pr****20@axis,13071.0,RECHARGE,SUCCESS,HYDERABAD,TELANGANA,DEV100034,2957,,2026-07-12 18:25:28.953779,dbfs:/Volumes/dbacademy/default/myvolume/Project%20Sentinel/upi_transactions.csv,High Response Time
d98adc0a-76da-4c22-9076-de214ead28b1,2026-07-12 14:44:03,HDFC,ICICI,ka****08@okhdfc,am****06@icici,33562.0,P2P,SUCCESS,PUNE,MAHARASHTRA,DEV100005,2976,,2026-07-12 18:25:28.953779,dbfs:/Volumes/dbacademy/default/myvolume/Project%20Sentinel/upi_transactions.csv,High Response Time
73f4fca7-c193-462a-9644-0750ba548b20,2026-06-22 20:06:33,AXIS,ICICI,pr****42@axis,vi****98@icici,20464.0,BILL PAYMENT,SUCCESS,JAIPUR,RAJASTHAN,DEV100066,2890,,2026-07-12 18:25:28.953779,dbfs:/Volumes/dbacademy/default/myvolume/Project%20Sentinel/upi_transactions.csv,High Response Time
207bb4b5-3ff4-403f-b503-33628df6f268,2026-06-25 11:28:48,AXIS,HDFC,an****28@axis,am****03@okhdfc,6300.0,RECHARGE,SUCCESS,INDORE,MADHYA PRADESH,DEV100134,2851,,2026-07-12 18:25:28.953779,dbfs:/Volumes/dbacademy/default/myvolume/Project%20Sentinel/upi_transactions.csv,High Response Time
5d8c8fa0-de61-47d1-8e13-f46453957cff,2026-06-19 23:47:05,HDFC,SBI,si****74@okhdfc,ar****28@oksbi,22112.0,P2P,SUCCESS,BANGALORE,KARNATAKA,DEV100073,2945,,2026-07-12 18:25:28.953779,dbfs:/Volumes/dbacademy/default/myvolume/Project%20Sentinel/upi_transactions.csv,High Response Time
869fa400-561d-4de1-8f59-64563adacdba,2026-06-28 17:53:15,SBI,ICICI,ka****61@oksbi,ri****01@icici,1129.0,RECHARGE,SUCCESS,INDORE,MADHYA PRADESH,DEV100004,2855,,2026-07-12 18:25:28.953779,dbfs:/Volumes/dbacademy/default/myvolume/Project%20Sentinel/upi_transactions.csv,High Response Time
dc859dc9-f417-43a5-ad65-3006431f0e48,2026-07-01 09:07:05,ICICI,AXIS,ma****51@icici,an****29@axis,15766.0,MERCHANT,SUCCESS,AHMEDABAD,GUJARAT,DEV100117,2863,,2026-07-12 18:25:28.953779,dbfs:/Volumes/dbacademy/default/myvolume/Project%20Sentinel/upi_transactions.csv,High Response Time
c43088ba-7aac-4150-aabc-a4737dbf6a0b,2026-06-15 03:20:26,ICICI,HDFC,ka****17@icici,ka****43@okhdfc,12924.0,P2P,SUCCESS,BANGALORE,KARNATAKA,DEV100124,2938,,2026-07-12 18:25:28.953779,dbfs:/Volumes/dbacademy/default/myvolume/Project%20Sentinel/upi_transactions.csv,High Response Time
15f9184d-8fd4-4f21-9e00-82ba6c829299,2026-06-13 18:54:22,SBI,AXIS,ne****83@oksbi,ka****37@axis,3695.0,MERCHANT,SUCCESS,HYDERABAD,TELANGANA,DEV100172,2955,,2026-07-12 18:25:28.953779,dbfs:/Volumes/dbacademy/default/myvolume/Project%20Sentinel/upi_transactions.csv,High Response Time
aaf37776-09c9-41ca-9d8e-9cb81cac6c44,2026-06-17 11:58:09,AXIS,HDFC,di****71@axis,ne****10@okhdfc,24821.0,MERCHANT,SUCCESS,DELHI,DELHI,DEV100022,2858,,2026-07-12 18:25:28.953779,dbfs:/Volumes/dbacademy/default/myvolume/Project%20Sentinel/upi_transactions.csv,High Response Time
e55a32f9-3efe-4a81-adc7-f4e43cb4e6dd,2026-07-09 14:54:19,HDFC,AXIS,ro****47@okhdfc,ka****12@axis,13611.0,BILL PAYMENT,SUCCESS,HYDERABAD,TELANGANA,DEV100077,2901,,2026-07-12 18:25:28.953779,dbfs:/Volumes/dbacademy/default/myvolume/Project%20Sentinel/upi_transactions.csv,High Response Time
827bd028-7908-43ab-8c8a-0d34bc1dfb5e,2026-07-08 01:47:44,ICICI,AXIS,ni****52@icici,ra****57@axis,7090.0,P2P,SUCCESS,BANGALORE,KARNATAKA,DEV100085,2906,,2026-07-12 18:25:28.953779,dbfs:/Volumes/dbacademy/default/myvolume/Project%20Sentinel/upi_transactions.csv,High Response Time
3479b343-f44b-43d1-92ee-d2e4407b4e99,2026-06-26 03:34:48,ICICI,AXIS,sn****73@icici,ha****05@axis,3054.0,RECHARGE,SUCCESS,AHMEDABAD,GUJARAT,DEV100073,2926,,2026-07-12 18:25:28.953779,dbfs:/Volumes/dbacademy/default/myvolume/Project%20Sentinel/upi_transactions.csv,High Response Time
bfa38e60-cd25-4aa3-9009-7e86dc3457aa,2026-06-15 20:59:15,HDFC,SBI,ne****51@okhdfc,ka****32@oksbi,16631.0,P2P,SUCCESS,BANGALORE,KARNATAKA,DEV100166,2859,,2026-07-12 18:25:28.953779,dbfs:/Volumes/dbacademy/default/myvolume/Project%20Sentinel/upi_transactions.csv,High Response Time
8fa725c4-d96d-4372-9438-7e4efde3ba86,2026-07-04 22:06:14,ICICI,HDFC,ka****46@icici,ar****61@okhdfc,16239.0,P2P,SUCCESS,MUMBAI,MAHARASHTRA,DEV100092,2941,,2026-07-12 18:25:28.953779,dbfs:/Volumes/dbacademy/default/myvolume/Project%20Sentinel/upi_transactions.csv,High Response Time
f8929bc8-22e7-4f03-9e2a-a43c5205104a,2026-06-30 11:59:13,SBI,ICICI,ka****81@oksbi,ni****92@icici,5158.0,BILL PAYMENT,SUCCESS,JAIPUR,RAJASTHAN,DEV100174,2999,,2026-07-12 18:25:28.953779,dbfs:/Volumes/dbacademy/default/myvolume/Project%20Sentinel/upi_transactions.csv,High Response Time
900aa7e0-5f74-4190-8c85-43e4285809b4,2026-06-16 20:37:06,SBI,HDFC,pr****82@oksbi,ar****97@okhdfc,43178.0,MERCHANT,SUCCESS,PUNE,MAHARASHTRA,DEV100004,2902,,2026-07-12 18:25:28.953779,dbfs:/Volumes/dbacademy/default/myvolume/Project%20Sentinel/upi_transactions.csv,High Response Time
45afd827-d332-4db4-abf5-2fee37a024f9,2026-06-27 09:55:15,ICICI,HDFC,po****09@icici,ma****72@okhdfc,27225.0,MERCHANT,SUCCESS,MUMBAI,MAHARASHTRA,DEV100025,2886,,2026-07-12 18:25:28.953779,dbfs:/Volumes/dbacademy/default/myvolume/Project%20Sentinel/upi_transactions.csv,High Response Time
517b9abe-1bcd-4189-85a8-acaba5655d21,2026-06-18 23:48:15,ICICI,HDFC,ha****04@icici,ha****66@okhdfc,27093.0,P2P,SUCCESS,AHMEDABAD,GUJARAT,DEV100172,2906,,2026-07-12 18:25:28.953779,dbfs:/Volumes/dbacademy/default/myvolume/Project%20Sentinel/upi_transactions.csv,High Response Time
1d5bc041-9120-4788-a7db-382b6ea53d2c,2026-06-30 23:36:45,SBI,AXIS,ha****10@oksbi,ra****52@axis,34148.0,P2P,SUCCESS,PUNE,MAHARASHTRA,DEV100093,2938,,2026-07-12 18:25:28.953779,dbfs:/Volumes/dbacademy/default/myvolume/Project%20Sentinel/upi_transactions.csv,High Response Time
c81458fb-5f3f-41a9-8ae1-562dc47299dc,2026-06-25 18:58:33,SBI,AXIS,ri****53@oksbi,ar****25@axis,5249.0,P2P,SUCCESS,BANGALORE,KARNATAKA,DEV100172,2874,,2026-07-12 18:25:28.953779,dbfs:/Volumes/dbacademy/default/myvolume/Project%20Sentinel/upi_transactions.csv,High Response Time
c5aa5dc7-f89c-43f6-bdd2-6899194fcaa1,2026-06-25 22:58:06,SBI,AXIS,ka****87@oksbi,an****63@axis,37266.0,P2P,SUCCESS,MUMBAI,MAHARASHTRA,DEV100055,2904,,2026-07-12 18:25:28.953779,dbfs:/Volumes/dbacademy/default/myvolume/Project%20Sentinel/upi_transactions.csv,High Response Time
60f2392c-e42c-4b31-a981-a1d79df5ba47,2026-06-20 08:36:27,HDFC,ICICI,ra****08@okhdfc,pr****93@icici,39278.0,BILL PAYMENT,SUCCESS,HYDERABAD,TELANGANA,DEV100098,3000,,2026-07-12 18:25:28.953779,dbfs:/Volumes/dbacademy/default/myvolume/Project%20Sentinel/upi_transactions.csv,High Response Time
826475e5-53c4-4b8b-894f-141bbe70f638,2026-07-01 12:43:00,AXIS,HDFC,am****05@axis,pr****45@okhdfc,10325.0,RECHARGE,SUCCESS,AHMEDABAD,GUJARAT,DEV100140,2998,,2026-07-12 18:25:28.953779,dbfs:/Volumes/dbacademy/default/myvolume/Project%20Sentinel/upi_transactions.csv,High Response Time
5764b33c-d158-4b5c-b777-47f5fa61bd7b,2026-07-10 12:16:10,SBI,ICICI,an****41@oksbi,am****70@icici,10409.0,MERCHANT,SUCCESS,MUMBAI,MAHARASHTRA,DEV100075,2880,,2026-07-12 18:25:28.953779,dbfs:/Volumes/dbacademy/default/myvolume/Project%20Sentinel/upi_transactions.csv,High Response Time
7a73f68e-dece-4ce3-9665-3dd4b05e795e,2026-06-20 20:13:18,ICICI,AXIS,ri****11@icici,ma****36@axis,44438.0,P2P,SUCCESS,AHMEDABAD,GUJARAT,DEV100142,2910,,2026-07-12 18:25:28.953779,dbfs:/Volumes/dbacademy/default/myvolume/Project%20Sentinel/upi_transactions.csv,High Response Time
7300d07a-3c86-4c08-b36b-27ef1fe7d986,2026-06-18 03:46:12,ICICI,SBI,ro****96@icici,ni****60@oksbi,32549.0,P2P,SUCCESS,AHMEDABAD,GUJARAT,DEV100060,2985,,2026-07-12 18:25:28.953779,dbfs:/Volumes/dbacademy/default/myvolume/Project%20Sentinel/upi_transactions.csv,High Response Time
89963bf4-e239-4b49-a6e2-58b6c5998bc2,2026-07-12 15:44:48,SBI,AXIS,sn****11@oksbi,ha****39@axis,37241.0,P2P,SUCCESS,INDORE,MADHYA PRADESH,DEV100065,2971,,2026-07-12 18:25:28.953779,dbfs:/Volumes/dbacademy/default/myvolume/Project%20Sentinel/upi_transactions.csv,High Response Time
b281679a-0938-437b-80e7-dcf9e51d2d84,2026-06-21 19:43:50,SBI,HDFC,ar****62@oksbi,pr****72@okhdfc,3088.0,P2P,SUCCESS,HYDERABAD,TELANGANA,DEV100084,2903,,2026-07-12 18:25:28.953779,dbfs:/Volumes/dbacademy/default/myvolume/Project%20Sentinel/upi_transactions.csv,High Response Time
e72a0e33-6687-43a5-8fe2-964cdaf9c3b1,2026-06-15 17:09:21,ICICI,AXIS,ri****80@icici,ro****05@axis,16692.0,RECHARGE,SUCCESS,MUMBAI,MAHARASHTRA,DEV100103,2936,,2026-07-12 18:25:28.953779,dbfs:/Volumes/dbacademy/default/myvolume/Project%20Sentinel/upi_transactions.csv,High Response Time
af02e755-e951-4eb7-857b-691b9f2013c7,2026-06-19 08:54:52,ICICI,AXIS,po****42@icici,pr****55@axis,32351.0,MERCHANT,SUCCESS,BANGALORE,KARNATAKA,DEV100067,2884,,2026-07-12 18:25:28.953779,dbfs:/Volumes/dbacademy/default/myvolume/Project%20Sentinel/upi_transactions.csv,High Response Time
dbdc6a97-a499-4810-9299-e1e5ec8eb8ec,2026-07-04 17:47:27,HDFC,SBI,am****54@okhdfc,ka****70@oksbi,18752.0,MERCHANT,SUCCESS,JAIPUR,RAJASTHAN,DEV100117,2976,,2026-07-12 18:25:28.953779,dbfs:/Volumes/dbacademy/default/myvolume/Project%20Sentinel/upi_transactions.csv,High Response Time
e20508d9-d904-4bff-b632-c166e73ce149,2026-07-10 05:49:51,ICICI,HDFC,ne****32@icici,ma****44@okhdfc,10253.0,BILL PAYMENT,SUCCESS,JAIPUR,RAJASTHAN,DEV100068,2896,,2026-07-12 18:25:28.953779,dbfs:/Volumes/dbacademy/default/myvolume/Project%20Sentinel/upi_transactions.csv,High Response Time
62b3c8fe-d383-48b8-bb83-1a35d30e91d2,2026-07-12 04:52:48,SBI,AXIS,ni****78@oksbi,ne****02@axis,24225.0,MERCHANT,SUCCESS,PUNE,MAHARASHTRA,DEV100180,2879,,2026-07-12 18:25:28.953779,dbfs:/Volumes/dbacademy/default/myvolume/Project%20Sentinel/upi_transactions.csv,High Response Time
91fa3329-5518-4de8-bf05-238abb54fbc5,2026-07-07 17:40:22,ICICI,AXIS,ar****75@icici,sn****01@axis,2463.0,MERCHANT,SUCCESS,AHMEDABAD,GUJARAT,DEV100151,2919,,2026-07-12 18:25:28.953779,dbfs:/Volumes/dbacademy/default/myvolume/Project%20Sentinel/upi_transactions.csv,High Response Time
403544e0-6b9e-4c78-8c28-5e3555f98940,2026-06-28 15:43:21,SBI,ICICI,ka****95@oksbi,ri****66@icici,31556.0,BILL PAYMENT,SUCCESS,JAIPUR,RAJASTHAN,DEV100135,2880,,2026-07-12 18:25:28.953779,dbfs:/Volumes/dbacademy/default/myvolume/Project%20Sentinel/upi_transactions.csv,High Response Time
7ebce5b7-73fb-4057-9092-a81fb4193109,2026-06-28 19:08:17,SBI,ICICI,po****37@oksbi,ha****28@icici,23815.0,P2P,SUCCESS,JAIPUR,RAJASTHAN,DEV100017,2989,,2026-07-12 18:25:28.953779,dbfs:/Volumes/dbacademy/default/myvolume/Project%20Sentinel/upi_transactions.csv,High Response Time
73346a90-0797-460a-8492-4ac59ad73c3f,2026-06-17 19:49:27,AXIS,SBI,ka****21@axis,sn****61@oksbi,36388.0,P2P,SUCCESS,JAIPUR,RAJASTHAN,DEV100113,2863,,2026-07-12 18:25:28.953779,dbfs:/Volumes/dbacademy/default/myvolume/Project%20Sentinel/upi_transactions.csv,High Response Time
79c7d817-012e-4128-9f45-e85aa81ee47e,2026-06-17 08:42:26,ICICI,SBI,pr****74@icici,ro****77@oksbi,26040.0,RECHARGE,SUCCESS,JAIPUR,RAJASTHAN,DEV100115,2999,,2026-07-12 18:25:28.953779,dbfs:/Volumes/dbacademy/default/myvolume/Project%20Sentinel/upi_transactions.csv,High Response Time
111e51ae-fc34-4ed3-b3a3-7dedb7df5414,2026-06-27 18:32:32,ICICI,HDFC,ka****83@icici,ka****23@okhdfc,21434.0,BILL PAYMENT,SUCCESS,DELHI,DELHI,DEV100073,2897,,2026-07-12 18:25:28.953779,dbfs:/Volumes/dbacademy/default/myvolume/Project%20Sentinel/upi_transactions.csv,High Response Time
1f1eabd0-f843-4602-9ac5-8bf85ae5defc,2026-06-29 04:13:50,ICICI,HDFC,ro****41@icici,ka****23@okhdfc,12976.0,P2P,SUCCESS,BANGALORE,KARNATAKA,DEV100042,2928,,2026-07-12 18:25:28.953779,dbfs:/Volumes/dbacademy/default/myvolume/Project%20Sentinel/upi_transactions.csv,High Response Time
6514428a-db9b-448d-8b68-648600bc2d70,2026-06-13 00:53:19,AXIS,ICICI,ne****31@axis,ro****45@icici,35423.0,P2P,SUCCESS,JAIPUR,RAJASTHAN,DEV100100,2972,,2026-07-12 18:25:28.953779,dbfs:/Volumes/dbacademy/default/myvolume/Project%20Sentinel/upi_transactions.csv,High Response Time
5031f673-1e7b-449e-82d1-c4187818cf75,2026-06-23 03:23:27,HDFC,ICICI,ro****33@okhdfc,sn****18@icici,34781.0,P2P,SUCCESS,AHMEDABAD,GUJARAT,DEV100188,2890,,2026-07-12 18:25:28.953779,dbfs:/Volumes/dbacademy/default/myvolume/Project%20Sentinel/upi_transactions.csv,High Response Time
b7b476f8-e295-481c-bf92-ace2d187c6df,2026-07-04 23:14:46,ICICI,AXIS,ha****97@icici,sn****33@axis,6590.0,P2P,SUCCESS,BANGALORE,KARNATAKA,DEV100129,2951,,2026-07-12 18:25:28.953779,dbfs:/Volumes/dbacademy/default/myvolume/Project%20Sentinel/upi_transactions.csv,High Response Time
01e1aa6c-036f-40ea-841d-35555de9becf,2026-06-16 22:18:56,AXIS,HDFC,sn****98@axis,vi****11@okhdfc,35024.0,RECHARGE,SUCCESS,DELHI,DELHI,DEV100162,2854,,2026-07-12 18:25:28.953779,dbfs:/Volumes/dbacademy/default/myvolume/Project%20Sentinel/upi_transactions.csv,High Response Time
957467fc-64cb-4ae0-ae57-5fb4c6a0ad72,2026-06-14 01:25:45,AXIS,HDFC,sn****67@axis,pr****62@okhdfc,15179.0,P2P,SUCCESS,BANGALORE,KARNATAKA,DEV100111,2866,,2026-07-12 18:25:28.953779,dbfs:/Volumes/dbacademy/default/myvolume/Project%20Sentinel/upi_transactions.csv,High Response Time
51f04284-4ddf-47b7-a458-e67724b753db,2026-06-27 12:02:09,AXIS,ICICI,po****13@axis,pr****91@icici,37665.0,MERCHANT,SUCCESS,INDORE,MADHYA PRADESH,DEV100184,2868,,2026-07-12 18:25:28.953779,dbfs:/Volumes/dbacademy/default/myvolume/Project%20Sentinel/upi_transactions.csv,High Response Time
1474fc4f-8e3f-4498-9854-617ea45f0a1b,2026-06-22 22:32:07,HDFC,ICICI,sn****04@okhdfc,pr****34@icici,20427.0,MERCHANT,SUCCESS,HYDERABAD,TELANGANA,DEV100078,2925,,2026-07-12 18:25:28.953779,dbfs:/Volumes/dbacademy/default/myvolume/Project%20Sentinel/upi_transactions.csv,High Response Time
4ce94aa3-cdd8-4742-8ded-d7e93bef1272,2026-06-29 18:36:55,HDFC,ICICI,di****36@okhdfc,ha****91@icici,36194.0,RECHARGE,SUCCESS,PUNE,MAHARASHTRA,DEV100085,2906,,2026-07-12 18:25:28.953779,dbfs:/Volumes/dbacademy/default/myvolume/Project%20Sentinel/upi_transactions.csv,High Response Time
23c70dbc-a1f7-41de-ab96-0db11bbadbe7,2026-06-16 00:53:02,SBI,HDFC,vi****12@oksbi,an****13@okhdfc,39123.0,P2P,SUCCESS,HYDERABAD,TELANGANA,DEV100028,2874,,2026-07-12 18:25:28.953779,dbfs:/Volumes/dbacademy/default/myvolume/Project%20Sentinel/upi_transactions.csv,High Response Time
9b824ac7-9f6f-4756-9646-0c778d4f7ddf,2026-06-21 19:03:21,HDFC,ICICI,ma****84@okhdfc,ri****72@icici,20853.0,P2P,SUCCESS,PUNE,MAHARASHTRA,DEV100111,2944,,2026-07-12 18:25:28.953779,dbfs:/Volumes/dbacademy/default/myvolume/Project%20Sentinel/upi_transactions.csv,High Response Time
902963e0-0af6-48f5-b533-fc71d610ba27,2026-06-30 13:34:19,SBI,AXIS,ne****42@oksbi,ro****52@axis,39500.0,RECHARGE,SUCCESS,INDORE,MADHYA PRADESH,DEV100156,2988,,2026-07-12 18:25:28.953779,dbfs:/Volumes/dbacademy/default/myvolume/Project%20Sentinel/upi_transactions.csv,High Response Time
210193a2-35c7-46fe-8258-66dd10212403,2026-07-05 07:11:16,AXIS,SBI,sn****80@axis,ma****37@oksbi,31121.0,P2P,SUCCESS,HYDERABAD,TELANGANA,DEV100067,2954,,2026-07-12 18:25:28.953779,dbfs:/Volumes/dbacademy/default/myvolume/Project%20Sentinel/upi_transactions.csv,High Response Time
b6ef5730-5891-4499-ae33-9a995dbf5b53,2026-06-24 14:58:11,AXIS,SBI,ri****04@axis,ro****93@oksbi,5114.0,BILL PAYMENT,SUCCESS,MUMBAI,MAHARASHTRA,DEV100014,2883,,2026-07-12 18:25:28.953779,dbfs:/Volumes/dbacademy/default/myvolume/Project%20Sentinel/upi_transactions.csv,High Response Time
490d4348-8de0-4471-8ace-8a3cf36d40dc,2026-06-24 12:45:17,AXIS,ICICI,po****56@axis,si****92@icici,21598.0,P2P,SUCCESS,HYDERABAD,TELANGANA,DEV100006,2972,,2026-07-12 18:25:28.953779,dbfs:/Volumes/dbacademy/default/myvolume/Project%20Sentinel/upi_transactions.csv,High Response Time
ac3057ca-220c-4723-aea2-d528c27a459e,2026-07-12 03:11:40,ICICI,HDFC,an****77@icici,ma****56@okhdfc,35636.0,P2P,SUCCESS,MUMBAI,MAHARASHTRA,DEV100142,2892,,2026-07-12 18:25:28.953779,dbfs:/Volumes/dbacademy/default/myvolume/Project%20Sentinel/upi_transactions.csv,High Response Time
f424e726-b4bc-475f-a9e4-e4be9020af5c,2026-07-02 14:13:21,HDFC,SBI,po****20@okhdfc,ni****64@oksbi,3072.0,MERCHANT,SUCCESS,PUNE,MAHARASHTRA,DEV100016,2853,,2026-07-12 18:25:28.953779,dbfs:/Volumes/dbacademy/default/myvolume/Project%20Sentinel/upi_transactions.csv,High Response Time
6b9658be-a415-4f06-91e1-9b40883aeeee,2026-06-14 11:15:19,AXIS,SBI,ne****84@axis,pr****12@oksbi,31348.0,BILL PAYMENT,FAILED,BANGALORE,KARNATAKA,DEV100178,2859,Invalid UPI,2026-07-12 18:25:28.953779,dbfs:/Volumes/dbacademy/default/myvolume/Project%20Sentinel/upi_transactions.csv,High Response Time
96cd8421-c5aa-4b29-843c-fdb5b44af05e,2026-07-12 08:09:38,SBI,AXIS,ro****65@oksbi,pr****79@axis,46377.0,P2P,SUCCESS,HYDERABAD,TELANGANA,DEV100074,2960,,2026-07-12 18:25:28.953779,dbfs:/Volumes/dbacademy/default/myvolume/Project%20Sentinel/upi_transactions.csv,High Response Time
09edb3c7-f1a4-454f-bd7e-7db96d6a5bff,2026-07-04 11:42:05,AXIS,SBI,ha****42@axis,ar****16@oksbi,4344.0,BILL PAYMENT,SUCCESS,INDORE,MADHYA PRADESH,DEV100040,2965,,2026-07-12 18:25:28.953779,dbfs:/Volumes/dbacademy/default/myvolume/Project%20Sentinel/upi_transactions.csv,High Response Time
646de712-2d66-45a3-a699-ad2eaf291149,2026-07-01 22:33:36,AXIS,SBI,po****40@axis,ma****68@oksbi,45669.0,P2P,FAILED,AHMEDABAD,GUJARAT,DEV100051,2977,Timeout,2026-07-12 18:25:28.953779,dbfs:/Volumes/dbacademy/default/myvolume/Project%20Sentinel/upi_transactions.csv,High Response Time
c380ad2f-c909-47ba-aa61-5efff43bf67a,2026-07-04 12:24:06,SBI,ICICI,pr****66@oksbi,sn****77@icici,43021.0,P2P,SUCCESS,PUNE,MAHARASHTRA,DEV100134,2976,,2026-07-12 18:25:28.953779,dbfs:/Volumes/dbacademy/default/myvolume/Project%20Sentinel/upi_transactions.csv,High Response Time
fca5997f-97c7-4ae9-8fc8-9969abacbd16,2026-07-04 17:46:33,SBI,HDFC,ro****31@oksbi,ma****03@okhdfc,17197.0,MERCHANT,FAILED,HYDERABAD,TELANGANA,DEV100050,2882,,2026-07-12 18:25:28.953779,dbfs:/Volumes/dbacademy/default/myvolume/Project%20Sentinel/upi_transactions.csv,High Response Time
36582098-0411-4abf-954a-5dc7136c669e,2026-07-06 15:26:41,AXIS,SBI,ha****52@axis,am****04@oksbi,16587.0,P2P,SUCCESS,BANGALORE,KARNATAKA,DEV100194,2998,,2026-07-12 18:25:28.953779,dbfs:/Volumes/dbacademy/default/myvolume/Project%20Sentinel/upi_transactions.csv,High Response Time
26c4925a-3148-4fdb-9eb5-42142643fd78,2026-06-20 06:41:57,AXIS,SBI,sn****80@axis,an****60@oksbi,15859.0,BILL PAYMENT,SUCCESS,JAIPUR,RAJASTHAN,DEV100048,2971,,2026-07-12 18:25:28.953779,dbfs:/Volumes/dbacademy/default/myvolume/Project%20Sentinel/upi_transactions.csv,High Response Time
beee97c0-f65e-4dec-8102-335dbac01731,2026-06-24 17:27:52,ICICI,AXIS,an****19@icici,ar****80@axis,25971.0,RECHARGE,SUCCESS,PUNE,MAHARASHTRA,DEV100159,2976,,2026-07-12 18:25:28.953779,dbfs:/Volumes/dbacademy/default/myvolume/Project%20Sentinel/upi_transactions.csv,High Response Time
fa78d5ee-7c4c-4206-bcd7-09ca855e9692,2026-06-14 16:44:05,AXIS,HDFC,vi****30@axis,di****49@okhdfc,19777.0,BILL PAYMENT,SUCCESS,AHMEDABAD,GUJARAT,DEV100119,2903,,2026-07-12 18:25:28.953779,dbfs:/Volumes/dbacademy/default/myvolume/Project%20Sentinel/upi_transactions.csv,High Response Time
1b2ecf72-f38c-4647-844f-98c0b609a76d,2026-06-16 22:52:26,SBI,HDFC,si****17@oksbi,ka****17@okhdfc,37976.0,P2P,SUCCESS,INDORE,MADHYA PRADESH,DEV100124,2975,,2026-07-12 18:25:28.953779,dbfs:/Volumes/dbacademy/default/myvolume/Project%20Sentinel/upi_transactions.csv,High Response Time
6afa767c-2c82-4fe0-aa2a-e7af171529ce,2026-06-18 23:59:45,HDFC,SBI,sn****28@okhdfc,ha****74@oksbi,16026.0,P2P,SUCCESS,AHMEDABAD,GUJARAT,DEV100181,2923,,2026-07-12 18:25:28.953779,dbfs:/Volumes/dbacademy/default/myvolume/Project%20Sentinel/upi_transactions.csv,High Response Time
588afdce-f236-40d5-a656-ff86d1a9d3df,2026-07-07 13:50:37,HDFC,AXIS,si****46@okhdfc,sn****95@axis,8067.0,MERCHANT,SUCCESS,MUMBAI,MAHARASHTRA,DEV100011,2923,,2026-07-12 18:25:28.953779,dbfs:/Volumes/dbacademy/default/myvolume/Project%20Sentinel/upi_transactions.csv,High Response Time
b6797a02-9bdb-4ff5-b422-350e0ffc4b0f,2026-06-22 16:39:11,ICICI,AXIS,ri****05@icici,di****87@axis,10507.0,P2P,SUCCESS,HYDERABAD,TELANGANA,DEV100109,2924,,2026-07-12 18:25:28.953779,dbfs:/Volumes/dbacademy/default/myvolume/Project%20Sentinel/upi_transactions.csv,High Response Time
3d102d88-efe0-4892-a0b7-e11eeb10184d,2026-06-13 00:14:14,ICICI,AXIS,ni****67@icici,po****71@axis,11775.0,P2P,FAILED,AHMEDABAD,GUJARAT,DEV100150,2892,,2026-07-12 18:25:28.953779,dbfs:/Volumes/dbacademy/default/myvolume/Project%20Sentinel/upi_transactions.csv,High Response Time
de7d5021-b393-41c2-8821-3a7121960eae,2026-06-18 21:17:08,HDFC,ICICI,ka****81@okhdfc,am****89@icici,660.0,P2P,SUCCESS,DELHI,DELHI,DEV100099,2944,,2026-07-12 18:25:28.953779,dbfs:/Volumes/dbacademy/default/myvolume/Project%20Sentinel/upi_transactions.csv,High Response Time
60ac3e2f-cd10-402d-8c16-952734bf2c2f,2026-06-13 09:56:13,ICICI,SBI,ra****98@icici,po****46@oksbi,28308.0,RECHARGE,SUCCESS,PUNE,MAHARASHTRA,DEV100135,2986,,2026-07-12 18:25:28.953779,dbfs:/Volumes/dbacademy/default/myvolume/Project%20Sentinel/upi_transactions.csv,High Response Time
2fee985e-8b92-465e-98c2-523980bc5be5,2026-07-02 01:26:28,HDFC,SBI,ka****13@okhdfc,ni****90@oksbi,42150.0,P2P,SUCCESS,BANGALORE,KARNATAKA,DEV100174,2984,,2026-07-12 18:25:28.953779,dbfs:/Volumes/dbacademy/default/myvolume/Project%20Sentinel/upi_transactions.csv,High Response Time
e11c6060-a2a4-47ca-81ee-a85cfc500655,2026-07-04 15:25:09,SBI,ICICI,ka****88@oksbi,ma****63@icici,27185.0,MERCHANT,SUCCESS,JAIPUR,RAJASTHAN,DEV100110,2920,,2026-07-12 18:25:28.953779,dbfs:/Volumes/dbacademy/default/myvolume/Project%20Sentinel/upi_transactions.csv,High Response Time
050e4e1d-f4b1-4e25-8204-d52dd7264f9a,2026-07-04 22:25:43,HDFC,AXIS,po****14@okhdfc,po****07@axis,44167.0,BILL PAYMENT,SUCCESS,MUMBAI,MAHARASHTRA,DEV100185,2862,,2026-07-12 18:25:28.953779,dbfs:/Volumes/dbacademy/default/myvolume/Project%20Sentinel/upi_transactions.csv,High Response Time
67858e9b-3bb6-4119-b52e-c68b0b3be0b6,2026-06-23 14:29:02,SBI,AXIS,ha****61@oksbi,di****32@axis,38403.0,BILL PAYMENT,SUCCESS,BANGALORE,KARNATAKA,DEV100091,2856,,2026-07-12 18:25:28.953779,dbfs:/Volumes/dbacademy/default/myvolume/Project%20Sentinel/upi_transactions.csv,High Response Time
0f26f1bb-650f-44f9-a42b-2377f10a40e7,2026-06-27 16:03:57,AXIS,HDFC,vi****84@axis,vi****24@okhdfc,22753.0,MERCHANT,SUCCESS,PUNE,MAHARASHTRA,DEV100063,2857,,2026-07-12 18:25:28.953779,dbfs:/Volumes/dbacademy/default/myvolume/Project%20Sentinel/upi_transactions.csv,High Response Time
8f607ebf-c73b-4747-b768-529e96d04d51,2026-06-21 16:49:30,ICICI,HDFC,di****79@icici,pr****43@okhdfc,41161.0,P2P,SUCCESS,JAIPUR,RAJASTHAN,DEV100177,2990,,2026-07-12 18:25:28.953779,dbfs:/Volumes/dbacademy/default/myvolume/Project%20Sentinel/upi_transactions.csv,High Response Time
d24c1810-162f-4114-bc86-13c05a763697,2026-06-16 08:12:40,ICICI,HDFC,ne****71@icici,ha****57@okhdfc,43514.0,MERCHANT,SUCCESS,MUMBAI,MAHARASHTRA,DEV100009,2917,,2026-07-12 18:25:28.953779,dbfs:/Volumes/dbacademy/default/myvolume/Project%20Sentinel/upi_transactions.csv,High Response Time
3189931b-63c0-41aa-bd27-83695f00334f,2026-07-09 23:36:43,ICICI,AXIS,di****47@icici,ha****23@axis,12820.0,P2P,SUCCESS,HYDERABAD,TELANGANA,DEV100047,2980,,2026-07-12 18:25:28.953779,dbfs:/Volumes/dbacademy/default/myvolume/Project%20Sentinel/upi_transactions.csv,High Response Time
75c531fa-b67e-4b81-af5d-d5adebe46e80,2026-07-06 07:49:01,AXIS,HDFC,sn****50@axis,an****63@okhdfc,7331.0,P2P,SUCCESS,INDORE,MADHYA PRADESH,DEV100198,2897,,2026-07-12 18:25:28.953779,dbfs:/Volumes/dbacademy/default/myvolume/Project%20Sentinel/upi_transactions.csv,High Response Time
c779fd77-f989-45f2-9236-a54f5059f6b6,2026-07-12 00:12:51,ICICI,AXIS,ra****32@icici,ne****93@axis,19559.0,P2P,SUCCESS,AHMEDABAD,GUJARAT,DEV100028,2919,,2026-07-12 18:25:28.953779,dbfs:/Volumes/dbacademy/default/myvolume/Project%20Sentinel/upi_transactions.csv,High Response Time
ba5d335b-8101-4e98-afd3-325bdaebea46,2026-06-16 15:00:11,ICICI,HDFC,am****46@icici,ro****00@okhdfc,18912.0,P2P,SUCCESS,BANGALORE,KARNATAKA,DEV100121,2900,,2026-07-12 18:25:28.953779,dbfs:/Volumes/dbacademy/default/myvolume/Project%20Sentinel/upi_transactions.csv,High Response Time
9cf4fbf6-8d56-425a-b1dd-9b8bc773ca0f,2026-06-29 14:14:04,SBI,ICICI,si****42@oksbi,ni****57@icici,31334.0,P2P,SUCCESS,HYDERABAD,TELANGANA,DEV100167,2924,,2026-07-12 18:25:28.953779,dbfs:/Volumes/dbacademy/default/myvolume/Project%20Sentinel/upi_transactions.csv,High Response Time
baec1afb-6a7a-4fc5-8df1-4ad724473b23,2026-06-28 22:37:41,ICICI,HDFC,di****51@icici,an****24@okhdfc,2712.0,P2P,SUCCESS,DELHI,DELHI,DEV100191,2960,,2026-07-12 18:25:28.953779,dbfs:/Volumes/dbacademy/default/myvolume/Project%20Sentinel/upi_transactions.csv,High Response Time
e0fc993f-5cd1-4ca8-a74f-f134cbc462dd,2026-07-08 11:40:56,AXIS,HDFC,ri****81@axis,ne****96@okhdfc,10707.0,BILL PAYMENT,SUCCESS,DELHI,DELHI,DEV100073,2987,,2026-07-12 18:25:28.953779,dbfs:/Volumes/dbacademy/default/myvolume/Project%20Sentinel/upi_transactions.csv,High Response Time
3ed5c73b-a57b-4370-b6d8-3733539e79a8,2026-06-20 21:19:29,AXIS,ICICI,ri****18@axis,sn****28@icici,3040.0,P2P,SUCCESS,BANGALORE,KARNATAKA,DEV100037,2885,,2026-07-12 18:25:28.953779,dbfs:/Volumes/dbacademy/default/myvolume/Project%20Sentinel/upi_transactions.csv,High Response Time
62d8c0a2-94d6-44cb-8b07-5d7ece706266,2026-07-02 21:23:08,HDFC,ICICI,ri****73@okhdfc,si****48@icici,34838.0,RECHARGE,SUCCESS,JAIPUR,RAJASTHAN,DEV100195,2980,,2026-07-12 18:25:28.953779,dbfs:/Volumes/dbacademy/default/myvolume/Project%20Sentinel/upi_transactions.csv,High Response Time
3633ed1c-bbfe-4736-b21e-53bb5edc9472,2026-07-01 05:31:45,HDFC,AXIS,ne****68@okhdfc,ro****18@axis,35691.0,P2P,SUCCESS,PUNE,MAHARASHTRA,DEV100039,2959,,2026-07-12 18:25:28.953779,dbfs:/Volumes/dbacademy/default/myvolume/Project%20Sentinel/upi_transactions.csv,High Response Time
86f1231c-c62d-4e84-9a0c-c7779dc5cff0,2026-07-08 18:56:27,ICICI,HDFC,si****45@icici,ar****12@okhdfc,15082.0,BILL PAYMENT,SUCCESS,PUNE,MAHARASHTRA,DEV100114,2853,,2026-07-12 18:25:28.953779,dbfs:/Volumes/dbacademy/default/myvolume/Project%20Sentinel/upi_transactions.csv,High Response Time
61b81846-2ce4-4a14-a603-1c8fb4936bde,2026-07-01 05:39:42,SBI,ICICI,pr****14@oksbi,ne****40@icici,25432.0,BILL PAYMENT,SUCCESS,MUMBAI,MAHARASHTRA,DEV100004,2906,,2026-07-12 18:25:28.953779,dbfs:/Volumes/dbacademy/default/myvolume/Project%20Sentinel/upi_transactions.csv,High Response Time
07b4bb02-42a2-49d4-bf88-c6e21bc8561e,2026-07-10 23:24:22,AXIS,SBI,am****14@axis,am****10@oksbi,47007.0,P2P,SUCCESS,HYDERABAD,TELANGANA,DEV100155,2925,,2026-07-12 18:25:28.953779,dbfs:/Volumes/dbacademy/default/myvolume/Project%20Sentinel/upi_transactions.csv,High Response Time
b42ba82e-cfde-4938-9796-99dfef5b4fe9,2026-06-17 16:01:50,AXIS,ICICI,ne****92@axis,ne****71@icici,35302.0,BILL PAYMENT,SUCCESS,HYDERABAD,TELANGANA,DEV100012,2906,,2026-07-12 18:25:28.953779,dbfs:/Volumes/dbacademy/default/myvolume/Project%20Sentinel/upi_transactions.csv,High Response Time
52cbb4dc-ae35-4bdb-be37-bc09dd9832ea,2026-07-03 09:13:44,HDFC,AXIS,ka****58@okhdfc,ra****38@axis,22620.0,P2P,SUCCESS,AHMEDABAD,GUJARAT,DEV100175,2902,,2026-07-12 18:25:28.953779,dbfs:/Volumes/dbacademy/default/myvolume/Project%20Sentinel/upi_transactions.csv,High Response Time
3c230a8b-4d95-4e39-bcfc-64d0c28e122c,2026-07-10 22:39:12,ICICI,HDFC,ha****60@icici,ar****85@okhdfc,36169.0,RECHARGE,SUCCESS,AHMEDABAD,GUJARAT,DEV100008,2926,,2026-07-12 18:25:28.953779,dbfs:/Volumes/dbacademy/default/myvolume/Project%20Sentinel/upi_transactions.csv,High Response Time
cfd0fa0c-3cbf-45c4-baf7-77ef0cef5506,2026-06-19 03:21:50,ICICI,SBI,po****08@icici,ra****08@oksbi,40977.0,P2P,SUCCESS,DELHI,DELHI,DEV100140,2872,,2026-07-12 18:25:28.953779,dbfs:/Volumes/dbacademy/default/myvolume/Project%20Sentinel/upi_transactions.csv,High Response Time
d9a1f376-3f53-4ea8-bb0e-0e3641903fb4,2026-07-06 21:18:42,HDFC,AXIS,si****36@okhdfc,pr****57@axis,8391.0,BILL PAYMENT,SUCCESS,HYDERABAD,TELANGANA,DEV100158,2868,,2026-07-12 18:25:28.953779,dbfs:/Volumes/dbacademy/default/myvolume/Project%20Sentinel/upi_transactions.csv,High Response Time
9c7ce06a-27c0-4239-800e-79cb23b012e8,2026-06-28 10:41:26,AXIS,ICICI,po****56@axis,sn****68@icici,8704.0,BILL PAYMENT,SUCCESS,HYDERABAD,TELANGANA,DEV100080,2916,,2026-07-12 18:25:28.953779,dbfs:/Volumes/dbacademy/default/myvolume/Project%20Sentinel/upi_transactions.csv,High Response Time
e3e5020b-a3c1-44f3-bb82-5d8aff02d10f,2026-06-13 02:11:15,SBI,AXIS,pr****38@oksbi,ma****40@axis,36368.0,P2P,SUCCESS,AHMEDABAD,GUJARAT,DEV100168,2995,,2026-07-12 18:25:28.953779,dbfs:/Volumes/dbacademy/default/myvolume/Project%20Sentinel/upi_transactions.csv,High Response Time
1b22be4b-78ef-4888-8d90-418352f5fe54,2026-07-07 10:31:40,HDFC,ICICI,po****37@okhdfc,an****43@icici,44986.0,P2P,SUCCESS,HYDERABAD,TELANGANA,DEV100090,2854,,2026-07-12 18:25:28.953779,dbfs:/Volumes/dbacademy/default/myvolume/Project%20Sentinel/upi_transactions.csv,High Response Time
2e674c68-b7d7-43fb-b6e0-8e18f5d8159c,2026-07-01 20:22:31,ICICI,SBI,pr****69@icici,ro****01@oksbi,4112.0,MERCHANT,SUCCESS,DELHI,DELHI,DEV100020,2943,,2026-07-12 18:25:28.953779,dbfs:/Volumes/dbacademy/default/myvolume/Project%20Sentinel/upi_transactions.csv,High Response Time
1964a94e-b372-4ab2-9558-1a3338513242,2026-06-25 15:30:31,HDFC,ICICI,ni****56@okhdfc,ha****83@icici,10758.0,BILL PAYMENT,SUCCESS,AHMEDABAD,GUJARAT,DEV100134,2986,,2026-07-12 18:25:28.953779,dbfs:/Volumes/dbacademy/default/myvolume/Project%20Sentinel/upi_transactions.csv,High Response Time
e7d17ee3-913f-4d7f-aae9-efa570a0ec8e,2026-07-04 23:27:23,AXIS,SBI,pr****31@axis,ar****40@oksbi,31159.0,P2P,SUCCESS,MUMBAI,MAHARASHTRA,DEV100174,2953,,2026-07-12 18:25:28.953779,dbfs:/Volumes/dbacademy/default/myvolume/Project%20Sentinel/upi_transactions.csv,High Response Time
61dae08c-16a1-449c-b26f-38d5dce20bd0,2026-07-10 20:05:16,HDFC,AXIS,ka****67@okhdfc,ni****00@axis,28679.0,MERCHANT,SUCCESS,JAIPUR,RAJASTHAN,DEV100043,2855,,2026-07-12 18:25:28.953779,dbfs:/Volumes/dbacademy/default/myvolume/Project%20Sentinel/upi_transactions.csv,High Response Time
ee6c3c5d-f994-4d4d-8090-22cf25527384,2026-06-21 20:21:11,AXIS,HDFC,ne****38@axis,ka****09@okhdfc,32279.0,P2P,SUCCESS,DELHI,DELHI,DEV100157,2929,,2026-07-12 18:25:28.953779,dbfs:/Volumes/dbacademy/default/myvolume/Project%20Sentinel/upi_transactions.csv,High Response Time
b1f3e35e-cc53-4834-b6f0-e9a966decd9d,2026-07-06 04:51:04,ICICI,AXIS,ar****14@icici,po****48@axis,29837.0,MERCHANT,SUCCESS,PUNE,MAHARASHTRA,DEV100154,2919,,2026-07-12 18:25:28.953779,dbfs:/Volumes/dbacademy/default/myvolume/Project%20Sentinel/upi_transactions.csv,High Response Time
4106bd3f-5b02-498b-acf5-2c3b0fda0089,2026-06-28 02:22:04,ICICI,AXIS,ka****96@icici,ar****05@axis,22511.0,P2P,SUCCESS,MUMBAI,MAHARASHTRA,DEV100012,2944,,2026-07-12 18:25:28.953779,dbfs:/Volumes/dbacademy/default/myvolume/Project%20Sentinel/upi_transactions.csv,High Response Time
43e843c3-7a3b-4eac-9b78-e3dd01b05f40,2026-06-29 19:45:33,SBI,HDFC,pr****02@oksbi,si****84@okhdfc,40803.0,RECHARGE,SUCCESS,MUMBAI,MAHARASHTRA,DEV100139,2948,,2026-07-12 18:25:28.953779,dbfs:/Volumes/dbacademy/default/myvolume/Project%20Sentinel/upi_transactions.csv,High Response Time
ee443cf6-ca55-4d1b-a6e9-944254b7d0f0,2026-06-30 02:50:59,AXIS,HDFC,pr****12@axis,vi****33@okhdfc,35830.0,P2P,SUCCESS,DELHI,DELHI,DEV100081,2902,,2026-07-12 18:25:28.953779,dbfs:/Volumes/dbacademy/default/myvolume/Project%20Sentinel/upi_transactions.csv,High Response Time
f3396159-70cd-4cfe-b1f5-b2b07d47bedd,2026-06-20 17:49:56,ICICI,SBI,vi****27@icici,ra****60@oksbi,28405.0,RECHARGE,SUCCESS,MUMBAI,MAHARASHTRA,DEV100164,2889,,2026-07-12 18:25:28.953779,dbfs:/Volumes/dbacademy/default/myvolume/Project%20Sentinel/upi_transactions.csv,High Response Time
1b2af29a-4852-49eb-8f41-b89de8b22a5b,2026-06-13 22:20:04,SBI,ICICI,ro****01@oksbi,si****87@icici,27203.0,P2P,SUCCESS,AHMEDABAD,GUJARAT,DEV100004,2930,,2026-07-12 18:25:28.953779,dbfs:/Volumes/dbacademy/default/myvolume/Project%20Sentinel/upi_transactions.csv,High Response Time
58c30b44-0365-4be4-8ede-37d945dab554,2026-06-28 16:25:55,HDFC,SBI,ka****85@okhdfc,ra****44@oksbi,42319.0,P2P,SUCCESS,MUMBAI,MAHARASHTRA,DEV100100,2970,,2026-07-12 18:25:28.953779,dbfs:/Volumes/dbacademy/default/myvolume/Project%20Sentinel/upi_transactions.csv,High Response Time
b8b96e76-b073-4789-8e83-f42d3148daba,2026-06-18 17:37:13,ICICI,SBI,ka****04@icici,am****04@oksbi,31009.0,RECHARGE,SUCCESS,MUMBAI,MAHARASHTRA,DEV100027,2853,,2026-07-12 18:25:28.953779,dbfs:/Volumes/dbacademy/default/myvolume/Project%20Sentinel/upi_transactions.csv,High Response Time
67fb185e-3d04-4dc9-9910-8ea73ad3a085,2026-07-08 18:44:36,HDFC,ICICI,ka****45@okhdfc,si****88@icici,21483.0,P2P,SUCCESS,MUMBAI,MAHARASHTRA,DEV100199,2907,,2026-07-12 18:25:28.953779,dbfs:/Volumes/dbacademy/default/myvolume/Project%20Sentinel/upi_transactions.csv,High Response Time
cd0aea12-260c-40ea-af79-511630208a70,2026-06-28 16:25:22,HDFC,SBI,ra****75@okhdfc,am****10@oksbi,28553.0,MERCHANT,SUCCESS,JAIPUR,RAJASTHAN,DEV100078,2997,,2026-07-12 18:25:28.953779,dbfs:/Volumes/dbacademy/default/myvolume/Project%20Sentinel/upi_transactions.csv,High Response Time
c4bc2cb9-5079-48c0-822d-40c8d8c713ca,2026-06-16 05:17:57,AXIS,SBI,ra****45@axis,ka****76@oksbi,31493.0,P2P,SUCCESS,MUMBAI,MAHARASHTRA,DEV100151,2970,,2026-07-12 18:25:28.953779,dbfs:/Volumes/dbacademy/default/myvolume/Project%20Sentinel/upi_transactions.csv,High Response Time
4c994953-c0b1-4b39-82f6-10a9f51a60f7,2026-06-25 12:29:47,ICICI,HDFC,ri****63@icici,ka****73@okhdfc,2893.0,MERCHANT,SUCCESS,INDORE,MADHYA PRADESH,DEV100182,2991,,2026-07-12 18:25:28.953779,dbfs:/Volumes/dbacademy/default/myvolume/Project%20Sentinel/upi_transactions.csv,High Response Time
5bef9fe9-d587-4adc-b40d-c0ea59b3e15e,2026-06-17 02:40:52,SBI,HDFC,ha****35@oksbi,vi****80@okhdfc,7934.0,P2P,SUCCESS,AHMEDABAD,GUJARAT,DEV100050,2936,,2026-07-12 18:25:28.953779,dbfs:/Volumes/dbacademy/default/myvolume/Project%20Sentinel/upi_transactions.csv,High Response Time
f6434d18-64a1-4103-8ccb-62e5858dcec2,2026-06-16 06:16:35,SBI,AXIS,an****07@oksbi,ni****98@axis,43910.0,RECHARGE,SUCCESS,INDORE,MADHYA PRADESH,DEV100061,2892,,2026-07-12 18:25:28.953779,dbfs:/Volumes/dbacademy/default/myvolume/Project%20Sentinel/upi_transactions.csv,High Response Time
764282cb-52cf-44f5-9cea-087590d6f850,2026-06-13 14:51:00,ICICI,HDFC,ro****55@icici,si****58@okhdfc,35165.0,BILL PAYMENT,SUCCESS,INDORE,MADHYA PRADESH,DEV100011,2892,,2026-07-12 18:25:28.953779,dbfs:/Volumes/dbacademy/default/myvolume/Project%20Sentinel/upi_transactions.csv,High Response Time
3de5b89c-2966-4dd8-9b95-bc7bdb3490c2,2026-07-09 03:06:35,SBI,ICICI,am****54@oksbi,si****68@icici,3515.0,P2P,FAILED,INDORE,MADHYA PRADESH,DEV100007,2960,Daily Limit Exceeded,2026-07-12 18:25:28.953779,dbfs:/Volumes/dbacademy/default/myvolume/Project%20Sentinel/upi_transactions.csv,High Response Time
b7942895-e894-4e1c-9da3-73f4e0291e9c,2026-07-04 15:26:15,HDFC,SBI,ro****70@okhdfc,ni****22@oksbi,43350.0,MERCHANT,SUCCESS,PUNE,MAHARASHTRA,DEV100034,2989,,2026-07-12 18:25:28.953779,dbfs:/Volumes/dbacademy/default/myvolume/Project%20Sentinel/upi_transactions.csv,High Response Time
5bd1a102-05f1-400a-abed-15ab5b7d6f79,2026-06-17 04:22:40,AXIS,ICICI,am****59@axis,an****75@icici,47990.0,MERCHANT,SUCCESS,BANGALORE,KARNATAKA,DEV100024,2908,,2026-07-12 18:25:28.953779,dbfs:/Volumes/dbacademy/default/myvolume/Project%20Sentinel/upi_transactions.csv,High Response Time
8b280b21-8bdd-46f8-bd2f-728a1406121a,2026-07-12 16:16:52,HDFC,SBI,di****76@okhdfc,ra****08@oksbi,18464.0,P2P,SUCCESS,AHMEDABAD,GUJARAT,DEV100133,2936,,2026-07-12 18:25:28.953779,dbfs:/Volumes/dbacademy/default/myvolume/Project%20Sentinel/upi_transactions.csv,High Response Time
27812b52-f719-46f4-8c14-f63440f5c290,2026-06-22 17:33:57,AXIS,SBI,ra****34@axis,an****95@oksbi,6839.0,P2P,SUCCESS,JAIPUR,RAJASTHAN,DEV100196,2879,,2026-07-12 18:25:28.953779,dbfs:/Volumes/dbacademy/default/myvolume/Project%20Sentinel/upi_transactions.csv,High Response Time
254d9a5a-b37e-4a75-99a2-332f67f497ec,2026-06-27 01:32:38,HDFC,AXIS,ma****45@okhdfc,vi****17@axis,41929.0,MERCHANT,SUCCESS,DELHI,DELHI,DEV100173,2865,,2026-07-12 18:25:28.953779,dbfs:/Volumes/dbacademy/default/myvolume/Project%20Sentinel/upi_transactions.csv,High Response Time
f6d01546-9e8a-44f3-a4fc-f88b6c1ade93,2026-06-20 02:30:57,ICICI,AXIS,ro****37@icici,an****23@axis,21076.0,RECHARGE,SUCCESS,INDORE,MADHYA PRADESH,DEV100136,2911,,2026-07-12 18:25:28.953779,dbfs:/Volumes/dbacademy/default/myvolume/Project%20Sentinel/upi_transactions.csv,High Response Time
20df2353-212b-462b-8032-c472b1df95a7,2026-07-12 12:29:02,ICICI,SBI,ma****24@icici,po****68@oksbi,30261.0,RECHARGE,SUCCESS,HYDERABAD,TELANGANA,DEV100045,2925,,2026-07-12 18:25:28.953779,dbfs:/Volumes/dbacademy/default/myvolume/Project%20Sentinel/upi_transactions.csv,High Response Time
e2569797-39eb-414c-9769-0785ac1f6fc1,2026-06-15 16:33:51,HDFC,ICICI,ri****45@okhdfc,ha****52@icici,46175.0,MERCHANT,SUCCESS,PUNE,MAHARASHTRA,DEV100145,2921,,2026-07-12 18:25:28.953779,dbfs:/Volumes/dbacademy/default/myvolume/Project%20Sentinel/upi_transactions.csv,High Response Time
5f1af6e8-daa4-41d0-bde8-ec63faa40fd1,2026-06-16 08:52:08,SBI,ICICI,pr****00@oksbi,an****26@icici,39168.0,BILL PAYMENT,SUCCESS,JAIPUR,RAJASTHAN,DEV100176,2914,,2026-07-12 18:25:28.953779,dbfs:/Volumes/dbacademy/default/myvolume/Project%20Sentinel/upi_transactions.csv,High Response Time
a0798a10-3719-4f6f-9876-6e34cbfb06f8,2026-07-08 18:05:32,ICICI,SBI,ka****09@icici,ha****66@oksbi,36534.0,P2P,SUCCESS,AHMEDABAD,GUJARAT,DEV100066,2997,,2026-07-12 18:25:28.953779,dbfs:/Volumes/dbacademy/default/myvolume/Project%20Sentinel/upi_transactions.csv,High Response Time
656c185c-b48c-4cd9-a76c-3562d0737e8c,2026-06-20 12:28:09,ICICI,SBI,ka****12@icici,vi****96@oksbi,9666.0,MERCHANT,SUCCESS,AHMEDABAD,GUJARAT,DEV100131,2962,,2026-07-12 18:25:28.953779,dbfs:/Volumes/dbacademy/default/myvolume/Project%20Sentinel/upi_transactions.csv,High Response Time
b0693b1f-2c70-43e3-bae8-10df8343dc67,2026-06-21 09:03:21,HDFC,SBI,ka****18@okhdfc,ne****62@oksbi,45466.0,RECHARGE,SUCCESS,INDORE,MADHYA PRADESH,DEV100031,2863,,2026-07-12 18:25:28.953779,dbfs:/Volumes/dbacademy/default/myvolume/Project%20Sentinel/upi_transactions.csv,High Response Time
525efe83-b5dc-48c7-901e-6aa49cb66f04,2026-06-13 23:54:34,HDFC,SBI,ka****27@okhdfc,ri****28@oksbi,21278.0,MERCHANT,SUCCESS,DELHI,DELHI,DEV100152,2951,,2026-07-12 18:25:28.953779,dbfs:/Volumes/dbacademy/default/myvolume/Project%20Sentinel/upi_transactions.csv,High Response Time
0487d4e1-a00f-49e4-adf9-af1622ed2f0a,2026-07-07 19:07:09,HDFC,ICICI,vi****39@okhdfc,an****54@icici,14377.0,P2P,SUCCESS,PUNE,MAHARASHTRA,DEV100072,2963,,2026-07-12 18:25:28.953779,dbfs:/Volumes/dbacademy/default/myvolume/Project%20Sentinel/upi_transactions.csv,High Response Time
5fff470c-4a3f-4157-9106-742830a72f45,2026-06-16 15:43:55,AXIS,ICICI,sn****29@axis,ma****47@icici,2747.0,RECHARGE,SUCCESS,DELHI,DELHI,DEV100179,2961,,2026-07-12 18:25:28.953779,dbfs:/Volumes/dbacademy/default/myvolume/Project%20Sentinel/upi_transactions.csv,High Response Time
488c2048-cf95-458d-8e2a-cada8e4f8c4d,2026-06-22 16:46:08,SBI,ICICI,po****04@oksbi,ro****53@icici,19324.0,MERCHANT,SUCCESS,HYDERABAD,TELANGANA,DEV100133,2982,,2026-07-12 18:25:28.953779,dbfs:/Volumes/dbacademy/default/myvolume/Project%20Sentinel/upi_transactions.csv,High Response Time
2da539f6-4a82-46e1-ad88-7723b0bfe2b7,2026-06-15 19:07:15,SBI,ICICI,pr****16@oksbi,po****30@icici,5267.0,P2P,SUCCESS,MUMBAI,MAHARASHTRA,DEV100039,2856,,2026-07-12 18:25:28.953779,dbfs:/Volumes/dbacademy/default/myvolume/Project%20Sentinel/upi_transactions.csv,High Response Time
227a4946-1b51-4ae1-ab8b-e5039d7fcfbb,2026-07-04 13:31:57,AXIS,ICICI,di****54@axis,ka****94@icici,35052.0,RECHARGE,SUCCESS,MUMBAI,MAHARASHTRA,DEV100087,2882,,2026-07-12 18:25:28.953779,dbfs:/Volumes/dbacademy/default/myvolume/Project%20Sentinel/upi_transactions.csv,High Response Time
11f85701-0de4-4330-ad73-eef5a156c53a,2026-06-28 02:46:20,HDFC,SBI,ar****34@okhdfc,ri****93@oksbi,2097.0,P2P,SUCCESS,HYDERABAD,TELANGANA,DEV100192,2911,,2026-07-12 18:25:28.953779,dbfs:/Volumes/dbacademy/default/myvolume/Project%20Sentinel/upi_transactions.csv,High Response Time
d39dbcde-c174-4952-9592-ca28de516790,2026-06-21 12:49:00,SBI,ICICI,ar****60@oksbi,am****39@icici,44233.0,P2P,SUCCESS,AHMEDABAD,GUJARAT,DEV100016,2928,,2026-07-12 18:25:28.953779,dbfs:/Volumes/dbacademy/default/myvolume/Project%20Sentinel/upi_transactions.csv,High Response Time
23950206-46e3-4439-97a8-c2342fa24cb0,2026-06-28 15:18:23,ICICI,SBI,ni****08@icici,ka****76@oksbi,3984.0,P2P,SUCCESS,MUMBAI,MAHARASHTRA,DEV100133,2947,,2026-07-12 18:25:28.953779,dbfs:/Volumes/dbacademy/default/myvolume/Project%20Sentinel/upi_transactions.csv,High Response Time
8358c80b-10bb-49d5-b1c6-8d789b1667d2,2026-06-27 18:19:30,SBI,AXIS,am****57@oksbi,am****47@axis,16473.0,RECHARGE,SUCCESS,INDORE,MADHYA PRADESH,DEV100179,2889,,2026-07-12 18:25:28.953779,dbfs:/Volumes/dbacademy/default/myvolume/Project%20Sentinel/upi_transactions.csv,High Response Time
45bd91c1-0a9e-421a-9fe4-f983c3971f08,2026-07-04 08:59:54,SBI,ICICI,ma****56@oksbi,di****08@icici,36065.0,MERCHANT,SUCCESS,AHMEDABAD,GUJARAT,DEV100036,2859,,2026-07-12 18:25:28.953779,dbfs:/Volumes/dbacademy/default/myvolume/Project%20Sentinel/upi_transactions.csv,High Response Time
016ea1cd-262f-434b-a7d4-86ef7b422afd,2026-06-21 20:18:15,SBI,ICICI,po****47@oksbi,sn****87@icici,22035.0,RECHARGE,SUCCESS,INDORE,MADHYA PRADESH,DEV100146,2994,,2026-07-12 18:25:28.953779,dbfs:/Volumes/dbacademy/default/myvolume/Project%20Sentinel/upi_transactions.csv,High Response Time
31b8343b-a88f-4c3a-aff6-eab5b8141b2e,2026-06-19 07:15:00,HDFC,ICICI,si****52@okhdfc,si****56@icici,16655.0,P2P,SUCCESS,HYDERABAD,TELANGANA,DEV100092,2875,,2026-07-12 18:25:28.953779,dbfs:/Volumes/dbacademy/default/myvolume/Project%20Sentinel/upi_transactions.csv,High Response Time
3520d8e5-fe45-44de-8da5-a726eaa4bcd8,2026-06-12 19:26:07,SBI,AXIS,an****06@oksbi,ka****91@axis,18385.0,RECHARGE,SUCCESS,BANGALORE,KARNATAKA,DEV100026,2983,,2026-07-12 18:25:28.953779,dbfs:/Volumes/dbacademy/default/myvolume/Project%20Sentinel/upi_transactions.csv,High Response Time
f93796d3-226f-4d2c-bfe6-ea7e59bcdac8,2026-07-05 04:39:14,ICICI,AXIS,pr****20@icici,ha****12@axis,25558.0,RECHARGE,SUCCESS,AHMEDABAD,GUJARAT,DEV100168,2885,,2026-07-12 18:25:28.953779,dbfs:/Volumes/dbacademy/default/myvolume/Project%20Sentinel/upi_transactions.csv,High Response Time
1f472446-158a-4107-8349-dc40bea22f58,2026-07-05 19:00:41,SBI,HDFC,ro****60@oksbi,ne****40@okhdfc,1160.0,P2P,SUCCESS,JAIPUR,RAJASTHAN,DEV100155,2871,,2026-07-12 18:25:28.953779,dbfs:/Volumes/dbacademy/default/myvolume/Project%20Sentinel/upi_transactions.csv,High Response Time
d5f4d08c-fa32-427b-acf6-c5da0aa96b22,2026-06-15 13:37:02,HDFC,AXIS,pr****98@okhdfc,ar****38@axis,22567.0,P2P,SUCCESS,MUMBAI,MAHARASHTRA,DEV100158,2919,,2026-07-12 18:25:28.953779,dbfs:/Volumes/dbacademy/default/myvolume/Project%20Sentinel/upi_transactions.csv,High Response Time
66f79a56-dcf9-41d8-ad03-64246d6c5324,2026-06-17 03:22:50,AXIS,HDFC,po****28@axis,di****89@okhdfc,28067.0,P2P,SUCCESS,HYDERABAD,TELANGANA,DEV100137,2880,,2026-07-12 18:25:28.953779,dbfs:/Volumes/dbacademy/default/myvolume/Project%20Sentinel/upi_transactions.csv,High Response Time
e7070be9-b524-4762-9932-e91dee392959,2026-06-26 06:05:41,HDFC,AXIS,di****64@okhdfc,pr****05@axis,33624.0,P2P,SUCCESS,INDORE,MADHYA PRADESH,DEV100082,2897,,2026-07-12 18:25:28.953779,dbfs:/Volumes/dbacademy/default/myvolume/Project%20Sentinel/upi_transactions.csv,High Response Time
ccb5803e-daef-4b6a-b1a8-470e00f51ef7,2026-07-03 16:57:06,SBI,ICICI,di****18@oksbi,sn****31@icici,24986.0,P2P,SUCCESS,DELHI,DELHI,DEV100084,2943,,2026-07-12 18:25:28.953779,dbfs:/Volumes/dbacademy/default/myvolume/Project%20Sentinel/upi_transactions.csv,High Response Time
856a9c53-c1bd-4d65-afef-ee204e02bfd3,2026-06-16 00:46:58,HDFC,AXIS,ka****05@okhdfc,ra****04@axis,6877.0,BILL PAYMENT,SUCCESS,MUMBAI,MAHARASHTRA,DEV100153,2994,,2026-07-12 18:25:28.953779,dbfs:/Volumes/dbacademy/default/myvolume/Project%20Sentinel/upi_transactions.csv,High Response Time
76edd927-da42-4d80-b229-c583da910ece,2026-06-29 10:05:16,ICICI,SBI,di****05@icici,vi****91@oksbi,1455.0,MERCHANT,SUCCESS,JAIPUR,RAJASTHAN,DEV100097,2924,,2026-07-12 18:25:28.953779,dbfs:/Volumes/dbacademy/default/myvolume/Project%20Sentinel/upi_transactions.csv,High Response Time
8e937c9b-cf95-4060-98ae-87fde593f9e6,2026-06-28 05:13:43,HDFC,ICICI,ha****13@okhdfc,ro****51@icici,13931.0,MERCHANT,SUCCESS,BANGALORE,KARNATAKA,DEV100023,2991,,2026-07-12 18:25:28.953779,dbfs:/Volumes/dbacademy/default/myvolume/Project%20Sentinel/upi_transactions.csv,High Response Time
b51cd1d2-a827-4cb9-996b-b165224e0159,2026-06-26 15:42:28,HDFC,AXIS,sn****73@okhdfc,di****82@axis,34594.0,P2P,SUCCESS,JAIPUR,RAJASTHAN,DEV100175,2963,,2026-07-12 18:25:28.953779,dbfs:/Volumes/dbacademy/default/myvolume/Project%20Sentinel/upi_transactions.csv,High Response Time
d7c7f2e6-6867-4918-880e-1abee39ac211,2026-06-20 04:10:15,AXIS,ICICI,pr****79@axis,ka****50@icici,22710.0,RECHARGE,SUCCESS,AHMEDABAD,GUJARAT,DEV100018,2883,,2026-07-12 18:25:28.953779,dbfs:/Volumes/dbacademy/default/myvolume/Project%20Sentinel/upi_transactions.csv,High Response Time
5915d3f3-8a44-49e6-b686-6087e7351f4c,2026-06-14 11:38:03,AXIS,HDFC,si****41@axis,ha****78@okhdfc,30890.0,MERCHANT,SUCCESS,PUNE,MAHARASHTRA,DEV100115,2984,,2026-07-12 18:25:28.953779,dbfs:/Volumes/dbacademy/default/myvolume/Project%20Sentinel/upi_transactions.csv,High Response Time
4b471774-d2f4-4c1e-91c2-a00c14586349,2026-07-08 11:55:37,SBI,AXIS,ka****51@oksbi,ha****97@axis,39169.0,P2P,SUCCESS,DELHI,DELHI,DEV100063,2914,,2026-07-12 18:25:28.953779,dbfs:/Volumes/dbacademy/default/myvolume/Project%20Sentinel/upi_transactions.csv,High Response Time
42d6dec3-6b18-435e-8a56-a00b98b6fcab,2026-06-24 17:50:31,ICICI,AXIS,ka****81@icici,ni****36@axis,39682.0,P2P,SUCCESS,JAIPUR,RAJASTHAN,DEV100039,2892,,2026-07-12 18:25:28.953779,dbfs:/Volumes/dbacademy/default/myvolume/Project%20Sentinel/upi_transactions.csv,High Response Time
cd3e4c15-3075-4610-ad87-94a55f4d0637,2026-07-05 16:12:31,AXIS,SBI,si****66@axis,di****12@oksbi,3777.0,P2P,SUCCESS,AHMEDABAD,GUJARAT,DEV100056,2980,,2026-07-12 18:25:28.953779,dbfs:/Volumes/dbacademy/default/myvolume/Project%20Sentinel/upi_transactions.csv,High Response Time
e305d382-92c8-423c-a875-a92eebf8a865,2026-06-20 17:13:18,AXIS,SBI,ri****06@axis,ma****96@oksbi,23601.0,BILL PAYMENT,SUCCESS,AHMEDABAD,GUJARAT,DEV100048,2972,,2026-07-12 18:25:28.953779,dbfs:/Volumes/dbacademy/default/myvolume/Project%20Sentinel/upi_transactions.csv,High Response Time
0862135a-aab2-46bd-9b2c-35dafa25db86,2026-06-21 12:38:30,HDFC,SBI,ka****99@okhdfc,an****15@oksbi,47135.0,P2P,SUCCESS,INDORE,MADHYA PRADESH,DEV100023,2892,,2026-07-12 18:25:28.953779,dbfs:/Volumes/dbacademy/default/myvolume/Project%20Sentinel/upi_transactions.csv,High Response Time
27738d30-18f7-4f66-b0b9-24cf7a655256,2026-06-18 16:13:32,ICICI,SBI,ri****69@icici,si****86@oksbi,9646.0,BILL PAYMENT,SUCCESS,DELHI,DELHI,DEV100042,2898,,2026-07-12 18:25:28.953779,dbfs:/Volumes/dbacademy/default/myvolume/Project%20Sentinel/upi_transactions.csv,High Response Time
702bb763-df30-4655-9b01-466896a43737,2026-06-16 16:57:27,HDFC,SBI,ma****23@okhdfc,ri****78@oksbi,25345.0,P2P,SUCCESS,PUNE,MAHARASHTRA,DEV100035,2919,,2026-07-12 18:25:28.953779,dbfs:/Volumes/dbacademy/default/myvolume/Project%20Sentinel/upi_transactions.csv,High Response Time
6036af31-3d17-4385-8cc7-1c506929d95e,2026-07-05 10:34:44,ICICI,SBI,ka****19@icici,pr****37@oksbi,7820.0,RECHARGE,SUCCESS,INDORE,MADHYA PRADESH,DEV100027,2894,,2026-07-12 18:25:28.953779,dbfs:/Volumes/dbacademy/default/myvolume/Project%20Sentinel/upi_transactions.csv,High Response Time
8b0994e5-01c9-457e-a06e-14138cbb2809,2026-06-23 00:03:16,HDFC,ICICI,am****75@okhdfc,di****65@icici,40925.0,P2P,SUCCESS,INDORE,MADHYA PRADESH,DEV100053,2909,,2026-07-12 18:25:28.953779,dbfs:/Volumes/dbacademy/default/myvolume/Project%20Sentinel/upi_transactions.csv,High Response Time
e0c805db-e4c0-4cca-9285-297e3c96bc7b,2026-06-18 03:06:52,ICICI,SBI,pr****07@icici,ne****40@oksbi,42854.0,MERCHANT,SUCCESS,INDORE,MADHYA PRADESH,DEV100062,2911,,2026-07-12 18:25:28.953779,dbfs:/Volumes/dbacademy/default/myvolume/Project%20Sentinel/upi_transactions.csv,High Response Time
769b8894-315f-4500-bf64-16f95cce5a7e,2026-07-06 18:44:24,AXIS,SBI,ka****86@axis,ro****87@oksbi,15071.0,MERCHANT,SUCCESS,JAIPUR,RAJASTHAN,DEV100073,2889,,2026-07-12 18:25:28.953779,dbfs:/Volumes/dbacademy/default/myvolume/Project%20Sentinel/upi_transactions.csv,High Response Time
afffb686-440b-45d1-8a9e-e54803f8efa7,2026-07-10 01:30:31,HDFC,AXIS,vi****01@okhdfc,ra****50@axis,26954.0,P2P,SUCCESS,AHMEDABAD,GUJARAT,DEV100053,2871,,2026-07-12 18:25:28.953779,dbfs:/Volumes/dbacademy/default/myvolume/Project%20Sentinel/upi_transactions.csv,High Response Time
5568901e-0327-4f1d-a26d-65d659d9fff5,2026-07-05 13:30:48,HDFC,AXIS,ro****99@okhdfc,ni****61@axis,21143.0,MERCHANT,SUCCESS,PUNE,MAHARASHTRA,DEV100187,2871,,2026-07-12 18:25:28.953779,dbfs:/Volumes/dbacademy/default/myvolume/Project%20Sentinel/upi_transactions.csv,High Response Time
96b62ff2-1634-43a5-96e3-7f6bceadb480,2026-07-01 15:11:49,AXIS,ICICI,an****55@axis,pr****96@icici,38419.0,BILL PAYMENT,SUCCESS,AHMEDABAD,GUJARAT,DEV100052,2926,,2026-07-12 18:25:28.953779,dbfs:/Volumes/dbacademy/default/myvolume/Project%20Sentinel/upi_transactions.csv,High Response Time
0372b9e2-289c-4f1e-8981-aa0d82be506d,2026-06-13 17:13:09,AXIS,ICICI,an****62@axis,ha****71@icici,47859.0,P2P,SUCCESS,JAIPUR,RAJASTHAN,DEV100049,2852,,2026-07-12 18:25:28.953779,dbfs:/Volumes/dbacademy/default/myvolume/Project%20Sentinel/upi_transactions.csv,High Response Time
15679b0e-3936-41b2-bb8b-0cfffe27622b,2026-06-25 15:22:16,HDFC,ICICI,vi****49@okhdfc,si****17@icici,43601.0,P2P,SUCCESS,MUMBAI,MAHARASHTRA,DEV100097,2989,,2026-07-12 18:25:28.953779,dbfs:/Volumes/dbacademy/default/myvolume/Project%20Sentinel/upi_transactions.csv,High Response Time
8c2103fc-a639-4963-a77f-6ccb224dcb25,2026-06-13 06:10:27,AXIS,ICICI,ka****95@axis,ro****15@icici,26047.0,MERCHANT,FAILED,MUMBAI,MAHARASHTRA,DEV100081,2905,Bank Server Down,2026-07-12 18:25:28.953779,dbfs:/Volumes/dbacademy/default/myvolume/Project%20Sentinel/upi_transactions.csv,High Response Time
96535d00-91fd-424b-a1a2-517bd8bb1895,2026-06-13 19:34:18,SBI,HDFC,ma****94@oksbi,ri****70@okhdfc,29672.0,P2P,SUCCESS,PUNE,MAHARASHTRA,DEV100087,2925,,2026-07-12 18:25:28.953779,dbfs:/Volumes/dbacademy/default/myvolume/Project%20Sentinel/upi_transactions.csv,High Response Time
e2accea7-13c7-45aa-9b8f-c8cf9276e720,2026-07-03 05:52:43,ICICI,AXIS,ar****93@icici,an****11@axis,34411.0,MERCHANT,SUCCESS,HYDERABAD,TELANGANA,DEV100040,2881,,2026-07-12 18:25:28.953779,dbfs:/Volumes/dbacademy/default/myvolume/Project%20Sentinel/upi_transactions.csv,High Response Time
43e4ea57-3651-4d0f-8591-405d5402352c,2026-07-11 05:15:05,SBI,AXIS,si****29@oksbi,ka****45@axis,2982.0,BILL PAYMENT,SUCCESS,PUNE,MAHARASHTRA,DEV100000,2978,,2026-07-12 18:25:28.953779,dbfs:/Volumes/dbacademy/default/myvolume/Project%20Sentinel/upi_transactions.csv,High Response Time
911562b9-e083-483f-8682-96b350a2c77e,2026-06-20 04:04:08,HDFC,AXIS,ro****15@okhdfc,ra****09@axis,32892.0,P2P,SUCCESS,HYDERABAD,TELANGANA,DEV100097,2939,,2026-07-12 18:25:28.953779,dbfs:/Volumes/dbacademy/default/myvolume/Project%20Sentinel/upi_transactions.csv,High Response Time
91af6e08-c46b-483e-81d8-0be891fd40fc,2026-06-22 18:20:02,HDFC,SBI,ka****73@okhdfc,ma****65@oksbi,2304.0,P2P,SUCCESS,MUMBAI,MAHARASHTRA,DEV100056,2974,,2026-07-12 18:25:28.953779,dbfs:/Volumes/dbacademy/default/myvolume/Project%20Sentinel/upi_transactions.csv,High Response Time
f2bea205-5d5b-4e6c-8e4c-0097b7dfba7a,2026-06-22 13:13:29,HDFC,ICICI,pr****55@okhdfc,ar****25@icici,29456.0,P2P,SUCCESS,AHMEDABAD,GUJARAT,DEV100180,2889,,2026-07-12 18:25:28.953779,dbfs:/Volumes/dbacademy/default/myvolume/Project%20Sentinel/upi_transactions.csv,High Response Time
83adc339-3bd4-4922-8558-fec978004b62,2026-06-26 07:26:20,AXIS,HDFC,pr****90@axis,ka****35@okhdfc,15536.0,P2P,SUCCESS,DELHI,DELHI,DEV100042,2903,,2026-07-12 18:25:28.953779,dbfs:/Volumes/dbacademy/default/myvolume/Project%20Sentinel/upi_transactions.csv,High Response Time
589b7dcf-ac01-4a5f-861b-bc81e1bb2af4,2026-06-28 13:14:48,HDFC,SBI,an****63@okhdfc,ri****49@oksbi,25678.0,RECHARGE,SUCCESS,MUMBAI,MAHARASHTRA,DEV100189,2964,,2026-07-12 18:25:28.953779,dbfs:/Volumes/dbacademy/default/myvolume/Project%20Sentinel/upi_transactions.csv,High Response Time
6c10ad7a-ad65-447c-b2eb-187c75474ac4,2026-07-04 02:26:27,ICICI,AXIS,vi****25@icici,ha****85@axis,39171.0,P2P,SUCCESS,AHMEDABAD,GUJARAT,DEV100139,2994,,2026-07-12 18:25:28.953779,dbfs:/Volumes/dbacademy/default/myvolume/Project%20Sentinel/upi_transactions.csv,High Response Time
f87a9a0f-126d-4289-be0b-e0b6f0274ac1,2026-07-10 20:54:10,ICICI,AXIS,di****20@icici,am****30@axis,33112.0,MERCHANT,SUCCESS,INDORE,MADHYA PRADESH,DEV100152,2894,,2026-07-12 18:25:28.953779,dbfs:/Volumes/dbacademy/default/myvolume/Project%20Sentinel/upi_transactions.csv,High Response Time
eca2d73d-fb41-474e-b2cb-61f0cdf3730d,2026-06-21 18:14:42,SBI,AXIS,ma****21@oksbi,ka****00@axis,38438.0,BILL PAYMENT,SUCCESS,AHMEDABAD,GUJARAT,DEV100145,2937,,2026-07-12 18:25:28.953779,dbfs:/Volumes/dbacademy/default/myvolume/Project%20Sentinel/upi_transactions.csv,High Response Time
b43b637a-0905-406f-a63d-f3ba863ae7d4,2026-07-11 18:04:18,HDFC,ICICI,ka****39@okhdfc,ar****70@icici,28908.0,MERCHANT,SUCCESS,INDORE,MADHYA PRADESH,DEV100128,2983,,2026-07-12 18:25:28.953779,dbfs:/Volumes/dbacademy/default/myvolume/Project%20Sentinel/upi_transactions.csv,High Response Time
45932509-5b61-46cd-9977-46bba56c1e98,2026-07-04 14:23:23,HDFC,SBI,ha****03@okhdfc,si****47@oksbi,6484.0,P2P,SUCCESS,MUMBAI,MAHARASHTRA,DEV100026,2876,,2026-07-12 18:25:28.953779,dbfs:/Volumes/dbacademy/default/myvolume/Project%20Sentinel/upi_transactions.csv,High Response Time
db273c99-985b-480d-b8c8-551c8d430703,2026-06-20 07:43:39,HDFC,AXIS,po****63@okhdfc,ha****42@axis,11451.0,MERCHANT,SUCCESS,AHMEDABAD,GUJARAT,DEV100097,2911,,2026-07-12 18:25:28.953779,dbfs:/Volumes/dbacademy/default/myvolume/Project%20Sentinel/upi_transactions.csv,High Response Time
210334cd-11f5-4314-9f7b-a5b64e4b5fb4,2026-06-15 21:06:57,AXIS,HDFC,ri****63@axis,an****57@okhdfc,13528.0,P2P,SUCCESS,PUNE,MAHARASHTRA,DEV100002,2861,,2026-07-12 18:25:28.953779,dbfs:/Volumes/dbacademy/default/myvolume/Project%20Sentinel/upi_transactions.csv,High Response Time
c0967733-8306-4e34-843e-33bd4f72657d,2026-06-23 01:08:04,AXIS,SBI,ni****74@axis,ne****44@oksbi,814.0,RECHARGE,SUCCESS,BANGALORE,KARNATAKA,DEV100028,2973,,2026-07-12 18:25:28.953779,dbfs:/Volumes/dbacademy/default/myvolume/Project%20Sentinel/upi_transactions.csv,High Response Time
c4f67d5a-fa54-450d-9090-ed911251a229,2026-06-22 07:39:24,SBI,AXIS,ka****05@oksbi,ri****20@axis,11417.0,P2P,SUCCESS,DELHI,DELHI,DEV100133,2946,,2026-07-12 18:25:28.953779,dbfs:/Volumes/dbacademy/default/myvolume/Project%20Sentinel/upi_transactions.csv,High Response Time
e9e8b985-1bb6-4e8e-9f5b-b6ff68af525a,2026-07-02 23:38:17,HDFC,SBI,si****85@okhdfc,ni****11@oksbi,5385.0,P2P,SUCCESS,BANGALORE,KARNATAKA,DEV100129,2913,,2026-07-12 18:25:28.953779,dbfs:/Volumes/dbacademy/default/myvolume/Project%20Sentinel/upi_transactions.csv,High Response Time
48d64577-dfd4-4cc4-a7ad-4ebd16782b12,2026-06-19 21:12:32,AXIS,SBI,pr****32@axis,vi****21@oksbi,6587.0,P2P,SUCCESS,BANGALORE,KARNATAKA,DEV100169,2884,,2026-07-12 18:25:28.953779,dbfs:/Volumes/dbacademy/default/myvolume/Project%20Sentinel/upi_transactions.csv,High Response Time
b44135cd-c8f3-47f7-bc36-d1d277bbbfa2,2026-06-17 14:46:47,HDFC,AXIS,pr****48@okhdfc,di****82@axis,18064.0,P2P,SUCCESS,PUNE,MAHARASHTRA,DEV100168,2985,,2026-07-12 18:25:28.953779,dbfs:/Volumes/dbacademy/default/myvolume/Project%20Sentinel/upi_transactions.csv,High Response Time
6da86df9-32e0-400f-a34a-db93ed4708d6,2026-07-04 19:51:12,SBI,AXIS,an****09@oksbi,ni****09@axis,3015.0,P2P,SUCCESS,BANGALORE,KARNATAKA,DEV100171,2852,,2026-07-12 18:25:28.953779,dbfs:/Volumes/dbacademy/default/myvolume/Project%20Sentinel/upi_transactions.csv,High Response Time
c90b909c-972f-4f29-8523-75eb09087751,2026-07-11 23:01:35,AXIS,SBI,ka****16@axis,vi****91@oksbi,47445.0,MERCHANT,SUCCESS,INDORE,MADHYA PRADESH,DEV100000,2911,,2026-07-12 18:25:28.953779,dbfs:/Volumes/dbacademy/default/myvolume/Project%20Sentinel/upi_transactions.csv,High Response Time
c5e4aca3-060d-4265-a680-2653b5fcfab1,2026-06-23 18:59:12,AXIS,SBI,ka****93@axis,ni****80@oksbi,38136.0,BILL PAYMENT,SUCCESS,PUNE,MAHARASHTRA,DEV100036,2929,,2026-07-12 18:25:28.953779,dbfs:/Volumes/dbacademy/default/myvolume/Project%20Sentinel/upi_transactions.csv,High Response Time
71440259-2a05-41ad-ba80-5485c543e3b4,2026-06-30 20:09:55,HDFC,AXIS,an****36@okhdfc,ro****46@axis,47495.0,P2P,SUCCESS,INDORE,MADHYA PRADESH,DEV100047,2859,,2026-07-12 18:25:28.953779,dbfs:/Volumes/dbacademy/default/myvolume/Project%20Sentinel/upi_transactions.csv,High Response Time
2597372d-cfa7-404b-81a8-81c672376b8c,2026-06-25 15:26:35,ICICI,AXIS,am****80@icici,ni****89@axis,35906.0,MERCHANT,SUCCESS,MUMBAI,MAHARASHTRA,DEV100105,2914,,2026-07-12 18:25:28.953779,dbfs:/Volumes/dbacademy/default/myvolume/Project%20Sentinel/upi_transactions.csv,High Response Time
07fc757f-92ae-4d00-aeec-af53ee66708d,2026-07-07 21:00:16,SBI,ICICI,am****26@oksbi,ar****86@icici,27094.0,P2P,SUCCESS,HYDERABAD,TELANGANA,DEV100009,2923,,2026-07-12 18:25:28.953779,dbfs:/Volumes/dbacademy/default/myvolume/Project%20Sentinel/upi_transactions.csv,High Response Time
c8b20a06-664d-4761-9e54-b48dc3afa707,2026-06-24 01:23:08,SBI,ICICI,ro****15@oksbi,pr****00@icici,28406.0,BILL PAYMENT,SUCCESS,HYDERABAD,TELANGANA,DEV100058,2956,,2026-07-12 18:25:28.953779,dbfs:/Volumes/dbacademy/default/myvolume/Project%20Sentinel/upi_transactions.csv,High Response Time
5e2e1764-3224-44cc-ada6-75088bf7e967,2026-07-06 03:38:03,SBI,HDFC,vi****88@oksbi,am****28@okhdfc,15640.0,BILL PAYMENT,SUCCESS,DELHI,DELHI,DEV100074,2889,,2026-07-12 18:25:28.953779,dbfs:/Volumes/dbacademy/default/myvolume/Project%20Sentinel/upi_transactions.csv,High Response Time
3ceb091c-327b-4c7b-88c3-f33b0107928c,2026-06-26 06:17:20,AXIS,HDFC,sn****84@axis,an****25@okhdfc,21024.0,P2P,SUCCESS,BANGALORE,KARNATAKA,DEV100154,2855,,2026-07-12 18:25:28.953779,dbfs:/Volumes/dbacademy/default/myvolume/Project%20Sentinel/upi_transactions.csv,High Response Time
ffead012-9050-4be0-b209-f702b2d0b2ea,2026-06-29 20:43:08,SBI,ICICI,ha****22@oksbi,po****71@icici,26017.0,BILL PAYMENT,SUCCESS,BANGALORE,KARNATAKA,DEV100027,2998,,2026-07-12 18:25:28.953779,dbfs:/Volumes/dbacademy/default/myvolume/Project%20Sentinel/upi_transactions.csv,High Response Time
57249dad-4d2c-47cb-8ef2-0c01e0d14e79,2026-06-27 06:37:09,HDFC,SBI,si****74@okhdfc,ha****69@oksbi,46172.0,P2P,FAILED,PUNE,MAHARASHTRA,DEV100141,2880,,2026-07-12 18:25:28.953779,dbfs:/Volumes/dbacademy/default/myvolume/Project%20Sentinel/upi_transactions.csv,High Response Time
146da0a5-3173-4437-83aa-32303fc953f8,2026-06-20 16:00:18,AXIS,ICICI,ka****32@axis,po****82@icici,31612.0,MERCHANT,SUCCESS,INDORE,MADHYA PRADESH,DEV100125,2978,,2026-07-12 18:25:28.953779,dbfs:/Volumes/dbacademy/default/myvolume/Project%20Sentinel/upi_transactions.csv,High Response Time
21e305c6-9926-4658-b1f0-96fca35112ed,2026-07-02 16:29:37,HDFC,SBI,ka****69@okhdfc,am****06@oksbi,29095.0,RECHARGE,SUCCESS,HYDERABAD,TELANGANA,DEV100160,2999,,2026-07-12 18:25:28.953779,dbfs:/Volumes/dbacademy/default/myvolume/Project%20Sentinel/upi_transactions.csv,High Response Time
46c6c6f0-053e-4522-8298-d466bd350b2c,2026-07-04 10:16:08,ICICI,HDFC,an****36@icici,ni****18@okhdfc,16594.0,BILL PAYMENT,SUCCESS,AHMEDABAD,GUJARAT,DEV100048,2879,,2026-07-12 18:25:28.953779,dbfs:/Volumes/dbacademy/default/myvolume/Project%20Sentinel/upi_transactions.csv,High Response Time
7338a236-b54c-4755-8e52-84f6723def56,2026-06-23 15:40:15,ICICI,AXIS,ka****13@icici,pr****98@axis,45167.0,BILL PAYMENT,SUCCESS,AHMEDABAD,GUJARAT,DEV100069,2921,,2026-07-12 18:25:28.953779,dbfs:/Volumes/dbacademy/default/myvolume/Project%20Sentinel/upi_transactions.csv,High Response Time
4c59b5cf-fbde-4e31-9f49-0a4dc0217e2a,2026-06-18 04:52:13,SBI,AXIS,ka****22@oksbi,ha****68@axis,34421.0,P2P,SUCCESS,DELHI,DELHI,DEV100166,2914,,2026-07-12 18:25:28.953779,dbfs:/Volumes/dbacademy/default/myvolume/Project%20Sentinel/upi_transactions.csv,High Response Time
5fbce3aa-644d-4cb3-8f47-19fb259118ef,2026-07-08 16:17:29,HDFC,SBI,pr****51@okhdfc,ka****17@oksbi,31116.0,RECHARGE,SUCCESS,DELHI,DELHI,DEV100170,2909,,2026-07-12 18:25:28.953779,dbfs:/Volumes/dbacademy/default/myvolume/Project%20Sentinel/upi_transactions.csv,High Response Time
5521403f-a28e-4457-9e11-6936dde7ce26,2026-07-07 07:36:42,AXIS,HDFC,po****10@axis,ne****74@okhdfc,27242.0,MERCHANT,SUCCESS,HYDERABAD,TELANGANA,DEV100088,2857,,2026-07-12 18:25:28.953779,dbfs:/Volumes/dbacademy/default/myvolume/Project%20Sentinel/upi_transactions.csv,High Response Time
63366cb1-1248-4b64-8a1e-af6131488b60,2026-06-28 20:57:03,HDFC,AXIS,ka****82@okhdfc,ni****46@axis,16361.0,MERCHANT,SUCCESS,HYDERABAD,TELANGANA,DEV100165,2993,,2026-07-12 18:25:28.953779,dbfs:/Volumes/dbacademy/default/myvolume/Project%20Sentinel/upi_transactions.csv,High Response Time
e6d35adc-dca5-4987-88a6-35c99c65369a,2026-06-24 08:30:11,SBI,ICICI,ra****02@oksbi,ni****30@icici,6475.0,P2P,SUCCESS,JAIPUR,RAJASTHAN,DEV100128,2929,,2026-07-12 18:25:28.953779,dbfs:/Volumes/dbacademy/default/myvolume/Project%20Sentinel/upi_transactions.csv,High Response Time
f732e2ce-6ebe-4218-b285-f7506338a0ed,2026-07-04 08:31:19,HDFC,ICICI,ka****42@okhdfc,ka****40@icici,32472.0,P2P,SUCCESS,JAIPUR,RAJASTHAN,DEV100025,2991,,2026-07-12 18:25:28.953779,dbfs:/Volumes/dbacademy/default/myvolume/Project%20Sentinel/upi_transactions.csv,High Response Time
0d386fbc-6125-4abb-92e4-f0c440c0371c,2026-06-20 07:52:32,ICICI,SBI,ka****64@icici,di****99@oksbi,38442.0,P2P,SUCCESS,HYDERABAD,TELANGANA,DEV100053,2983,,2026-07-12 18:25:28.953779,dbfs:/Volumes/dbacademy/default/myvolume/Project%20Sentinel/upi_transactions.csv,High Response Time
aed1e21a-15c0-4b27-b9fe-b22ecf2cb977,2026-06-26 01:37:34,HDFC,SBI,ne****05@okhdfc,ka****14@oksbi,27088.0,P2P,SUCCESS,BANGALORE,KARNATAKA,DEV100128,2900,,2026-07-12 18:25:28.953779,dbfs:/Volumes/dbacademy/default/myvolume/Project%20Sentinel/upi_transactions.csv,High Response Time
720391ee-648b-4869-96df-ddddfa126f02,2026-06-26 09:03:45,ICICI,HDFC,vi****95@icici,po****76@okhdfc,30035.0,P2P,SUCCESS,DELHI,DELHI,DEV100060,2866,,2026-07-12 18:25:28.953779,dbfs:/Volumes/dbacademy/default/myvolume/Project%20Sentinel/upi_transactions.csv,High Response Time
15343738-f334-44b9-a4c8-7de6849351ce,2026-07-08 10:10:46,SBI,ICICI,ka****74@oksbi,an****06@icici,19477.0,MERCHANT,SUCCESS,AHMEDABAD,GUJARAT,DEV100061,2988,,2026-07-12 18:25:28.953779,dbfs:/Volumes/dbacademy/default/myvolume/Project%20Sentinel/upi_transactions.csv,High Response Time
cc6ffeb2-2bc6-49b7-b474-abd412fa5362,2026-06-13 20:24:04,ICICI,SBI,ar****04@icici,ri****07@oksbi,47941.0,BILL PAYMENT,SUCCESS,INDORE,MADHYA PRADESH,DEV100153,2993,,2026-07-12 18:25:28.953779,dbfs:/Volumes/dbacademy/default/myvolume/Project%20Sentinel/upi_transactions.csv,High Response Time
a5336c5b-c2f0-41c3-baf8-1bc094cb386b,2026-06-30 07:44:54,ICICI,HDFC,po****68@icici,an****96@okhdfc,42550.0,RECHARGE,SUCCESS,DELHI,DELHI,DEV100026,2987,,2026-07-12 18:25:28.953779,dbfs:/Volumes/dbacademy/default/myvolume/Project%20Sentinel/upi_transactions.csv,High Response Time
d38ea739-ed2a-4aef-8460-26037fb830a9,2026-06-29 01:10:12,HDFC,AXIS,pr****93@okhdfc,si****16@axis,13571.0,P2P,SUCCESS,BANGALORE,KARNATAKA,DEV100159,2977,,2026-07-12 18:25:28.953779,dbfs:/Volumes/dbacademy/default/myvolume/Project%20Sentinel/upi_transactions.csv,High Response Time
f0029bf7-4258-4b6f-a739-232dc7b3db33,2026-07-06 22:01:34,SBI,ICICI,ka****90@oksbi,an****76@icici,46305.0,P2P,SUCCESS,JAIPUR,RAJASTHAN,DEV100178,2995,,2026-07-12 18:25:28.953779,dbfs:/Volumes/dbacademy/default/myvolume/Project%20Sentinel/upi_transactions.csv,High Response Time
2a904d59-db9c-4c59-b9ae-a78df446cab8,2026-06-15 18:29:10,AXIS,SBI,pr****66@axis,am****05@oksbi,42423.0,MERCHANT,SUCCESS,MUMBAI,MAHARASHTRA,DEV100051,2987,,2026-07-12 18:25:28.953779,dbfs:/Volumes/dbacademy/default/myvolume/Project%20Sentinel/upi_transactions.csv,High Response Time
73bb0abe-8432-4d5f-849f-73ab70451da8,2026-06-14 10:02:31,SBI,AXIS,ri****58@oksbi,pr****29@axis,19833.0,RECHARGE,SUCCESS,PUNE,MAHARASHTRA,DEV100127,2950,,2026-07-12 18:25:28.953779,dbfs:/Volumes/dbacademy/default/myvolume/Project%20Sentinel/upi_transactions.csv,High Response Time
b30c9a8d-c01f-420b-ac02-ce4f7354fd99,2026-07-09 17:27:52,HDFC,ICICI,sn****66@okhdfc,ma****85@icici,9358.0,P2P,SUCCESS,DELHI,DELHI,DEV100017,2940,,2026-07-12 18:25:28.953779,dbfs:/Volumes/dbacademy/default/myvolume/Project%20Sentinel/upi_transactions.csv,High Response Time
134441d2-01e9-498c-a31e-2bff180042f5,2026-07-01 10:25:06,AXIS,ICICI,ar****85@axis,ne****88@icici,10739.0,P2P,SUCCESS,BANGALORE,KARNATAKA,DEV100107,2906,,2026-07-12 18:25:28.953779,dbfs:/Volumes/dbacademy/default/myvolume/Project%20Sentinel/upi_transactions.csv,High Response Time
d8bd8aaf-c009-4248-abca-e61a28f4a313,2026-06-13 14:32:56,HDFC,AXIS,ka****28@okhdfc,pr****21@axis,38250.0,MERCHANT,SUCCESS,INDORE,MADHYA PRADESH,DEV100101,2899,,2026-07-12 18:25:28.953779,dbfs:/Volumes/dbacademy/default/myvolume/Project%20Sentinel/upi_transactions.csv,High Response Time
a41ca3a3-c997-40cf-97f6-7e710ef50019,2026-07-01 01:06:12,SBI,HDFC,ni****76@oksbi,vi****49@okhdfc,15695.0,P2P,SUCCESS,JAIPUR,RAJASTHAN,DEV100158,2887,,2026-07-12 18:25:28.953779,dbfs:/Volumes/dbacademy/default/myvolume/Project%20Sentinel/upi_transactions.csv,High Response Time
2b3765ed-e699-484f-ae42-da386ab08a9a,2026-06-27 02:52:23,SBI,ICICI,ka****08@oksbi,pr****78@icici,38531.0,P2P,SUCCESS,MUMBAI,MAHARASHTRA,DEV100016,2941,,2026-07-12 18:25:28.953779,dbfs:/Volumes/dbacademy/default/myvolume/Project%20Sentinel/upi_transactions.csv,High Response Time
311b684a-9f9a-4a61-b843-978a2cd9bbcc,2026-07-02 12:10:29,HDFC,AXIS,di****79@okhdfc,ri****91@axis,6821.0,P2P,SUCCESS,INDORE,MADHYA PRADESH,DEV100026,2856,,2026-07-12 18:25:28.953779,dbfs:/Volumes/dbacademy/default/myvolume/Project%20Sentinel/upi_transactions.csv,High Response Time
2e556d6f-7383-4115-b108-346916aeb070,2026-07-05 20:09:11,SBI,HDFC,ka****90@oksbi,di****07@okhdfc,25356.0,MERCHANT,SUCCESS,JAIPUR,RAJASTHAN,DEV100128,2928,,2026-07-12 18:25:28.953779,dbfs:/Volumes/dbacademy/default/myvolume/Project%20Sentinel/upi_transactions.csv,High Response Time
4ece0040-031f-4447-bfa9-7be84e66b2d7,2026-06-28 03:08:26,AXIS,HDFC,si****03@axis,ha****01@okhdfc,4075.0,RECHARGE,SUCCESS,HYDERABAD,TELANGANA,DEV100053,2984,,2026-07-12 18:25:28.953779,dbfs:/Volumes/dbacademy/default/myvolume/Project%20Sentinel/upi_transactions.csv,High Response Time
14638dca-55cc-4739-9ad0-7544f14cc167,2026-06-16 18:21:04,ICICI,SBI,ha****20@icici,vi****01@oksbi,47098.0,P2P,SUCCESS,PUNE,MAHARASHTRA,DEV100018,2851,,2026-07-12 18:25:28.953779,dbfs:/Volumes/dbacademy/default/myvolume/Project%20Sentinel/upi_transactions.csv,High Response Time
a41b7da9-7931-42c9-a1a1-5ee13ebc269e,2026-06-21 02:13:24,AXIS,ICICI,ri****92@axis,vi****25@icici,17406.0,P2P,SUCCESS,PUNE,MAHARASHTRA,DEV100016,2900,,2026-07-12 18:25:28.953779,dbfs:/Volumes/dbacademy/default/myvolume/Project%20Sentinel/upi_transactions.csv,High Response Time
e672f75b-81fa-44a2-b4aa-141496bc7950,2026-06-16 09:21:08,ICICI,AXIS,ni****83@icici,ne****39@axis,33646.0,MERCHANT,SUCCESS,PUNE,MAHARASHTRA,DEV100053,2872,,2026-07-12 18:25:28.953779,dbfs:/Volumes/dbacademy/default/myvolume/Project%20Sentinel/upi_transactions.csv,High Response Time
e14efc0b-03d5-4b0d-bbc6-b694d82cd220,2026-07-05 08:01:52,ICICI,AXIS,ka****30@icici,ka****59@axis,3176.0,RECHARGE,SUCCESS,PUNE,MAHARASHTRA,DEV100161,2925,,2026-07-12 18:25:28.953779,dbfs:/Volumes/dbacademy/default/myvolume/Project%20Sentinel/upi_transactions.csv,High Response Time
c781ab32-95cb-4b07-9b51-3ee54146c34e,2026-07-03 21:56:31,ICICI,HDFC,ka****96@icici,ha****58@okhdfc,28580.0,P2P,SUCCESS,JAIPUR,RAJASTHAN,DEV100106,2909,,2026-07-12 18:25:28.953779,dbfs:/Volumes/dbacademy/default/myvolume/Project%20Sentinel/upi_transactions.csv,High Response Time
99be6dab-1912-449d-b673-1e5b5e3ddca5,2026-06-23 11:18:51,SBI,HDFC,ka****91@oksbi,ka****08@okhdfc,34287.0,BILL PAYMENT,SUCCESS,DELHI,DELHI,DEV100079,2889,,2026-07-12 18:25:28.953779,dbfs:/Volumes/dbacademy/default/myvolume/Project%20Sentinel/upi_transactions.csv,High Response Time
ec621b84-3499-48de-b593-367b23730845,2026-07-01 18:42:36,SBI,AXIS,ri****83@oksbi,po****16@axis,6206.0,P2P,SUCCESS,JAIPUR,RAJASTHAN,DEV100160,2945,,2026-07-12 18:25:28.953779,dbfs:/Volumes/dbacademy/default/myvolume/Project%20Sentinel/upi_transactions.csv,High Response Time
e5a98de4-85e2-4921-9c76-dcf39d2caa72,2026-07-04 03:53:37,HDFC,ICICI,pr****44@okhdfc,po****34@icici,39151.0,P2P,SUCCESS,AHMEDABAD,GUJARAT,DEV100059,2877,,2026-07-12 18:25:28.953779,dbfs:/Volumes/dbacademy/default/myvolume/Project%20Sentinel/upi_transactions.csv,High Response Time
7e9f4f26-db70-43eb-8d4e-2b8575b22d38,2026-06-14 23:47:26,ICICI,SBI,po****96@icici,sn****85@oksbi,1847.0,P2P,SUCCESS,INDORE,MADHYA PRADESH,DEV100053,2925,,2026-07-12 18:25:28.953779,dbfs:/Volumes/dbacademy/default/myvolume/Project%20Sentinel/upi_transactions.csv,High Response Time
f345de04-c73d-4fc7-b970-4df367370933,2026-06-25 12:50:59,HDFC,ICICI,ka****61@okhdfc,ni****07@icici,21879.0,RECHARGE,SUCCESS,AHMEDABAD,GUJARAT,DEV100096,2964,,2026-07-12 18:25:28.953779,dbfs:/Volumes/dbacademy/default/myvolume/Project%20Sentinel/upi_transactions.csv,High Response Time
b880c767-7222-4e3b-9af7-a6afb7ed76a3,2026-06-27 19:58:27,SBI,ICICI,ka****85@oksbi,pr****42@icici,38079.0,P2P,SUCCESS,BANGALORE,KARNATAKA,DEV100170,2969,,2026-07-12 18:25:28.953779,dbfs:/Volumes/dbacademy/default/myvolume/Project%20Sentinel/upi_transactions.csv,High Response Time
57e3aaa5-e569-4886-85c3-8f90d3d0a8ae,2026-06-15 17:56:30,ICICI,HDFC,ar****81@icici,ro****57@okhdfc,26446.0,P2P,SUCCESS,JAIPUR,RAJASTHAN,DEV100024,2992,,2026-07-12 18:25:28.953779,dbfs:/Volumes/dbacademy/default/myvolume/Project%20Sentinel/upi_transactions.csv,High Response Time
cc87566e-ef78-4909-a6e3-7048d2c06733,2026-06-26 07:58:01,AXIS,ICICI,ka****42@axis,an****92@icici,33706.0,P2P,SUCCESS,HYDERABAD,TELANGANA,DEV100034,2965,,2026-07-12 18:25:28.953779,dbfs:/Volumes/dbacademy/default/myvolume/Project%20Sentinel/upi_transactions.csv,High Response Time
c8095db3-b35e-4a19-999d-3b03a21e460f,2026-06-30 23:41:30,HDFC,SBI,ka****88@okhdfc,vi****28@oksbi,1757.0,P2P,SUCCESS,MUMBAI,MAHARASHTRA,DEV100036,2889,,2026-07-12 18:25:28.953779,dbfs:/Volumes/dbacademy/default/myvolume/Project%20Sentinel/upi_transactions.csv,High Response Time
86e4d2a7-b99b-472b-8364-ba784f757552,2026-06-26 03:36:14,SBI,HDFC,ni****89@oksbi,ma****56@okhdfc,21224.0,BILL PAYMENT,SUCCESS,AHMEDABAD,GUJARAT,DEV100122,2851,,2026-07-12 18:25:28.953779,dbfs:/Volumes/dbacademy/default/myvolume/Project%20Sentinel/upi_transactions.csv,High Response Time
a5ca593d-3c71-4b7a-b33d-d717758a4908,2026-06-15 06:55:03,SBI,AXIS,po****48@oksbi,vi****61@axis,30765.0,MERCHANT,SUCCESS,DELHI,DELHI,DEV100006,2911,,2026-07-12 18:25:28.953779,dbfs:/Volumes/dbacademy/default/myvolume/Project%20Sentinel/upi_transactions.csv,High Response Time
077f3d6e-4211-455a-815a-e110790592fb,2026-07-11 15:18:47,SBI,HDFC,vi****26@oksbi,vi****79@okhdfc,30398.0,BILL PAYMENT,SUCCESS,BANGALORE,KARNATAKA,DEV100061,2937,,2026-07-12 18:25:28.953779,dbfs:/Volumes/dbacademy/default/myvolume/Project%20Sentinel/upi_transactions.csv,High Response Time
689acb6d-4512-450a-ad63-7940288a975c,2026-06-23 05:34:46,ICICI,SBI,ha****97@icici,ar****54@oksbi,21325.0,P2P,SUCCESS,AHMEDABAD,GUJARAT,DEV100133,2962,,2026-07-12 18:25:28.953779,dbfs:/Volumes/dbacademy/default/myvolume/Project%20Sentinel/upi_transactions.csv,High Response Time
868e3c32-b8c8-4e94-b0c6-0130e0f355a7,2026-07-02 00:27:27,AXIS,HDFC,ni****01@axis,di****33@okhdfc,9399.0,MERCHANT,SUCCESS,BANGALORE,KARNATAKA,DEV100091,2929,,2026-07-12 18:25:28.953779,dbfs:/Volumes/dbacademy/default/myvolume/Project%20Sentinel/upi_transactions.csv,High Response Time
975b91b2-ad85-4ada-bf53-9e098a5bdacb,2026-07-02 12:15:35,AXIS,SBI,ka****94@axis,ka****46@oksbi,39360.0,P2P,SUCCESS,INDORE,MADHYA PRADESH,DEV100194,2929,,2026-07-12 18:25:28.953779,dbfs:/Volumes/dbacademy/default/myvolume/Project%20Sentinel/upi_transactions.csv,High Response Time
a07c3f1d-f5e3-4054-8a97-f9f57fb1152b,2026-06-24 17:52:43,ICICI,SBI,ro****66@icici,ka****30@oksbi,7993.0,BILL PAYMENT,SUCCESS,HYDERABAD,TELANGANA,DEV100176,2925,,2026-07-12 18:25:28.953779,dbfs:/Volumes/dbacademy/default/myvolume/Project%20Sentinel/upi_transactions.csv,High Response Time
159788b8-0d9d-4f39-9247-ebc7dd9e6464,2026-06-29 06:09:42,HDFC,SBI,pr****45@okhdfc,ar****09@oksbi,6480.0,P2P,SUCCESS,AHMEDABAD,GUJARAT,DEV100109,2939,,2026-07-12 18:25:28.953779,dbfs:/Volumes/dbacademy/default/myvolume/Project%20Sentinel/upi_transactions.csv,High Response Time
915b6ba9-c8a1-4749-91ce-4c91e0fc1aef,2026-07-09 08:19:53,ICICI,HDFC,ha****80@icici,ri****55@okhdfc,29620.0,P2P,SUCCESS,PUNE,MAHARASHTRA,DEV100190,2933,,2026-07-12 18:25:28.953779,dbfs:/Volumes/dbacademy/default/myvolume/Project%20Sentinel/upi_transactions.csv,High Response Time
d92d2116-1bff-4886-b229-3dcae3980c12,2026-07-12 04:36:10,AXIS,ICICI,ka****40@axis,si****58@icici,8368.0,RECHARGE,SUCCESS,HYDERABAD,TELANGANA,DEV100072,2883,,2026-07-12 18:25:28.953779,dbfs:/Volumes/dbacademy/default/myvolume/Project%20Sentinel/upi_transactions.csv,High Response Time
2ab210ef-c8cd-4e78-b524-32f44f1f14bc,2026-07-07 18:44:25,SBI,ICICI,ne****62@oksbi,si****97@icici,47394.0,P2P,SUCCESS,INDORE,MADHYA PRADESH,DEV100046,2884,,2026-07-12 18:25:28.953779,dbfs:/Volumes/dbacademy/default/myvolume/Project%20Sentinel/upi_transactions.csv,High Response Time
eee2c474-b764-48a4-91ac-42e5dcda1624,2026-07-05 07:02:57,AXIS,HDFC,ra****45@axis,am****54@okhdfc,17032.0,P2P,SUCCESS,PUNE,MAHARASHTRA,DEV100141,2874,,2026-07-12 18:25:28.953779,dbfs:/Volumes/dbacademy/default/myvolume/Project%20Sentinel/upi_transactions.csv,High Response Time
7fe88c96-ebcc-4613-ad6a-999345aa907e,2026-07-04 15:11:47,AXIS,HDFC,ra****56@axis,ka****76@okhdfc,38643.0,RECHARGE,SUCCESS,INDORE,MADHYA PRADESH,DEV100109,2931,,2026-07-12 18:25:28.953779,dbfs:/Volumes/dbacademy/default/myvolume/Project%20Sentinel/upi_transactions.csv,High Response Time
98852494-ab39-405c-8764-7bcc4f2d4262,2026-07-12 08:23:53,ICICI,AXIS,ha****31@icici,di****90@axis,2219.0,P2P,SUCCESS,JAIPUR,RAJASTHAN,DEV100116,2982,,2026-07-12 18:25:28.953779,dbfs:/Volumes/dbacademy/default/myvolume/Project%20Sentinel/upi_transactions.csv,High Response Time
8577964e-778b-4b7e-bdba-7b28ea3afcea,2026-07-07 15:36:52,SBI,HDFC,am****40@oksbi,ne****63@okhdfc,36948.0,BILL PAYMENT,SUCCESS,HYDERABAD,TELANGANA,DEV100017,2986,,2026-07-12 18:25:28.953779,dbfs:/Volumes/dbacademy/default/myvolume/Project%20Sentinel/upi_transactions.csv,High Response Time
c55bbc71-d039-4446-b1cd-82acb793dc7d,2026-06-18 10:09:01,ICICI,SBI,ro****07@icici,ar****69@oksbi,36554.0,RECHARGE,SUCCESS,PUNE,MAHARASHTRA,DEV100006,2903,,2026-07-12 18:25:28.953779,dbfs:/Volumes/dbacademy/default/myvolume/Project%20Sentinel/upi_transactions.csv,High Response Time
bfcbc079-574c-48e5-b8c2-226b99541690,2026-07-03 01:57:44,SBI,HDFC,ar****58@oksbi,ne****96@okhdfc,31648.0,P2P,SUCCESS,DELHI,DELHI,DEV100025,2987,,2026-07-12 18:25:28.953779,dbfs:/Volumes/dbacademy/default/myvolume/Project%20Sentinel/upi_transactions.csv,High Response Time
ad42c649-0f5a-43a1-8037-c9ea55bfde9a,2026-06-21 22:13:08,HDFC,SBI,ha****86@okhdfc,pr****12@oksbi,1471.0,P2P,SUCCESS,PUNE,MAHARASHTRA,DEV100193,2885,,2026-07-12 18:25:28.953779,dbfs:/Volumes/dbacademy/default/myvolume/Project%20Sentinel/upi_transactions.csv,High Response Time
6139a06c-18b1-4d90-9a62-627aafaad4ed,2026-07-03 08:49:18,HDFC,SBI,ro****79@okhdfc,ne****34@oksbi,10517.0,P2P,SUCCESS,PUNE,MAHARASHTRA,DEV100134,2907,,2026-07-12 18:25:28.953779,dbfs:/Volumes/dbacademy/default/myvolume/Project%20Sentinel/upi_transactions.csv,High Response Time
5192aa03-03cb-46bc-8754-b49d7c09baee,2026-06-24 01:44:59,ICICI,HDFC,di****48@icici,ri****63@okhdfc,41045.0,RECHARGE,SUCCESS,INDORE,MADHYA PRADESH,DEV100178,2875,,2026-07-12 18:25:28.953779,dbfs:/Volumes/dbacademy/default/myvolume/Project%20Sentinel/upi_transactions.csv,High Response Time
21c8615c-6521-49a2-be6f-a91231f54c29,2026-06-25 21:53:54,HDFC,SBI,ka****67@okhdfc,ne****66@oksbi,1693.0,MERCHANT,FAILED,INDORE,MADHYA PRADESH,DEV100080,2978,Bank Server Down,2026-07-12 18:25:28.953779,dbfs:/Volumes/dbacademy/default/myvolume/Project%20Sentinel/upi_transactions.csv,High Response Time
420de10c-1dde-4ab9-97ba-36262912e143,2026-07-06 08:08:03,HDFC,SBI,ka****71@okhdfc,an****44@oksbi,9377.0,P2P,SUCCESS,PUNE,MAHARASHTRA,DEV100152,2929,,2026-07-12 18:25:28.953779,dbfs:/Volumes/dbacademy/default/myvolume/Project%20Sentinel/upi_transactions.csv,High Response Time
fc07b62a-319a-4bdd-9849-47103d7c457e,2026-06-29 19:10:33,HDFC,AXIS,ri****06@okhdfc,am****61@axis,15887.0,RECHARGE,SUCCESS,MUMBAI,MAHARASHTRA,DEV100135,2960,,2026-07-12 18:25:28.953779,dbfs:/Volumes/dbacademy/default/myvolume/Project%20Sentinel/upi_transactions.csv,High Response Time
3e137064-012d-4359-b1a6-83be785bd5c3,2026-07-11 20:23:09,ICICI,AXIS,vi****20@icici,ar****32@axis,43707.0,P2P,SUCCESS,PUNE,MAHARASHTRA,DEV100083,2945,,2026-07-12 18:25:28.953779,dbfs:/Volumes/dbacademy/default/myvolume/Project%20Sentinel/upi_transactions.csv,High Response Time
a84307bc-a59a-4a4d-b2f8-98a4a43d388f,2026-06-21 15:48:34,SBI,AXIS,ma****80@oksbi,di****06@axis,43600.0,P2P,SUCCESS,INDORE,MADHYA PRADESH,DEV100040,2930,,2026-07-12 18:25:28.953779,dbfs:/Volumes/dbacademy/default/myvolume/Project%20Sentinel/upi_transactions.csv,High Response Time
2a91baac-dbc8-49e6-a88f-135d77aa8e8e,2026-06-29 02:19:52,HDFC,ICICI,ni****88@okhdfc,vi****04@icici,23620.0,RECHARGE,SUCCESS,AHMEDABAD,GUJARAT,DEV100077,2894,,2026-07-12 18:25:28.953779,dbfs:/Volumes/dbacademy/default/myvolume/Project%20Sentinel/upi_transactions.csv,High Response Time
7de9a4cb-904a-4c70-a562-c4685e1321c7,2026-06-24 00:02:03,ICICI,HDFC,ne****81@icici,ka****03@okhdfc,24773.0,BILL PAYMENT,SUCCESS,AHMEDABAD,GUJARAT,DEV100021,2870,,2026-07-12 18:25:28.953779,dbfs:/Volumes/dbacademy/default/myvolume/Project%20Sentinel/upi_transactions.csv,High Response Time
5f197d67-c63d-4025-a8dd-8a6f457493b7,2026-07-11 16:08:29,ICICI,AXIS,ma****33@icici,ma****59@axis,20909.0,P2P,SUCCESS,DELHI,DELHI,DEV100108,2925,,2026-07-12 18:25:28.953779,dbfs:/Volumes/dbacademy/default/myvolume/Project%20Sentinel/upi_transactions.csv,High Response Time
261d886a-6135-448e-b7c1-cd27a9d53aff,2026-07-09 11:15:24,ICICI,HDFC,an****01@icici,vi****08@okhdfc,42352.0,P2P,SUCCESS,BANGALORE,KARNATAKA,DEV100079,2983,,2026-07-12 18:25:28.953779,dbfs:/Volumes/dbacademy/default/myvolume/Project%20Sentinel/upi_transactions.csv,High Response Time
97c1909f-72b8-45e2-8656-ecca2b7c5117,2026-06-23 20:33:24,AXIS,ICICI,an****08@axis,ra****57@icici,3603.0,MERCHANT,SUCCESS,PUNE,MAHARASHTRA,DEV100151,2927,,2026-07-12 18:25:28.953779,dbfs:/Volumes/dbacademy/default/myvolume/Project%20Sentinel/upi_transactions.csv,High Response Time
5bd035d7-14d1-4352-88f1-22f68b1bd682,2026-06-25 19:15:51,HDFC,ICICI,ka****34@okhdfc,an****25@icici,45368.0,MERCHANT,SUCCESS,AHMEDABAD,GUJARAT,DEV100010,2955,,2026-07-12 18:25:28.953779,dbfs:/Volumes/dbacademy/default/myvolume/Project%20Sentinel/upi_transactions.csv,High Response Time
8148c4e3-4461-4351-abef-493f8183179e,2026-07-08 01:54:51,AXIS,HDFC,ka****59@axis,si****19@okhdfc,43109.0,RECHARGE,SUCCESS,PUNE,MAHARASHTRA,DEV100019,2944,,2026-07-12 18:25:28.953779,dbfs:/Volumes/dbacademy/default/myvolume/Project%20Sentinel/upi_transactions.csv,High Response Time
ddbc571e-8650-4ce9-9cdb-4fa6412ac1cc,2026-06-26 00:20:54,AXIS,HDFC,ar****34@axis,pr****26@okhdfc,47311.0,P2P,SUCCESS,INDORE,MADHYA PRADESH,DEV100119,2982,,2026-07-12 18:25:28.953779,dbfs:/Volumes/dbacademy/default/myvolume/Project%20Sentinel/upi_transactions.csv,High Response Time
082d3135-ea40-41df-821e-ac476e50e779,2026-07-03 20:55:16,HDFC,AXIS,ro****27@okhdfc,ar****10@axis,33148.0,P2P,SUCCESS,PUNE,MAHARASHTRA,DEV100157,2912,,2026-07-12 18:25:28.953779,dbfs:/Volumes/dbacademy/default/myvolume/Project%20Sentinel/upi_transactions.csv,High Response Time
f792111a-9492-4235-8f11-d121094c0476,2026-06-29 20:48:19,HDFC,AXIS,ka****99@okhdfc,ka****44@axis,23689.0,MERCHANT,SUCCESS,JAIPUR,RAJASTHAN,DEV100009,2963,,2026-07-12 18:25:28.953779,dbfs:/Volumes/dbacademy/default/myvolume/Project%20Sentinel/upi_transactions.csv,High Response Time
390f89ed-e7de-43ff-8299-0d9dc8502232,2026-06-19 09:52:44,AXIS,SBI,po****01@axis,ri****53@oksbi,37623.0,MERCHANT,SUCCESS,BANGALORE,KARNATAKA,DEV100008,2966,,2026-07-12 18:25:28.953779,dbfs:/Volumes/dbacademy/default/myvolume/Project%20Sentinel/upi_transactions.csv,High Response Time
9fc0645e-f70d-42c1-bd52-343bd9994323,2026-06-26 13:28:24,ICICI,HDFC,ni****49@icici,ro****88@okhdfc,23893.0,MERCHANT,SUCCESS,MUMBAI,MAHARASHTRA,DEV100007,2893,,2026-07-12 18:25:28.953779,dbfs:/Volumes/dbacademy/default/myvolume/Project%20Sentinel/upi_transactions.csv,High Response Time
74054dbc-02dd-4e2a-be9e-1615a2fabf0c,2026-07-04 06:41:54,SBI,ICICI,ha****76@oksbi,am****88@icici,22662.0,P2P,SUCCESS,AHMEDABAD,GUJARAT,DEV100162,2937,,2026-07-12 18:25:28.953779,dbfs:/Volumes/dbacademy/default/myvolume/Project%20Sentinel/upi_transactions.csv,High Response Time
9009e92c-8389-4a50-9940-d2fbc609c56e,2026-07-05 07:31:20,SBI,HDFC,ar****35@oksbi,ne****59@okhdfc,2942.0,BILL PAYMENT,SUCCESS,BANGALORE,KARNATAKA,DEV100041,2883,,2026-07-12 18:25:28.953779,dbfs:/Volumes/dbacademy/default/myvolume/Project%20Sentinel/upi_transactions.csv,High Response Time
55d6c4ca-4b1a-4c10-bb80-6f63b8aa1ef2,2026-06-21 18:36:29,AXIS,SBI,sn****61@axis,ka****58@oksbi,26749.0,P2P,SUCCESS,DELHI,DELHI,DEV100090,2932,,2026-07-12 18:25:28.953779,dbfs:/Volumes/dbacademy/default/myvolume/Project%20Sentinel/upi_transactions.csv,High Response Time
ab6891a6-ac29-45a7-ae8b-dac99e06f39b,2026-07-12 04:35:29,AXIS,HDFC,ha****82@axis,ka****89@okhdfc,8523.0,P2P,SUCCESS,JAIPUR,RAJASTHAN,DEV100056,2944,,2026-07-12 18:25:28.953779,dbfs:/Volumes/dbacademy/default/myvolume/Project%20Sentinel/upi_transactions.csv,High Response Time
2900ac33-5565-4716-a2bb-8f47181a197e,2026-06-17 04:28:18,SBI,HDFC,ka****01@oksbi,vi****24@okhdfc,38636.0,MERCHANT,SUCCESS,HYDERABAD,TELANGANA,DEV100124,2856,,2026-07-12 18:25:28.953779,dbfs:/Volumes/dbacademy/default/myvolume/Project%20Sentinel/upi_transactions.csv,High Response Time
923e16ad-fcea-42ac-9ac2-b25ee1fe079b,2026-07-08 08:45:25,HDFC,SBI,ni****19@okhdfc,ha****47@oksbi,931.0,P2P,SUCCESS,BANGALORE,KARNATAKA,DEV100031,2862,,2026-07-12 18:25:28.953779,dbfs:/Volumes/dbacademy/default/myvolume/Project%20Sentinel/upi_transactions.csv,High Response Time
d0990ff6-6678-462d-a314-d93422e6e581,2026-06-25 09:43:01,SBI,ICICI,am****92@oksbi,ra****63@icici,1143.0,BILL PAYMENT,SUCCESS,AHMEDABAD,GUJARAT,DEV100034,2916,,2026-07-12 18:25:28.953779,dbfs:/Volumes/dbacademy/default/myvolume/Project%20Sentinel/upi_transactions.csv,High Response Time
e155b7cc-fc8c-4e89-b1ad-2a073c9f0e2b,2026-07-12 05:22:10,HDFC,AXIS,ro****91@okhdfc,ra****07@axis,25221.0,P2P,SUCCESS,MUMBAI,MAHARASHTRA,DEV100148,2971,,2026-07-12 18:25:28.953779,dbfs:/Volumes/dbacademy/default/myvolume/Project%20Sentinel/upi_transactions.csv,High Response Time
5463ed82-5f23-401a-b8a4-363f49dd6b47,2026-07-08 02:52:08,SBI,HDFC,po****54@oksbi,ni****06@okhdfc,8118.0,P2P,SUCCESS,DELHI,DELHI,DEV100107,2986,,2026-07-12 18:25:28.953779,dbfs:/Volumes/dbacademy/default/myvolume/Project%20Sentinel/upi_transactions.csv,High Response Time
125615a2-7325-4a15-b5b7-b6d25a262b71,2026-06-26 19:58:29,SBI,ICICI,vi****33@oksbi,ha****55@icici,25821.0,P2P,SUCCESS,AHMEDABAD,GUJARAT,DEV100082,2942,,2026-07-12 18:25:28.953779,dbfs:/Volumes/dbacademy/default/myvolume/Project%20Sentinel/upi_transactions.csv,High Response Time
a22ff9e0-de91-4d6e-b7ad-5e7900419361,2026-06-17 01:18:05,AXIS,ICICI,pr****38@axis,po****75@icici,10013.0,MERCHANT,SUCCESS,PUNE,MAHARASHTRA,DEV100033,2935,,2026-07-12 18:25:28.953779,dbfs:/Volumes/dbacademy/default/myvolume/Project%20Sentinel/upi_transactions.csv,High Response Time
27b46f2e-a9c7-440d-a1b5-504db07df470,2026-07-05 15:12:08,ICICI,AXIS,ro****46@icici,ka****33@axis,21606.0,P2P,SUCCESS,PUNE,MAHARASHTRA,DEV100143,2888,,2026-07-12 18:25:28.953779,dbfs:/Volumes/dbacademy/default/myvolume/Project%20Sentinel/upi_transactions.csv,High Response Time
a22b8796-387b-4724-a2fe-15b03b31b8d0,2026-06-29 10:08:49,SBI,AXIS,ni****03@oksbi,ar****47@axis,15220.0,MERCHANT,SUCCESS,AHMEDABAD,GUJARAT,DEV100196,2921,,2026-07-12 18:25:28.953779,dbfs:/Volumes/dbacademy/default/myvolume/Project%20Sentinel/upi_transactions.csv,High Response Time
275f3f5e-2bec-468b-b2d2-82c755b48196,2026-06-18 18:35:18,HDFC,AXIS,ar****73@okhdfc,ra****60@axis,35915.0,P2P,SUCCESS,JAIPUR,RAJASTHAN,DEV100014,2911,,2026-07-12 18:25:28.953779,dbfs:/Volumes/dbacademy/default/myvolume/Project%20Sentinel/upi_transactions.csv,High Response Time
06ae035b-527b-4b45-8f98-74fda267d38b,2026-06-25 19:48:01,HDFC,AXIS,si****40@okhdfc,ar****55@axis,45911.0,P2P,SUCCESS,BANGALORE,KARNATAKA,DEV100129,2987,,2026-07-12 18:25:28.953779,dbfs:/Volumes/dbacademy/default/myvolume/Project%20Sentinel/upi_transactions.csv,High Response Time
00258449-2d8b-4e71-8efb-6cc6f3c96bdf,2026-07-06 06:30:39,SBI,AXIS,ha****87@oksbi,ma****41@axis,24297.0,P2P,SUCCESS,DELHI,DELHI,DEV100089,2940,,2026-07-12 18:25:28.953779,dbfs:/Volumes/dbacademy/default/myvolume/Project%20Sentinel/upi_transactions.csv,High Response Time
f68b1b6e-9fa0-4c5d-863d-dd155341becd,2026-06-30 06:11:57,ICICI,HDFC,po****92@icici,ro****20@okhdfc,5198.0,RECHARGE,SUCCESS,JAIPUR,RAJASTHAN,DEV100048,2992,,2026-07-12 18:25:28.953779,dbfs:/Volumes/dbacademy/default/myvolume/Project%20Sentinel/upi_transactions.csv,High Response Time
6fe4cb2a-d119-4177-b858-d7720e1568b0,2026-06-22 12:41:29,ICICI,SBI,vi****52@icici,am****22@oksbi,28123.0,P2P,SUCCESS,INDORE,MADHYA PRADESH,DEV100085,2966,,2026-07-12 18:25:28.953779,dbfs:/Volumes/dbacademy/default/myvolume/Project%20Sentinel/upi_transactions.csv,High Response Time
52fd99f8-040d-4485-8a93-27c8aae28492,2026-06-15 12:05:07,HDFC,SBI,si****91@okhdfc,ka****09@oksbi,1998.0,BILL PAYMENT,SUCCESS,PUNE,MAHARASHTRA,DEV100159,2891,,2026-07-12 18:25:28.953779,dbfs:/Volumes/dbacademy/default/myvolume/Project%20Sentinel/upi_transactions.csv,High Response Time
08959306-9f9d-4bce-8c45-5dcce6c3fb04,2026-07-05 23:11:26,ICICI,SBI,ri****33@icici,ha****05@oksbi,39148.0,P2P,SUCCESS,MUMBAI,MAHARASHTRA,DEV100151,2957,,2026-07-12 18:25:28.953779,dbfs:/Volumes/dbacademy/default/myvolume/Project%20Sentinel/upi_transactions.csv,High Response Time
950bc001-8ce9-4ba5-999d-0ed4298ed63c,2026-06-13 08:45:04,HDFC,SBI,ra****46@okhdfc,ri****18@oksbi,35636.0,P2P,SUCCESS,INDORE,MADHYA PRADESH,DEV100166,2998,,2026-07-12 18:25:28.953779,dbfs:/Volumes/dbacademy/default/myvolume/Project%20Sentinel/upi_transactions.csv,High Response Time
9f3466fb-2fee-432e-9c43-3a35603fa7c7,2026-06-18 09:36:24,ICICI,SBI,vi****83@icici,ni****80@oksbi,28921.0,P2P,SUCCESS,PUNE,MAHARASHTRA,DEV100097,2853,,2026-07-12 18:25:28.953779,dbfs:/Volumes/dbacademy/default/myvolume/Project%20Sentinel/upi_transactions.csv,High Response Time
00f1a7dd-812c-4199-b71d-72044ec5cc8d,2026-06-15 18:15:31,AXIS,HDFC,po****13@axis,ra****50@okhdfc,12301.0,P2P,SUCCESS,AHMEDABAD,GUJARAT,DEV100194,2950,,2026-07-12 18:25:28.953779,dbfs:/Volumes/dbacademy/default/myvolume/Project%20Sentinel/upi_transactions.csv,High Response Time
e69d9595-3b97-4ed1-9103-ad8956194a91,2026-06-18 15:03:01,HDFC,AXIS,ar****52@okhdfc,ka****27@axis,26840.0,BILL PAYMENT,FAILED,JAIPUR,RAJASTHAN,DEV100006,2934,Daily Limit Exceeded,2026-07-12 18:25:28.953779,dbfs:/Volumes/dbacademy/default/myvolume/Project%20Sentinel/upi_transactions.csv,High Response Time
088250b7-d757-449f-8f69-820a2a4b83c7,2026-06-26 11:06:58,AXIS,ICICI,ro****57@axis,si****63@icici,27561.0,MERCHANT,SUCCESS,INDORE,MADHYA PRADESH,DEV100093,2879,,2026-07-12 18:25:28.953779,dbfs:/Volumes/dbacademy/default/myvolume/Project%20Sentinel/upi_transactions.csv,High Response Time
3dab23af-9721-400f-b0b7-ddd89c00599a,2026-06-28 15:41:06,HDFC,ICICI,pr****50@okhdfc,ro****07@icici,27897.0,P2P,SUCCESS,PUNE,MAHARASHTRA,DEV100064,2956,,2026-07-12 18:25:28.953779,dbfs:/Volumes/dbacademy/default/myvolume/Project%20Sentinel/upi_transactions.csv,High Response Time
04190ba4-0f9d-4fe1-b151-1c15d60c6a34,2026-06-14 21:12:50,HDFC,AXIS,ma****34@okhdfc,ar****16@axis,32832.0,BILL PAYMENT,FAILED,MUMBAI,MAHARASHTRA,DEV100082,2992,Bank Server Down,2026-07-12 18:25:28.953779,dbfs:/Volumes/dbacademy/default/myvolume/Project%20Sentinel/upi_transactions.csv,High Response Time
9fd015e8-b437-4491-8155-1a102458e45f,2026-06-26 07:29:50,SBI,AXIS,ri****53@oksbi,ma****58@axis,23038.0,P2P,SUCCESS,PUNE,MAHARASHTRA,DEV100107,2982,,2026-07-12 18:25:28.953779,dbfs:/Volumes/dbacademy/default/myvolume/Project%20Sentinel/upi_transactions.csv,High Response Time
19e68ab3-5d7e-460d-8594-82e085be8e1c,2026-07-06 12:44:26,AXIS,SBI,pr****64@axis,sn****56@oksbi,33918.0,MERCHANT,SUCCESS,BANGALORE,KARNATAKA,DEV100070,2852,,2026-07-12 18:25:28.953779,dbfs:/Volumes/dbacademy/default/myvolume/Project%20Sentinel/upi_transactions.csv,High Response Time
bb7aa297-9fcf-4bd4-b6bf-ff1e50f10542,2026-06-27 02:05:20,AXIS,SBI,ka****96@axis,ri****46@oksbi,2078.0,P2P,SUCCESS,BANGALORE,KARNATAKA,DEV100057,2902,,2026-07-12 18:25:28.953779,dbfs:/Volumes/dbacademy/default/myvolume/Project%20Sentinel/upi_transactions.csv,High Response Time
7249be20-04e9-43a0-b07c-82a7d2cdfb97,2026-06-14 16:22:34,HDFC,ICICI,di****08@okhdfc,ka****80@icici,39323.0,RECHARGE,SUCCESS,BANGALORE,KARNATAKA,DEV100012,2889,,2026-07-12 18:25:28.953779,dbfs:/Volumes/dbacademy/default/myvolume/Project%20Sentinel/upi_transactions.csv,High Response Time
a9af3a1b-71f6-4f6f-8e61-246b63fd2b27,2026-06-17 02:21:27,ICICI,SBI,ra****90@icici,po****10@oksbi,36903.0,BILL PAYMENT,FAILED,HYDERABAD,TELANGANA,DEV100195,2912,,2026-07-12 18:25:28.953779,dbfs:/Volumes/dbacademy/default/myvolume/Project%20Sentinel/upi_transactions.csv,High Response Time
871a6cd9-3118-49b2-8d35-263e4fa253e3,2026-07-05 01:49:43,AXIS,SBI,po****06@axis,ni****90@oksbi,3060.0,P2P,SUCCESS,INDORE,MADHYA PRADESH,DEV100172,2904,,2026-07-12 18:25:28.953779,dbfs:/Volumes/dbacademy/default/myvolume/Project%20Sentinel/upi_transactions.csv,High Response Time
2998657a-59ff-4ea4-9fd2-bb600de00eb7,2026-07-02 05:37:01,AXIS,SBI,pr****35@axis,ni****56@oksbi,2504.0,P2P,SUCCESS,AHMEDABAD,GUJARAT,DEV100066,2867,,2026-07-12 18:25:28.953779,dbfs:/Volumes/dbacademy/default/myvolume/Project%20Sentinel/upi_transactions.csv,High Response Time
30ddd9de-a25d-4acd-94d2-67fe113dc181,2026-06-14 12:18:59,AXIS,HDFC,ro****37@axis,ra****21@okhdfc,38111.0,P2P,SUCCESS,HYDERABAD,TELANGANA,DEV100126,2888,,2026-07-12 18:25:28.953779,dbfs:/Volumes/dbacademy/default/myvolume/Project%20Sentinel/upi_transactions.csv,High Response Time
31434723-8cec-4dfb-aafb-2dab63a393ea,2026-06-30 22:17:03,HDFC,SBI,pr****81@okhdfc,pr****93@oksbi,25387.0,P2P,SUCCESS,MUMBAI,MAHARASHTRA,DEV100026,2938,,2026-07-12 18:25:28.953779,dbfs:/Volumes/dbacademy/default/myvolume/Project%20Sentinel/upi_transactions.csv,High Response Time
ac348293-8d80-4667-abb8-59f70f9df87b,2026-06-18 04:20:14,ICICI,AXIS,ri****02@icici,ri****13@axis,5262.0,RECHARGE,SUCCESS,HYDERABAD,TELANGANA,DEV100034,2935,,2026-07-12 18:25:28.953779,dbfs:/Volumes/dbacademy/default/myvolume/Project%20Sentinel/upi_transactions.csv,High Response Time
1a7fdf37-8b86-4555-8483-470fd33de380,2026-06-25 17:44:13,AXIS,ICICI,sn****42@axis,di****15@icici,386.0,BILL PAYMENT,SUCCESS,DELHI,DELHI,DEV100182,2977,,2026-07-12 18:25:28.953779,dbfs:/Volumes/dbacademy/default/myvolume/Project%20Sentinel/upi_transactions.csv,High Response Time
2e822928-7a40-4906-a6c7-b80a2238072f,2026-06-24 13:44:54,AXIS,HDFC,am****41@axis,an****31@okhdfc,7215.0,MERCHANT,SUCCESS,DELHI,DELHI,DEV100089,2852,,2026-07-12 18:25:28.953779,dbfs:/Volumes/dbacademy/default/myvolume/Project%20Sentinel/upi_transactions.csv,High Response Time
841f8567-c1dd-47d3-a684-3b39cba5826e,2026-06-27 13:17:04,HDFC,SBI,ar****45@okhdfc,di****45@oksbi,4873.0,P2P,SUCCESS,AHMEDABAD,GUJARAT,DEV100066,2974,,2026-07-12 18:25:28.953779,dbfs:/Volumes/dbacademy/default/myvolume/Project%20Sentinel/upi_transactions.csv,High Response Time
c4f78068-79ca-4e01-8aed-91a9cc38aea9,2026-06-22 03:53:36,HDFC,AXIS,sn****63@okhdfc,pr****86@axis,44893.0,BILL PAYMENT,SUCCESS,INDORE,MADHYA PRADESH,DEV100019,2966,,2026-07-12 18:25:28.953779,dbfs:/Volumes/dbacademy/default/myvolume/Project%20Sentinel/upi_transactions.csv,High Response Time
66ff8829-539d-44f4-9844-f3ebac12bf77,2026-06-16 10:46:51,AXIS,ICICI,ri****43@axis,po****21@icici,37950.0,P2P,SUCCESS,DELHI,DELHI,DEV100184,2956,,2026-07-12 18:25:28.953779,dbfs:/Volumes/dbacademy/default/myvolume/Project%20Sentinel/upi_transactions.csv,High Response Time
4f11a619-11d1-4afc-bcf9-e43d6267afca,2026-06-15 13:57:01,ICICI,AXIS,ka****28@icici,di****69@axis,17962.0,P2P,SUCCESS,PUNE,MAHARASHTRA,DEV100095,2944,,2026-07-12 18:25:28.953779,dbfs:/Volumes/dbacademy/default/myvolume/Project%20Sentinel/upi_transactions.csv,High Response Time
6fae0d7b-85c7-40d7-8f86-ecc7995bd55b,2026-06-13 23:10:07,ICICI,HDFC,ka****54@icici,an****00@okhdfc,27973.0,MERCHANT,SUCCESS,JAIPUR,RAJASTHAN,DEV100071,2908,,2026-07-12 18:25:28.953779,dbfs:/Volumes/dbacademy/default/myvolume/Project%20Sentinel/upi_transactions.csv,High Response Time
b12f2907-2ab9-443d-8ac0-48eb81d01583,2026-06-21 02:38:41,SBI,HDFC,pr****34@oksbi,ni****41@okhdfc,28561.0,P2P,SUCCESS,AHMEDABAD,GUJARAT,DEV100089,2990,,2026-07-12 18:25:28.953779,dbfs:/Volumes/dbacademy/default/myvolume/Project%20Sentinel/upi_transactions.csv,High Response Time
25c8f1d2-5756-495b-843a-6430c8b6e9d6,2026-07-06 23:38:14,AXIS,HDFC,ni****34@axis,ne****93@okhdfc,13849.0,RECHARGE,SUCCESS,HYDERABAD,TELANGANA,DEV100086,2868,,2026-07-12 18:25:28.953779,dbfs:/Volumes/dbacademy/default/myvolume/Project%20Sentinel/upi_transactions.csv,High Response Time
d715c0dd-3f70-4c86-9406-7dd087c44fbe,2026-06-24 09:57:17,HDFC,AXIS,di****71@okhdfc,ro****45@axis,31833.0,BILL PAYMENT,SUCCESS,PUNE,MAHARASHTRA,DEV100092,2992,,2026-07-12 18:25:28.953779,dbfs:/Volumes/dbacademy/default/myvolume/Project%20Sentinel/upi_transactions.csv,High Response Time
6da002e3-b0a6-4291-8ac2-a17df3467eb1,2026-06-21 00:20:56,ICICI,HDFC,ma****95@icici,ka****77@okhdfc,13726.0,RECHARGE,SUCCESS,HYDERABAD,TELANGANA,DEV100186,2898,,2026-07-12 18:25:28.953779,dbfs:/Volumes/dbacademy/default/myvolume/Project%20Sentinel/upi_transactions.csv,High Response Time
74054558-dbc5-4859-96fd-4dbd9e75299d,2026-06-18 05:38:34,HDFC,SBI,ka****89@okhdfc,ri****59@oksbi,6736.0,P2P,SUCCESS,BANGALORE,KARNATAKA,DEV100087,2918,,2026-07-12 18:25:28.953779,dbfs:/Volumes/dbacademy/default/myvolume/Project%20Sentinel/upi_transactions.csv,High Response Time
bb06fb22-78c7-43d2-b45d-9cbba15c07e6,2026-06-27 11:32:22,AXIS,HDFC,am****62@axis,ni****07@okhdfc,26937.0,P2P,SUCCESS,HYDERABAD,TELANGANA,DEV100103,2927,,2026-07-12 18:25:28.953779,dbfs:/Volumes/dbacademy/default/myvolume/Project%20Sentinel/upi_transactions.csv,High Response Time
0bb39310-e7fb-42c5-9e67-0f4121b0b491,2026-07-06 09:02:20,SBI,AXIS,di****80@oksbi,ka****85@axis,38117.0,P2P,SUCCESS,HYDERABAD,TELANGANA,DEV100178,2885,,2026-07-12 18:25:28.953779,dbfs:/Volumes/dbacademy/default/myvolume/Project%20Sentinel/upi_transactions.csv,High Response Time
7c19d432-222d-44b8-9f4b-706a1c026c63,2026-07-03 17:47:35,ICICI,HDFC,ro****05@icici,pr****46@okhdfc,19484.0,MERCHANT,SUCCESS,DELHI,DELHI,DEV100032,2856,,2026-07-12 18:25:28.953779,dbfs:/Volumes/dbacademy/default/myvolume/Project%20Sentinel/upi_transactions.csv,High Response Time
7d8614c2-bf5d-42dd-aeac-fe9f0bbf7d18,2026-06-13 15:38:00,SBI,ICICI,pr****97@oksbi,di****47@icici,23361.0,P2P,SUCCESS,AHMEDABAD,GUJARAT,DEV100110,2864,,2026-07-12 18:25:28.953779,dbfs:/Volumes/dbacademy/default/myvolume/Project%20Sentinel/upi_transactions.csv,High Response Time
eefba95f-3f4a-4cbb-ad52-1a07057e083d,2026-07-08 21:46:09,HDFC,AXIS,am****20@okhdfc,vi****34@axis,4707.0,P2P,SUCCESS,INDORE,MADHYA PRADESH,DEV100001,2920,,2026-07-12 18:25:28.953779,dbfs:/Volumes/dbacademy/default/myvolume/Project%20Sentinel/upi_transactions.csv,High Response Time
aa1108f5-0ebb-40de-9465-f06e3b35f7ba,2026-07-09 06:56:19,SBI,AXIS,ka****93@oksbi,di****35@axis,35979.0,MERCHANT,SUCCESS,AHMEDABAD,GUJARAT,DEV100089,2927,,2026-07-12 18:25:28.953779,dbfs:/Volumes/dbacademy/default/myvolume/Project%20Sentinel/upi_transactions.csv,High Response Time
223b1183-3c35-4bcc-af64-371d365b2cca,2026-07-07 01:04:54,HDFC,AXIS,vi****11@okhdfc,ne****55@axis,40745.0,MERCHANT,SUCCESS,HYDERABAD,TELANGANA,DEV100115,2925,,2026-07-12 18:25:28.953779,dbfs:/Volumes/dbacademy/default/myvolume/Project%20Sentinel/upi_transactions.csv,High Response Time
eecfff91-2b7d-4aef-b7aa-c5c079b40c34,2026-06-22 20:15:07,ICICI,AXIS,ra****01@icici,ma****20@axis,16598.0,P2P,SUCCESS,AHMEDABAD,GUJARAT,DEV100136,2864,,2026-07-12 18:25:28.953779,dbfs:/Volumes/dbacademy/default/myvolume/Project%20Sentinel/upi_transactions.csv,High Response Time
de0390e1-d22f-47b2-ba61-992e9c617765,2026-07-01 20:29:44,HDFC,SBI,ro****34@okhdfc,ri****11@oksbi,6965.0,BILL PAYMENT,SUCCESS,DELHI,DELHI,DEV100055,2933,,2026-07-12 18:25:28.953779,dbfs:/Volumes/dbacademy/default/myvolume/Project%20Sentinel/upi_transactions.csv,High Response Time
13f7ce2f-eb92-494e-8406-c9d3e4521608,2026-07-10 18:26:42,AXIS,HDFC,ma****38@axis,ra****40@okhdfc,40839.0,P2P,SUCCESS,BANGALORE,KARNATAKA,DEV100053,2891,,2026-07-12 18:25:28.953779,dbfs:/Volumes/dbacademy/default/myvolume/Project%20Sentinel/upi_transactions.csv,High Response Time
ba0b8f9f-30ef-4f65-b9ff-c4c097a2907e,2026-07-05 21:21:58,HDFC,AXIS,am****46@okhdfc,vi****69@axis,16515.0,P2P,SUCCESS,AHMEDABAD,GUJARAT,DEV100195,2897,,2026-07-12 18:25:28.953779,dbfs:/Volumes/dbacademy/default/myvolume/Project%20Sentinel/upi_transactions.csv,High Response Time
59f79211-ab19-4ffb-a370-5d916da014ef,2026-06-24 23:20:49,SBI,HDFC,pr****98@oksbi,pr****21@okhdfc,12186.0,P2P,SUCCESS,MUMBAI,MAHARASHTRA,DEV100151,2982,,2026-07-12 18:25:28.953779,dbfs:/Volumes/dbacademy/default/myvolume/Project%20Sentinel/upi_transactions.csv,High Response Time
2859abba-4a9f-4fff-a396-9dd5774207c1,2026-06-21 06:07:03,AXIS,HDFC,po****31@axis,ka****35@okhdfc,38942.0,P2P,SUCCESS,HYDERABAD,TELANGANA,DEV100019,2962,,2026-07-12 18:25:28.953779,dbfs:/Volumes/dbacademy/default/myvolume/Project%20Sentinel/upi_transactions.csv,High Response Time
b285263e-fff3-4980-96cd-84dde2071e25,2026-07-03 18:59:00,AXIS,HDFC,ri****20@axis,ha****38@okhdfc,723.0,MERCHANT,SUCCESS,DELHI,DELHI,DEV100059,2858,,2026-07-12 18:25:28.953779,dbfs:/Volumes/dbacademy/default/myvolume/Project%20Sentinel/upi_transactions.csv,High Response Time
a8a56df8-af46-48f8-b88e-cd3934bebba5,2026-06-14 16:51:27,SBI,HDFC,ar****40@oksbi,ri****60@okhdfc,8407.0,RECHARGE,SUCCESS,INDORE,MADHYA PRADESH,DEV100187,2941,,2026-07-12 18:25:28.953779,dbfs:/Volumes/dbacademy/default/myvolume/Project%20Sentinel/upi_transactions.csv,High Response Time
0830cedd-b692-4a22-9a32-2cd8e110488c,2026-07-11 21:52:11,AXIS,HDFC,an****06@axis,pr****59@okhdfc,46666.0,MERCHANT,FAILED,MUMBAI,MAHARASHTRA,DEV100139,2951,Timeout,2026-07-12 18:25:28.953779,dbfs:/Volumes/dbacademy/default/myvolume/Project%20Sentinel/upi_transactions.csv,High Response Time
40de4c9b-d1da-4184-af81-6761d452b33d,2026-07-11 06:39:16,ICICI,SBI,di****77@icici,ro****49@oksbi,28929.0,BILL PAYMENT,SUCCESS,MUMBAI,MAHARASHTRA,DEV100098,2854,,2026-07-12 18:25:28.953779,dbfs:/Volumes/dbacademy/default/myvolume/Project%20Sentinel/upi_transactions.csv,High Response Time
3181eae7-a3db-4150-aec0-4688091d36b0,2026-07-08 07:28:29,ICICI,HDFC,ne****14@icici,vi****40@okhdfc,17467.0,RECHARGE,SUCCESS,DELHI,DELHI,DEV100010,2978,,2026-07-12 18:25:28.953779,dbfs:/Volumes/dbacademy/default/myvolume/Project%20Sentinel/upi_transactions.csv,High Response Time
e680175a-8dad-4f6a-b5d2-9adc4f47e892,2026-06-15 01:42:34,HDFC,AXIS,ha****18@okhdfc,ka****02@axis,10317.0,MERCHANT,SUCCESS,HYDERABAD,TELANGANA,DEV100030,2963,,2026-07-12 18:25:28.953779,dbfs:/Volumes/dbacademy/default/myvolume/Project%20Sentinel/upi_transactions.csv,High Response Time
30702eb3-51c5-4d00-8017-72cff7d6cf00,2026-07-07 22:14:43,ICICI,HDFC,ne****18@icici,pr****38@okhdfc,10386.0,P2P,SUCCESS,JAIPUR,RAJASTHAN,DEV100160,2968,,2026-07-12 18:25:28.953779,dbfs:/Volumes/dbacademy/default/myvolume/Project%20Sentinel/upi_transactions.csv,High Response Time
c04cd146-eecd-4215-bd40-3d3317203ace,2026-06-26 04:48:41,ICICI,HDFC,ka****58@icici,po****78@okhdfc,8268.0,P2P,SUCCESS,BANGALORE,KARNATAKA,DEV100063,2952,,2026-07-12 18:25:28.953779,dbfs:/Volumes/dbacademy/default/myvolume/Project%20Sentinel/upi_transactions.csv,High Response Time
289efd2a-7fff-4be4-bd67-274aac1c12c1,2026-07-03 11:05:42,SBI,HDFC,ka****76@oksbi,ri****60@okhdfc,35673.0,BILL PAYMENT,SUCCESS,HYDERABAD,TELANGANA,DEV100038,2876,,2026-07-12 18:25:28.953779,dbfs:/Volumes/dbacademy/default/myvolume/Project%20Sentinel/upi_transactions.csv,High Response Time
347562d1-54c0-4f48-9bd1-a61a3c20d7bc,2026-06-14 21:16:50,ICICI,SBI,ka****49@icici,di****29@oksbi,19417.0,P2P,SUCCESS,JAIPUR,RAJASTHAN,DEV100039,2988,,2026-07-12 18:25:28.953779,dbfs:/Volumes/dbacademy/default/myvolume/Project%20Sentinel/upi_transactions.csv,High Response Time
87bce82a-e6da-4e1a-b154-c4ea5c432a39,2026-06-18 08:15:10,ICICI,SBI,ar****52@icici,ni****05@oksbi,4808.0,RECHARGE,SUCCESS,DELHI,DELHI,DEV100149,2892,,2026-07-12 18:25:28.953779,dbfs:/Volumes/dbacademy/default/myvolume/Project%20Sentinel/upi_transactions.csv,High Response Time
fc67ad75-1269-4540-9eef-24dc5681c0ff,2026-06-13 11:07:32,ICICI,SBI,vi****85@icici,ro****08@oksbi,8696.0,P2P,SUCCESS,MUMBAI,MAHARASHTRA,DEV100129,2983,,2026-07-12 18:25:28.953779,dbfs:/Volumes/dbacademy/default/myvolume/Project%20Sentinel/upi_transactions.csv,High Response Time
bc849467-149f-4719-8a9e-d8037e20d1db,2026-06-16 02:43:37,AXIS,SBI,sn****14@axis,ma****49@oksbi,14042.0,P2P,SUCCESS,BANGALORE,KARNATAKA,DEV100050,2882,,2026-07-12 18:25:28.953779,dbfs:/Volumes/dbacademy/default/myvolume/Project%20Sentinel/upi_transactions.csv,High Response Time
5d915786-6205-41bc-9363-727c9e1a6c94,2026-07-04 21:21:33,HDFC,SBI,ka****83@okhdfc,sn****48@oksbi,24289.0,BILL PAYMENT,SUCCESS,HYDERABAD,TELANGANA,DEV100065,2911,,2026-07-12 18:25:28.953779,dbfs:/Volumes/dbacademy/default/myvolume/Project%20Sentinel/upi_transactions.csv,High Response Time
2a61ee46-717d-4308-bdad-88abffeb5260,2026-06-28 06:38:01,AXIS,SBI,am****44@axis,sn****77@oksbi,1746.0,BILL PAYMENT,SUCCESS,INDORE,MADHYA PRADESH,DEV100070,2908,,2026-07-12 18:25:28.953779,dbfs:/Volumes/dbacademy/default/myvolume/Project%20Sentinel/upi_transactions.csv,High Response Time
bc4710f8-ca05-45e5-97b3-e0be93cd5de7,2026-07-01 03:06:56,SBI,HDFC,di****32@oksbi,an****54@okhdfc,45768.0,RECHARGE,FAILED,JAIPUR,RAJASTHAN,DEV100162,2949,,2026-07-12 18:25:28.953779,dbfs:/Volumes/dbacademy/default/myvolume/Project%20Sentinel/upi_transactions.csv,High Response Time
fd7e4a06-75ec-4dc1-be6d-d0b55f479900,2026-06-13 08:37:45,AXIS,HDFC,si****16@axis,ha****14@okhdfc,5079.0,RECHARGE,SUCCESS,MUMBAI,MAHARASHTRA,DEV100193,2935,,2026-07-12 18:25:28.953779,dbfs:/Volumes/dbacademy/default/myvolume/Project%20Sentinel/upi_transactions.csv,High Response Time
306e0124-9ba4-4653-95bd-2ee1f0ad1858,2026-06-13 15:02:21,ICICI,AXIS,ma****63@icici,ri****67@axis,19129.0,P2P,SUCCESS,AHMEDABAD,GUJARAT,DEV100052,2999,,2026-07-12 18:25:28.953779,dbfs:/Volumes/dbacademy/default/myvolume/Project%20Sentinel/upi_transactions.csv,High Response Time
ad141519-e794-473c-b9c1-93fa6d743c71,2026-06-20 19:48:10,SBI,ICICI,pr****67@oksbi,pr****17@icici,43885.0,MERCHANT,SUCCESS,JAIPUR,RAJASTHAN,DEV100120,2903,,2026-07-12 18:25:28.953779,dbfs:/Volumes/dbacademy/default/myvolume/Project%20Sentinel/upi_transactions.csv,High Response Time
25797431-f760-4a4d-9226-7564e83b5784,2026-06-17 22:06:16,HDFC,ICICI,ka****41@okhdfc,ma****70@icici,47023.0,RECHARGE,SUCCESS,JAIPUR,RAJASTHAN,DEV100056,2967,,2026-07-12 18:25:28.953779,dbfs:/Volumes/dbacademy/default/myvolume/Project%20Sentinel/upi_transactions.csv,High Response Time
3b31a4cd-d7f5-47d0-b3b3-877a884d0cb4,2026-06-21 00:54:21,ICICI,HDFC,ka****17@icici,po****52@okhdfc,25172.0,P2P,SUCCESS,JAIPUR,RAJASTHAN,DEV100115,2981,,2026-07-12 18:25:28.953779,dbfs:/Volumes/dbacademy/default/myvolume/Project%20Sentinel/upi_transactions.csv,High Response Time
2d16e77a-cc3c-4c5e-a4ae-6c0e50633dbc,2026-06-22 22:25:01,SBI,AXIS,an****11@oksbi,an****65@axis,16873.0,P2P,SUCCESS,INDORE,MADHYA PRADESH,DEV100197,2984,,2026-07-12 18:25:28.953779,dbfs:/Volumes/dbacademy/default/myvolume/Project%20Sentinel/upi_transactions.csv,High Response Time
ea08e148-cb17-4b68-abb8-54902de011f5,2026-07-05 13:14:55,HDFC,AXIS,si****70@okhdfc,pr****24@axis,13394.0,P2P,SUCCESS,PUNE,MAHARASHTRA,DEV100084,2981,,2026-07-12 18:25:28.953779,dbfs:/Volumes/dbacademy/default/myvolume/Project%20Sentinel/upi_transactions.csv,High Response Time
47c7ceab-329e-486f-95c2-4c9d0d96121b,2026-06-16 16:56:20,AXIS,ICICI,ri****90@axis,ra****53@icici,10634.0,RECHARGE,SUCCESS,BANGALORE,KARNATAKA,DEV100019,2863,,2026-07-12 18:25:28.953779,dbfs:/Volumes/dbacademy/default/myvolume/Project%20Sentinel/upi_transactions.csv,High Response Time
87b58f9d-8951-4132-972e-502cfdcde295,2026-06-16 01:56:56,AXIS,SBI,ra****85@axis,ar****34@oksbi,20067.0,BILL PAYMENT,SUCCESS,HYDERABAD,TELANGANA,DEV100062,2898,,2026-07-12 18:25:28.953779,dbfs:/Volumes/dbacademy/default/myvolume/Project%20Sentinel/upi_transactions.csv,High Response Time
eb6a9a11-18ce-459b-bbf3-45ca69265c20,2026-06-15 13:16:46,ICICI,HDFC,an****71@icici,ni****66@okhdfc,19086.0,BILL PAYMENT,SUCCESS,BANGALORE,KARNATAKA,DEV100170,2969,,2026-07-12 18:25:28.953779,dbfs:/Volumes/dbacademy/default/myvolume/Project%20Sentinel/upi_transactions.csv,High Response Time
4da33f13-0898-4b51-a2ba-8ec70218de39,2026-06-21 13:29:16,HDFC,SBI,ar****41@okhdfc,ra****10@oksbi,41310.0,P2P,SUCCESS,DELHI,DELHI,DEV100027,2995,,2026-07-12 18:25:28.953779,dbfs:/Volumes/dbacademy/default/myvolume/Project%20Sentinel/upi_transactions.csv,High Response Time
91e150fd-d419-46ef-b172-0337c30a7e08,2026-07-07 21:13:17,AXIS,SBI,ka****86@axis,di****94@oksbi,23033.0,P2P,SUCCESS,BANGALORE,KARNATAKA,DEV100115,2930,,2026-07-12 18:25:28.953779,dbfs:/Volumes/dbacademy/default/myvolume/Project%20Sentinel/upi_transactions.csv,High Response Time
3a45083f-5cb0-4639-9bbb-cd3c430dddd8,2026-06-14 23:44:30,AXIS,SBI,ne****70@axis,ar****90@oksbi,46339.0,P2P,SUCCESS,DELHI,DELHI,DEV100103,2993,,2026-07-12 18:25:28.953779,dbfs:/Volumes/dbacademy/default/myvolume/Project%20Sentinel/upi_transactions.csv,High Response Time
d8b0dbba-2ecb-4a19-b96f-0124bb39e8de,2026-06-29 05:02:18,AXIS,SBI,pr****21@axis,si****04@oksbi,15323.0,RECHARGE,SUCCESS,JAIPUR,RAJASTHAN,DEV100019,2944,,2026-07-12 18:25:28.953779,dbfs:/Volumes/dbacademy/default/myvolume/Project%20Sentinel/upi_transactions.csv,High Response Time
645be443-6cbd-4199-a68c-996d160c5b6f,2026-07-04 14:59:03,ICICI,AXIS,ri****13@icici,ka****77@axis,32467.0,MERCHANT,SUCCESS,JAIPUR,RAJASTHAN,DEV100025,2941,,2026-07-12 18:25:28.953779,dbfs:/Volumes/dbacademy/default/myvolume/Project%20Sentinel/upi_transactions.csv,High Response Time
7186807f-a2c3-4688-a452-1a3b2beb47c6,2026-06-25 10:16:41,AXIS,SBI,ne****27@axis,ne****89@oksbi,18699.0,MERCHANT,SUCCESS,HYDERABAD,TELANGANA,DEV100099,2852,,2026-07-12 18:25:28.953779,dbfs:/Volumes/dbacademy/default/myvolume/Project%20Sentinel/upi_transactions.csv,High Response Time
a861def0-bce8-40d6-a7cc-eba74c5418e5,2026-06-19 06:41:08,AXIS,ICICI,ne****39@axis,ra****71@icici,44036.0,RECHARGE,SUCCESS,JAIPUR,RAJASTHAN,DEV100177,2871,,2026-07-12 18:25:28.953779,dbfs:/Volumes/dbacademy/default/myvolume/Project%20Sentinel/upi_transactions.csv,High Response Time
62b8ec31-5895-4926-ab15-73b0d0829154,2026-07-05 10:28:46,HDFC,SBI,an****96@okhdfc,am****17@oksbi,43336.0,P2P,SUCCESS,INDORE,MADHYA PRADESH,DEV100097,2960,,2026-07-12 18:25:28.953779,dbfs:/Volumes/dbacademy/default/myvolume/Project%20Sentinel/upi_transactions.csv,High Response Time
990a11f5-1f7f-4dad-b8ce-79e23041c07d,2026-07-02 05:12:08,SBI,ICICI,ne****41@oksbi,vi****26@icici,19297.0,RECHARGE,SUCCESS,MUMBAI,MAHARASHTRA,DEV100089,2988,,2026-07-12 18:25:28.953779,dbfs:/Volumes/dbacademy/default/myvolume/Project%20Sentinel/upi_transactions.csv,High Response Time
630b0917-7540-4c5b-b81d-6bf7224d22de,2026-06-25 00:01:08,HDFC,AXIS,ha****46@okhdfc,am****89@axis,20501.0,P2P,SUCCESS,PUNE,MAHARASHTRA,DEV100177,2917,,2026-07-12 18:25:28.953779,dbfs:/Volumes/dbacademy/default/myvolume/Project%20Sentinel/upi_transactions.csv,High Response Time
2974cfb1-4c56-4165-b136-eedfec5831e0,2026-06-25 01:28:52,AXIS,HDFC,ka****75@axis,pr****24@okhdfc,149.0,P2P,SUCCESS,BANGALORE,KARNATAKA,DEV100054,2858,,2026-07-12 18:25:28.953779,dbfs:/Volumes/dbacademy/default/myvolume/Project%20Sentinel/upi_transactions.csv,High Response Time
6af53b42-939a-4fb7-b6ef-d7b2c47f5b79,2026-07-05 17:24:01,SBI,AXIS,ro****35@oksbi,ha****72@axis,15867.0,MERCHANT,SUCCESS,PUNE,MAHARASHTRA,DEV100034,2923,,2026-07-12 18:25:28.953779,dbfs:/Volumes/dbacademy/default/myvolume/Project%20Sentinel/upi_transactions.csv,High Response Time
98dfbc1b-f639-4b6e-a65a-b97b316c4a40,2026-06-17 17:38:30,AXIS,ICICI,sn****26@axis,vi****29@icici,13354.0,RECHARGE,SUCCESS,HYDERABAD,TELANGANA,DEV100177,2920,,2026-07-12 18:25:28.953779,dbfs:/Volumes/dbacademy/default/myvolume/Project%20Sentinel/upi_transactions.csv,High Response Time
0fa41b34-0610-470e-b66c-830ddc29a571,2026-07-12 07:12:06,AXIS,HDFC,sn****36@axis,an****75@okhdfc,17962.0,P2P,SUCCESS,MUMBAI,MAHARASHTRA,DEV100146,2965,,2026-07-12 18:25:28.953779,dbfs:/Volumes/dbacademy/default/myvolume/Project%20Sentinel/upi_transactions.csv,High Response Time
82a3b5bc-09c7-4f43-a28f-562503620b6e,2026-06-28 00:35:31,HDFC,ICICI,pr****28@okhdfc,ka****82@icici,46317.0,P2P,SUCCESS,MUMBAI,MAHARASHTRA,DEV100000,2931,,2026-07-12 18:25:28.953779,dbfs:/Volumes/dbacademy/default/myvolume/Project%20Sentinel/upi_transactions.csv,High Response Time
9d4b4b6b-b09f-4fdf-a809-119ed9eb11c9,2026-07-07 04:43:45,AXIS,ICICI,si****17@axis,ka****79@icici,11549.0,P2P,SUCCESS,AHMEDABAD,GUJARAT,DEV100026,2981,,2026-07-12 18:25:28.953779,dbfs:/Volumes/dbacademy/default/myvolume/Project%20Sentinel/upi_transactions.csv,High Response Time
48258149-cc68-40d6-9742-c66b5f38dc80,2026-06-23 00:32:07,SBI,HDFC,pr****79@oksbi,ar****59@okhdfc,38277.0,BILL PAYMENT,SUCCESS,AHMEDABAD,GUJARAT,DEV100036,2978,,2026-07-12 18:25:28.953779,dbfs:/Volumes/dbacademy/default/myvolume/Project%20Sentinel/upi_transactions.csv,High Response Time
e3abe080-ee9d-4e4d-95b6-b5ab7538a6ca,2026-06-16 09:21:39,HDFC,AXIS,an****25@okhdfc,ka****32@axis,28634.0,MERCHANT,SUCCESS,INDORE,MADHYA PRADESH,DEV100101,2951,,2026-07-12 18:25:28.953779,dbfs:/Volumes/dbacademy/default/myvolume/Project%20Sentinel/upi_transactions.csv,High Response Time
10285315-0bb3-4d2d-b6d9-511f8468f1fc,2026-06-18 23:02:43,SBI,AXIS,am****39@oksbi,ro****49@axis,21624.0,P2P,SUCCESS,JAIPUR,RAJASTHAN,DEV100069,2978,,2026-07-12 18:25:28.953779,dbfs:/Volumes/dbacademy/default/myvolume/Project%20Sentinel/upi_transactions.csv,High Response Time
c8c80085-06ee-443d-9199-30d42082a8b2,2026-06-20 16:37:12,ICICI,HDFC,ro****11@icici,ar****25@okhdfc,35777.0,P2P,SUCCESS,HYDERABAD,TELANGANA,DEV100141,2981,,2026-07-12 18:25:28.953779,dbfs:/Volumes/dbacademy/default/myvolume/Project%20Sentinel/upi_transactions.csv,High Response Time
b1b11cea-8948-4b1d-b791-41a53379c089,2026-06-21 23:13:20,HDFC,ICICI,an****02@okhdfc,pr****38@icici,38524.0,BILL PAYMENT,SUCCESS,DELHI,DELHI,DEV100114,2874,,2026-07-12 18:25:28.953779,dbfs:/Volumes/dbacademy/default/myvolume/Project%20Sentinel/upi_transactions.csv,High Response Time
a8946e14-8580-4316-b553-30ae96b9f329,2026-06-25 21:45:44,HDFC,ICICI,pr****91@okhdfc,di****98@icici,4762.0,P2P,SUCCESS,INDORE,MADHYA PRADESH,DEV100123,2874,,2026-07-12 18:25:28.953779,dbfs:/Volumes/dbacademy/default/myvolume/Project%20Sentinel/upi_transactions.csv,High Response Time
9c5399d6-6481-4807-a591-5970b7c1502a,2026-06-13 09:49:01,AXIS,ICICI,vi****72@axis,ra****54@icici,36239.0,MERCHANT,SUCCESS,DELHI,DELHI,DEV100147,2860,,2026-07-12 18:25:28.953779,dbfs:/Volumes/dbacademy/default/myvolume/Project%20Sentinel/upi_transactions.csv,High Response Time
b00172fb-8c26-402b-a3e9-4db61f1c4b47,2026-06-26 18:49:05,AXIS,ICICI,ar****03@axis,sn****33@icici,36746.0,BILL PAYMENT,SUCCESS,DELHI,DELHI,DEV100146,2890,,2026-07-12 18:25:28.953779,dbfs:/Volumes/dbacademy/default/myvolume/Project%20Sentinel/upi_transactions.csv,High Response Time
74090422-4f97-4063-b737-8b75505401dc,2026-06-17 00:41:54,SBI,HDFC,si****66@oksbi,ri****07@okhdfc,22516.0,P2P,SUCCESS,AHMEDABAD,GUJARAT,DEV100039,2988,,2026-07-12 18:25:28.953779,dbfs:/Volumes/dbacademy/default/myvolume/Project%20Sentinel/upi_transactions.csv,High Response Time
eb1e94f7-8105-4bc0-a8af-a38ee0d53c0b,2026-07-07 01:57:30,HDFC,AXIS,di****63@okhdfc,ra****84@axis,29328.0,RECHARGE,SUCCESS,PUNE,MAHARASHTRA,DEV100066,2970,,2026-07-12 18:25:28.953779,dbfs:/Volumes/dbacademy/default/myvolume/Project%20Sentinel/upi_transactions.csv,High Response Time
ab56b64c-7ac1-4050-823a-2f118155b41f,2026-06-20 10:49:39,HDFC,ICICI,ka****62@okhdfc,pr****90@icici,43368.0,MERCHANT,SUCCESS,INDORE,MADHYA PRADESH,DEV100082,2862,,2026-07-12 18:25:28.953779,dbfs:/Volumes/dbacademy/default/myvolume/Project%20Sentinel/upi_transactions.csv,High Response Time
a82a2d35-8299-4c83-a635-b9b412d311f6,2026-06-29 20:11:03,SBI,HDFC,ha****84@oksbi,ra****21@okhdfc,22823.0,BILL PAYMENT,SUCCESS,BANGALORE,KARNATAKA,DEV100029,2903,,2026-07-12 18:25:28.953779,dbfs:/Volumes/dbacademy/default/myvolume/Project%20Sentinel/upi_transactions.csv,High Response Time
e948a2bd-0f3a-4200-be3d-d2c874157d3d,2026-07-05 19:19:30,ICICI,AXIS,pr****61@icici,vi****53@axis,34559.0,P2P,SUCCESS,HYDERABAD,TELANGANA,DEV100133,2886,,2026-07-12 18:25:28.953779,dbfs:/Volumes/dbacademy/default/myvolume/Project%20Sentinel/upi_transactions.csv,High Response Time
36dd0cb2-cd62-4677-8ee5-1fa7e9d67acd,2026-07-09 00:17:24,ICICI,HDFC,po****44@icici,si****28@okhdfc,5523.0,RECHARGE,SUCCESS,HYDERABAD,TELANGANA,DEV100129,2970,,2026-07-12 18:25:28.953779,dbfs:/Volumes/dbacademy/default/myvolume/Project%20Sentinel/upi_transactions.csv,High Response Time
70d0f179-1d4a-4977-8aad-ddc3e554fbc9,2026-06-16 04:01:26,HDFC,AXIS,ra****04@okhdfc,ri****30@axis,39395.0,MERCHANT,SUCCESS,BANGALORE,KARNATAKA,DEV100090,2970,,2026-07-12 18:25:28.953779,dbfs:/Volumes/dbacademy/default/myvolume/Project%20Sentinel/upi_transactions.csv,High Response Time
91200bda-47d8-4804-8d46-55c96bccae05,2026-06-25 15:38:23,SBI,AXIS,pr****67@oksbi,sn****38@axis,31536.0,RECHARGE,SUCCESS,INDORE,MADHYA PRADESH,DEV100178,2940,,2026-07-12 18:25:28.953779,dbfs:/Volumes/dbacademy/default/myvolume/Project%20Sentinel/upi_transactions.csv,High Response Time
16537d30-5d09-4050-8b4c-b93ff55b0b3b,2026-06-21 13:17:36,HDFC,SBI,sn****47@okhdfc,ni****69@oksbi,19519.0,P2P,SUCCESS,JAIPUR,RAJASTHAN,DEV100130,2889,,2026-07-12 18:25:28.953779,dbfs:/Volumes/dbacademy/default/myvolume/Project%20Sentinel/upi_transactions.csv,High Response Time
45eec87b-6d1d-46b5-98a4-578443fc976c,2026-06-12 19:13:25,SBI,AXIS,an****44@oksbi,ni****67@axis,39105.0,RECHARGE,SUCCESS,DELHI,DELHI,DEV100084,2928,,2026-07-12 18:25:28.953779,dbfs:/Volumes/dbacademy/default/myvolume/Project%20Sentinel/upi_transactions.csv,High Response Time
51f8553d-deb1-42e4-9292-dcd67f75c355,2026-07-10 21:55:09,AXIS,HDFC,ra****18@axis,ka****50@okhdfc,11720.0,P2P,SUCCESS,JAIPUR,RAJASTHAN,DEV100098,2875,,2026-07-12 18:25:28.953779,dbfs:/Volumes/dbacademy/default/myvolume/Project%20Sentinel/upi_transactions.csv,High Response Time
213e446f-b2aa-4191-9ee0-288baf80b862,2026-06-30 06:23:59,AXIS,ICICI,di****06@axis,ka****72@icici,5161.0,RECHARGE,SUCCESS,DELHI,DELHI,DEV100124,2991,,2026-07-12 18:25:28.953779,dbfs:/Volumes/dbacademy/default/myvolume/Project%20Sentinel/upi_transactions.csv,High Response Time
06373fc7-3427-4666-ac43-3c5f9e947d42,2026-07-01 04:20:37,ICICI,AXIS,si****91@icici,ro****87@axis,35486.0,BILL PAYMENT,SUCCESS,MUMBAI,MAHARASHTRA,DEV100160,2961,,2026-07-12 18:25:28.953779,dbfs:/Volumes/dbacademy/default/myvolume/Project%20Sentinel/upi_transactions.csv,High Response Time
5b1dde80-9d32-4948-b0e5-ccd9c4ceb091,2026-07-04 20:19:53,ICICI,SBI,ka****81@icici,vi****31@oksbi,3403.0,P2P,SUCCESS,MUMBAI,MAHARASHTRA,DEV100038,3000,,2026-07-12 18:25:28.953779,dbfs:/Volumes/dbacademy/default/myvolume/Project%20Sentinel/upi_transactions.csv,High Response Time
312acc0f-9494-4fac-84d2-47f534fccbed,2026-06-21 12:32:49,ICICI,AXIS,ka****94@icici,pr****97@axis,218.0,RECHARGE,SUCCESS,AHMEDABAD,GUJARAT,DEV100033,2872,,2026-07-12 18:25:28.953779,dbfs:/Volumes/dbacademy/default/myvolume/Project%20Sentinel/upi_transactions.csv,High Response Time
31859838-ac11-40e1-b644-3090d1cfa66a,2026-07-01 14:00:24,AXIS,ICICI,pr****08@axis,pr****45@icici,12215.0,P2P,SUCCESS,INDORE,MADHYA PRADESH,DEV100106,2918,,2026-07-12 18:25:28.953779,dbfs:/Volumes/dbacademy/default/myvolume/Project%20Sentinel/upi_transactions.csv,High Response Time
4d977e3a-55f6-44f0-a881-e6734f976719,2026-06-28 06:45:51,SBI,ICICI,pr****13@oksbi,ka****24@icici,24755.0,MERCHANT,SUCCESS,INDORE,MADHYA PRADESH,DEV100131,2929,,2026-07-12 18:25:28.953779,dbfs:/Volumes/dbacademy/default/myvolume/Project%20Sentinel/upi_transactions.csv,High Response Time
2ffdd236-1031-4a81-81a6-31980146b058,2026-07-05 15:35:32,AXIS,ICICI,si****80@axis,po****04@icici,5653.0,RECHARGE,SUCCESS,MUMBAI,MAHARASHTRA,DEV100016,2967,,2026-07-12 18:25:28.953779,dbfs:/Volumes/dbacademy/default/myvolume/Project%20Sentinel/upi_transactions.csv,High Response Time
0d8835f2-dfd1-47ab-a935-8ee11c3e4520,2026-06-17 12:46:00,AXIS,SBI,ni****96@axis,ka****27@oksbi,29085.0,BILL PAYMENT,SUCCESS,PUNE,MAHARASHTRA,DEV100163,2983,,2026-07-12 18:25:28.953779,dbfs:/Volumes/dbacademy/default/myvolume/Project%20Sentinel/upi_transactions.csv,High Response Time
fc2a9e4a-281d-43fc-a8eb-18593d4d51da,2026-07-09 09:39:00,AXIS,HDFC,ar****67@axis,ra****44@okhdfc,406.0,P2P,SUCCESS,JAIPUR,RAJASTHAN,DEV100087,2909,,2026-07-12 18:25:28.953779,dbfs:/Volumes/dbacademy/default/myvolume/Project%20Sentinel/upi_transactions.csv,High Response Time
cdf328d4-d524-478a-906e-7ee9854c90ff,2026-07-03 15:02:16,SBI,AXIS,ha****70@oksbi,ar****88@axis,47938.0,P2P,SUCCESS,JAIPUR,RAJASTHAN,DEV100172,2906,,2026-07-12 18:25:28.953779,dbfs:/Volumes/dbacademy/default/myvolume/Project%20Sentinel/upi_transactions.csv,High Response Time
64aeeee9-f208-48f0-8b37-eee88fabf0e4,2026-07-08 01:34:03,AXIS,HDFC,am****06@axis,am****94@okhdfc,35489.0,P2P,SUCCESS,PUNE,MAHARASHTRA,DEV100048,2888,,2026-07-12 18:25:28.953779,dbfs:/Volumes/dbacademy/default/myvolume/Project%20Sentinel/upi_transactions.csv,High Response Time
dd0870cd-7ed4-4fb8-9c84-9047c88e1796,2026-06-28 12:29:32,SBI,ICICI,di****94@oksbi,ma****38@icici,2542.0,RECHARGE,SUCCESS,PUNE,MAHARASHTRA,DEV100095,2972,,2026-07-12 18:25:28.953779,dbfs:/Volumes/dbacademy/default/myvolume/Project%20Sentinel/upi_transactions.csv,High Response Time
9c50b5bc-44ff-4f09-abe1-f908fad477d7,2026-07-05 13:34:42,HDFC,SBI,am****90@okhdfc,ne****00@oksbi,4652.0,P2P,SUCCESS,JAIPUR,RAJASTHAN,DEV100124,2991,,2026-07-12 18:25:28.953779,dbfs:/Volumes/dbacademy/default/myvolume/Project%20Sentinel/upi_transactions.csv,High Response Time
6a286d95-9947-44d6-8946-0bc0a7ab8520,2026-06-26 09:21:46,SBI,AXIS,an****72@oksbi,ra****29@axis,4248.0,P2P,SUCCESS,PUNE,MAHARASHTRA,DEV100083,2996,,2026-07-12 18:25:28.953779,dbfs:/Volumes/dbacademy/default/myvolume/Project%20Sentinel/upi_transactions.csv,High Response Time
c39c9377-f0a2-4da0-9900-8abb5fbc59f0,2026-06-20 12:13:24,SBI,ICICI,di****74@oksbi,ka****72@icici,42832.0,BILL PAYMENT,SUCCESS,MUMBAI,MAHARASHTRA,DEV100004,2871,,2026-07-12 18:25:28.953779,dbfs:/Volumes/dbacademy/default/myvolume/Project%20Sentinel/upi_transactions.csv,High Response Time
b5215e4d-2210-4abc-97a6-b535c8e99352,2026-06-21 10:07:40,SBI,HDFC,ar****51@oksbi,vi****90@okhdfc,27234.0,P2P,SUCCESS,BANGALORE,KARNATAKA,DEV100196,2938,,2026-07-12 18:25:28.953779,dbfs:/Volumes/dbacademy/default/myvolume/Project%20Sentinel/upi_transactions.csv,High Response Time
f1e6e7bf-5441-44bb-9735-e382a0b11291,2026-06-28 20:49:58,SBI,HDFC,po****25@oksbi,ne****42@okhdfc,10529.0,P2P,SUCCESS,HYDERABAD,TELANGANA,DEV100055,2907,,2026-07-12 18:25:28.953779,dbfs:/Volumes/dbacademy/default/myvolume/Project%20Sentinel/upi_transactions.csv,High Response Time
ba7d40bb-f4a7-4e2d-b578-89dde4a9566a,2026-06-26 02:35:30,HDFC,ICICI,an****67@okhdfc,ra****60@icici,28878.0,P2P,SUCCESS,HYDERABAD,TELANGANA,DEV100046,2852,,2026-07-12 18:25:28.953779,dbfs:/Volumes/dbacademy/default/myvolume/Project%20Sentinel/upi_transactions.csv,High Response Time
4a3e5265-2f0e-4d2e-b61b-1545e509ef69,2026-07-01 20:01:58,ICICI,AXIS,an****33@icici,ka****77@axis,36935.0,P2P,SUCCESS,JAIPUR,RAJASTHAN,DEV100019,2855,,2026-07-12 18:25:28.953779,dbfs:/Volumes/dbacademy/default/myvolume/Project%20Sentinel/upi_transactions.csv,High Response Time
48d433e8-91a2-441e-b6d7-32dc92dd10fd,2026-06-19 09:02:55,AXIS,ICICI,an****47@axis,pr****72@icici,43502.0,P2P,SUCCESS,AHMEDABAD,GUJARAT,DEV100111,2903,,2026-07-12 18:25:28.953779,dbfs:/Volumes/dbacademy/default/myvolume/Project%20Sentinel/upi_transactions.csv,High Response Time
6f0a948a-0583-4ba4-940a-348971c2987e,2026-07-03 03:15:28,ICICI,SBI,an****02@icici,pr****18@oksbi,14694.0,P2P,SUCCESS,BANGALORE,KARNATAKA,DEV100075,2964,,2026-07-12 18:25:28.953779,dbfs:/Volumes/dbacademy/default/myvolume/Project%20Sentinel/upi_transactions.csv,High Response Time
d89925f5-f780-4ff5-97be-266242b88c9d,2026-06-14 18:32:09,SBI,HDFC,ra****47@oksbi,pr****93@okhdfc,19717.0,P2P,SUCCESS,HYDERABAD,TELANGANA,DEV100092,2927,,2026-07-12 18:25:28.953779,dbfs:/Volumes/dbacademy/default/myvolume/Project%20Sentinel/upi_transactions.csv,High Response Time
07394688-af9e-4dee-b2cd-739e6921bb17,2026-07-04 11:45:13,HDFC,AXIS,ri****30@okhdfc,ha****40@axis,31534.0,MERCHANT,SUCCESS,JAIPUR,RAJASTHAN,DEV100118,2999,,2026-07-12 18:25:28.953779,dbfs:/Volumes/dbacademy/default/myvolume/Project%20Sentinel/upi_transactions.csv,High Response Time
dd57c284-a157-4144-a84f-14df9b60d0d2,2026-07-06 23:38:57,SBI,HDFC,ne****15@oksbi,am****99@okhdfc,41804.0,MERCHANT,SUCCESS,PUNE,MAHARASHTRA,DEV100010,2977,,2026-07-12 18:25:28.953779,dbfs:/Volumes/dbacademy/default/myvolume/Project%20Sentinel/upi_transactions.csv,High Response Time
85062bdb-51af-49d9-9b99-f2cedd933db6,2026-06-12 23:44:26,ICICI,SBI,ka****88@icici,ma****16@oksbi,16814.0,P2P,SUCCESS,INDORE,MADHYA PRADESH,DEV100104,2914,,2026-07-12 18:25:28.953779,dbfs:/Volumes/dbacademy/default/myvolume/Project%20Sentinel/upi_transactions.csv,High Response Time
84afc1ae-aaec-40bc-9563-ae9a118f1847,2026-07-07 09:54:12,ICICI,HDFC,ro****00@icici,an****71@okhdfc,7230.0,RECHARGE,SUCCESS,MUMBAI,MAHARASHTRA,DEV100166,2935,,2026-07-12 18:25:28.953779,dbfs:/Volumes/dbacademy/default/myvolume/Project%20Sentinel/upi_transactions.csv,High Response Time
e2327a8e-4f99-4fb5-a890-052b64bc0261,2026-06-28 23:59:00,AXIS,SBI,di****00@axis,ha****29@oksbi,32258.0,BILL PAYMENT,SUCCESS,HYDERABAD,TELANGANA,DEV100082,2999,,2026-07-12 18:25:28.953779,dbfs:/Volumes/dbacademy/default/myvolume/Project%20Sentinel/upi_transactions.csv,High Response Time
4f5b9ede-dd32-4d12-a68d-d734711c06e3,2026-06-26 16:43:58,SBI,AXIS,ni****90@oksbi,pr****88@axis,41765.0,RECHARGE,SUCCESS,AHMEDABAD,GUJARAT,DEV100165,2912,,2026-07-12 18:25:28.953779,dbfs:/Volumes/dbacademy/default/myvolume/Project%20Sentinel/upi_transactions.csv,High Response Time
f910354f-92f6-424d-aa25-1f0232efa73a,2026-07-07 21:28:33,AXIS,ICICI,am****15@axis,am****72@icici,29422.0,RECHARGE,SUCCESS,MUMBAI,MAHARASHTRA,DEV100129,2869,,2026-07-12 18:25:28.953779,dbfs:/Volumes/dbacademy/default/myvolume/Project%20Sentinel/upi_transactions.csv,High Response Time
100eb431-0c05-4dd2-90c7-301bde471a27,2026-06-21 02:33:37,ICICI,HDFC,ma****44@icici,ka****18@okhdfc,14089.0,P2P,SUCCESS,AHMEDABAD,GUJARAT,DEV100060,2887,,2026-07-12 18:25:28.953779,dbfs:/Volumes/dbacademy/default/myvolume/Project%20Sentinel/upi_transactions.csv,High Response Time
91a33281-3df7-4426-83da-6f7084541dc9,2026-06-14 05:50:21,ICICI,AXIS,ka****21@icici,po****08@axis,13219.0,BILL PAYMENT,SUCCESS,JAIPUR,RAJASTHAN,DEV100020,2865,,2026-07-12 18:25:28.953779,dbfs:/Volumes/dbacademy/default/myvolume/Project%20Sentinel/upi_transactions.csv,High Response Time
14c4ff61-5472-4995-8354-a855a466593f,2026-07-06 07:58:02,AXIS,HDFC,ka****67@axis,di****90@okhdfc,8523.0,MERCHANT,SUCCESS,AHMEDABAD,GUJARAT,DEV100035,2851,,2026-07-12 18:25:28.953779,dbfs:/Volumes/dbacademy/default/myvolume/Project%20Sentinel/upi_transactions.csv,High Response Time
3f5ae3d1-4406-4fa3-996c-05a757f7fd00,2026-06-21 15:11:02,ICICI,HDFC,an****76@icici,ka****92@okhdfc,33282.0,MERCHANT,SUCCESS,MUMBAI,MAHARASHTRA,DEV100113,2864,,2026-07-12 18:25:28.953779,dbfs:/Volumes/dbacademy/default/myvolume/Project%20Sentinel/upi_transactions.csv,High Response Time
5e5bc924-7f7d-45a1-8d3f-e297bec0bc8d,2026-06-29 22:14:56,ICICI,AXIS,pr****71@icici,si****82@axis,22282.0,MERCHANT,SUCCESS,JAIPUR,RAJASTHAN,DEV100026,2989,,2026-07-12 18:25:28.953779,dbfs:/Volumes/dbacademy/default/myvolume/Project%20Sentinel/upi_transactions.csv,High Response Time
5fd3a8fb-2091-4d31-91d2-a8451f069498,2026-07-09 05:42:24,ICICI,HDFC,pr****14@icici,pr****14@okhdfc,24197.0,P2P,SUCCESS,AHMEDABAD,GUJARAT,DEV100019,2978,,2026-07-12 18:25:28.953779,dbfs:/Volumes/dbacademy/default/myvolume/Project%20Sentinel/upi_transactions.csv,High Response Time
fd6023c3-bd0d-4b1a-bb0b-555b9408a39f,2026-06-24 09:08:55,AXIS,SBI,ka****12@axis,si****30@oksbi,40252.0,P2P,SUCCESS,INDORE,MADHYA PRADESH,DEV100067,2957,,2026-07-12 18:25:28.953779,dbfs:/Volumes/dbacademy/default/myvolume/Project%20Sentinel/upi_transactions.csv,High Response Time
17c22413-0932-430f-94c7-c042245c8263,2026-06-14 11:12:59,HDFC,AXIS,ha****24@okhdfc,ka****98@axis,30621.0,RECHARGE,SUCCESS,BANGALORE,KARNATAKA,DEV100071,2942,,2026-07-12 18:25:28.953779,dbfs:/Volumes/dbacademy/default/myvolume/Project%20Sentinel/upi_transactions.csv,High Response Time
be8af0eb-0e1d-4086-8712-2225abd17078,2026-06-27 07:25:19,AXIS,ICICI,ri****21@axis,ha****32@icici,9183.0,P2P,SUCCESS,PUNE,MAHARASHTRA,DEV100159,2884,,2026-07-12 18:25:28.953779,dbfs:/Volumes/dbacademy/default/myvolume/Project%20Sentinel/upi_transactions.csv,High Response Time
b1b05602-a527-45c2-8722-107b6f82caa9,2026-07-01 02:22:00,AXIS,ICICI,ka****99@axis,pr****51@icici,30280.0,RECHARGE,SUCCESS,DELHI,DELHI,DEV100154,2941,,2026-07-12 18:25:28.953779,dbfs:/Volumes/dbacademy/default/myvolume/Project%20Sentinel/upi_transactions.csv,High Response Time
4a76c3e6-8c77-4d04-9620-a26917361dbd,2026-06-13 05:40:43,SBI,HDFC,vi****39@oksbi,po****36@okhdfc,3810.0,P2P,SUCCESS,PUNE,MAHARASHTRA,DEV100077,2969,,2026-07-12 18:25:28.953779,dbfs:/Volumes/dbacademy/default/myvolume/Project%20Sentinel/upi_transactions.csv,High Response Time
1dc7de02-1c29-4acf-8c23-0a669f154eae,2026-06-24 09:34:11,ICICI,SBI,ri****50@icici,ni****70@oksbi,28159.0,P2P,SUCCESS,INDORE,MADHYA PRADESH,DEV100014,2857,,2026-07-12 18:25:28.953779,dbfs:/Volumes/dbacademy/default/myvolume/Project%20Sentinel/upi_transactions.csv,High Response Time
8f927b71-cbe3-4fa3-86b9-00c62f58e2e1,2026-07-04 18:19:08,ICICI,SBI,ka****55@icici,pr****86@oksbi,9597.0,BILL PAYMENT,SUCCESS,INDORE,MADHYA PRADESH,DEV100177,2925,,2026-07-12 18:25:28.953779,dbfs:/Volumes/dbacademy/default/myvolume/Project%20Sentinel/upi_transactions.csv,High Response Time
1db55253-766f-45e9-99e1-07ca86171b6e,2026-06-14 23:22:35,SBI,ICICI,am****56@oksbi,ka****99@icici,42288.0,P2P,SUCCESS,PUNE,MAHARASHTRA,DEV100177,3000,,2026-07-12 18:25:28.953779,dbfs:/Volumes/dbacademy/default/myvolume/Project%20Sentinel/upi_transactions.csv,High Response Time
93374b87-2610-4fa1-8136-152485710dc7,2026-06-29 23:47:22,AXIS,ICICI,an****85@axis,ha****42@icici,14903.0,P2P,SUCCESS,MUMBAI,MAHARASHTRA,DEV100011,2886,,2026-07-12 18:25:28.953779,dbfs:/Volumes/dbacademy/default/myvolume/Project%20Sentinel/upi_transactions.csv,High Response Time
8fe3594d-6276-4b6a-b42e-bd252ba360ef,2026-06-24 16:23:13,AXIS,HDFC,ne****16@axis,sn****56@okhdfc,28414.0,BILL PAYMENT,SUCCESS,HYDERABAD,TELANGANA,DEV100178,2922,,2026-07-12 18:25:28.953779,dbfs:/Volumes/dbacademy/default/myvolume/Project%20Sentinel/upi_transactions.csv,High Response Time
9d49dbaa-5366-48d9-9354-fa8217e4421c,2026-07-12 13:03:49,HDFC,ICICI,ri****28@okhdfc,ri****87@icici,47836.0,MERCHANT,SUCCESS,AHMEDABAD,GUJARAT,DEV100113,3000,,2026-07-12 18:25:28.953779,dbfs:/Volumes/dbacademy/default/myvolume/Project%20Sentinel/upi_transactions.csv,High Response Time
d9a4a341-7746-405a-8197-8e044d5766f0,2026-07-03 23:44:30,SBI,ICICI,po****22@oksbi,ka****57@icici,37165.0,P2P,SUCCESS,JAIPUR,RAJASTHAN,DEV100009,2882,,2026-07-12 18:25:28.953779,dbfs:/Volumes/dbacademy/default/myvolume/Project%20Sentinel/upi_transactions.csv,High Response Time
0d973bdc-6b67-4c83-b826-42fbdf3b13fc,2026-06-24 11:02:34,AXIS,ICICI,am****26@axis,ka****89@icici,1868.0,MERCHANT,SUCCESS,DELHI,DELHI,DEV100087,2916,,2026-07-12 18:25:28.953779,dbfs:/Volumes/dbacademy/default/myvolume/Project%20Sentinel/upi_transactions.csv,High Response Time
5c3d128d-d9eb-404f-8d63-af85f54ffdce,2026-06-27 04:03:51,HDFC,ICICI,ma****03@okhdfc,ma****19@icici,18437.0,P2P,SUCCESS,BANGALORE,KARNATAKA,DEV100084,2881,,2026-07-12 18:25:28.953779,dbfs:/Volumes/dbacademy/default/myvolume/Project%20Sentinel/upi_transactions.csv,High Response Time
050d0356-5369-427a-8c87-89ccaa4f566b,2026-06-16 14:40:34,SBI,HDFC,ro****64@oksbi,ar****12@okhdfc,43860.0,MERCHANT,SUCCESS,PUNE,MAHARASHTRA,DEV100034,2931,,2026-07-12 18:25:28.953779,dbfs:/Volumes/dbacademy/default/myvolume/Project%20Sentinel/upi_transactions.csv,High Response Time
a736be58-5a92-4b96-adff-8023e175c302,2026-06-21 21:10:01,HDFC,SBI,di****44@okhdfc,ro****60@oksbi,17824.0,BILL PAYMENT,SUCCESS,INDORE,MADHYA PRADESH,DEV100076,2884,,2026-07-12 18:25:28.953779,dbfs:/Volumes/dbacademy/default/myvolume/Project%20Sentinel/upi_transactions.csv,High Response Time
a594d505-1d64-47ef-b721-851531fea759,2026-07-09 20:17:19,HDFC,SBI,ni****57@okhdfc,pr****43@oksbi,39370.0,P2P,SUCCESS,PUNE,MAHARASHTRA,DEV100092,2990,,2026-07-12 18:25:28.953779,dbfs:/Volumes/dbacademy/default/myvolume/Project%20Sentinel/upi_transactions.csv,High Response Time
b5d4e5d2-9179-4ed1-be0e-a020bb1728e4,2026-06-22 05:44:22,SBI,ICICI,si****39@oksbi,an****01@icici,11565.0,P2P,SUCCESS,HYDERABAD,TELANGANA,DEV100151,2970,,2026-07-12 18:25:28.953779,dbfs:/Volumes/dbacademy/default/myvolume/Project%20Sentinel/upi_transactions.csv,High Response Time
f6278aab-e3b6-44c6-9b32-23f0b8d2e9d0,2026-06-19 22:21:40,ICICI,AXIS,pr****03@icici,ar****28@axis,7170.0,P2P,SUCCESS,AHMEDABAD,GUJARAT,DEV100085,2928,,2026-07-12 18:25:28.953779,dbfs:/Volumes/dbacademy/default/myvolume/Project%20Sentinel/upi_transactions.csv,High Response Time
45bae9b8-d36f-4929-adda-4c28638e9876,2026-07-09 01:27:49,ICICI,SBI,ne****07@icici,vi****47@oksbi,16285.0,RECHARGE,SUCCESS,INDORE,MADHYA PRADESH,DEV100141,2858,,2026-07-12 18:25:28.953779,dbfs:/Volumes/dbacademy/default/myvolume/Project%20Sentinel/upi_transactions.csv,High Response Time
b52e6976-115f-4eec-bb75-8f819f973dc8,2026-06-17 04:29:18,SBI,HDFC,sn****93@oksbi,ka****84@okhdfc,22134.0,RECHARGE,SUCCESS,BANGALORE,KARNATAKA,DEV100075,2934,,2026-07-12 18:25:28.953779,dbfs:/Volumes/dbacademy/default/myvolume/Project%20Sentinel/upi_transactions.csv,High Response Time
4bdca083-e348-4601-a954-90e493c71d3e,2026-07-08 02:24:34,ICICI,SBI,ro****17@icici,po****21@oksbi,9597.0,MERCHANT,SUCCESS,PUNE,MAHARASHTRA,DEV100055,2961,,2026-07-12 18:25:28.953779,dbfs:/Volumes/dbacademy/default/myvolume/Project%20Sentinel/upi_transactions.csv,High Response Time
d403529a-602e-4ea7-acec-840d2741f12c,2026-07-06 18:22:29,AXIS,ICICI,pr****90@axis,di****23@icici,7781.0,MERCHANT,SUCCESS,AHMEDABAD,GUJARAT,DEV100106,2908,,2026-07-12 18:25:28.953779,dbfs:/Volumes/dbacademy/default/myvolume/Project%20Sentinel/upi_transactions.csv,High Response Time
9e705b2f-7177-4649-ba49-d64098bceb59,2026-07-09 11:26:45,AXIS,SBI,sn****82@axis,an****17@oksbi,3186.0,BILL PAYMENT,SUCCESS,BANGALORE,KARNATAKA,DEV100139,2921,,2026-07-12 18:25:28.953779,dbfs:/Volumes/dbacademy/default/myvolume/Project%20Sentinel/upi_transactions.csv,High Response Time
343a8ce4-0d8c-4f8c-8a0a-c6e9512e582e,2026-07-03 17:18:42,ICICI,AXIS,ma****34@icici,ro****61@axis,20632.0,MERCHANT,SUCCESS,BANGALORE,KARNATAKA,DEV100057,2960,,2026-07-12 18:25:28.953779,dbfs:/Volumes/dbacademy/default/myvolume/Project%20Sentinel/upi_transactions.csv,High Response Time
a42f7c3d-a163-4026-bd8c-1a88cfacfdc8,2026-07-12 00:24:34,HDFC,AXIS,si****93@okhdfc,ne****85@axis,35348.0,P2P,SUCCESS,HYDERABAD,TELANGANA,DEV100032,2993,,2026-07-12 18:25:28.953779,dbfs:/Volumes/dbacademy/default/myvolume/Project%20Sentinel/upi_transactions.csv,High Response Time
2f294840-2215-42de-88d0-988836c47b45,2026-06-15 10:55:41,SBI,AXIS,ma****48@oksbi,di****01@axis,24432.0,BILL PAYMENT,SUCCESS,AHMEDABAD,GUJARAT,DEV100014,2872,,2026-07-12 18:25:28.953779,dbfs:/Volumes/dbacademy/default/myvolume/Project%20Sentinel/upi_transactions.csv,High Response Time
ddbbe590-5a4f-45fb-a5f5-4cd629231690,2026-07-01 15:43:50,SBI,AXIS,ha****35@oksbi,ni****58@axis,14609.0,MERCHANT,SUCCESS,MUMBAI,MAHARASHTRA,DEV100025,2991,,2026-07-12 18:25:28.953779,dbfs:/Volumes/dbacademy/default/myvolume/Project%20Sentinel/upi_transactions.csv,High Response Time
fff7c6fe-b0bb-4310-94f3-fda35d8aceb8,2026-06-14 20:19:06,AXIS,SBI,si****58@axis,ar****62@oksbi,30729.0,P2P,SUCCESS,AHMEDABAD,GUJARAT,DEV100160,2903,,2026-07-12 18:25:28.953779,dbfs:/Volumes/dbacademy/default/myvolume/Project%20Sentinel/upi_transactions.csv,High Response Time
251f0c54-3ec6-4ade-baa5-fd513a2e95df,2026-07-11 09:27:38,AXIS,HDFC,di****94@axis,po****19@okhdfc,11409.0,MERCHANT,SUCCESS,BANGALORE,KARNATAKA,DEV100190,2867,,2026-07-12 18:25:28.953779,dbfs:/Volumes/dbacademy/default/myvolume/Project%20Sentinel/upi_transactions.csv,High Response Time
b8bfc1cd-cb01-4ad2-8af4-7e583ebe65c6,2026-07-06 16:31:05,HDFC,SBI,ha****77@okhdfc,vi****49@oksbi,36438.0,MERCHANT,SUCCESS,DELHI,DELHI,DEV100171,2894,,2026-07-12 18:25:28.953779,dbfs:/Volumes/dbacademy/default/myvolume/Project%20Sentinel/upi_transactions.csv,High Response Time
1b099e17-1227-4286-b9d3-f8ef9656f299,2026-07-06 11:59:30,SBI,AXIS,sn****91@oksbi,am****55@axis,23743.0,MERCHANT,SUCCESS,HYDERABAD,TELANGANA,DEV100071,2915,,2026-07-12 18:25:28.953779,dbfs:/Volumes/dbacademy/default/myvolume/Project%20Sentinel/upi_transactions.csv,High Response Time
005a4e7f-1eed-4170-af5c-d14f93744aa8,2026-06-28 13:27:28,HDFC,SBI,an****12@okhdfc,ra****96@oksbi,39903.0,P2P,SUCCESS,AHMEDABAD,GUJARAT,DEV100115,2889,,2026-07-12 18:25:28.953779,dbfs:/Volumes/dbacademy/default/myvolume/Project%20Sentinel/upi_transactions.csv,High Response Time
7443cb70-4148-4c7e-85f8-3f5efd7a8453,2026-07-04 06:55:53,SBI,HDFC,ma****86@oksbi,pr****12@okhdfc,30313.0,P2P,SUCCESS,AHMEDABAD,GUJARAT,DEV100188,3000,,2026-07-12 18:25:28.953779,dbfs:/Volumes/dbacademy/default/myvolume/Project%20Sentinel/upi_transactions.csv,High Response Time
bef9a775-eedc-42cc-a057-1d7bab72a856,2026-06-16 19:17:12,AXIS,SBI,am****10@axis,vi****02@oksbi,6308.0,MERCHANT,SUCCESS,PUNE,MAHARASHTRA,DEV100138,2980,,2026-07-12 18:25:28.953779,dbfs:/Volumes/dbacademy/default/myvolume/Project%20Sentinel/upi_transactions.csv,High Response Time
eac85626-9864-4c47-aab3-613c9d7ad645,2026-07-05 18:51:43,SBI,HDFC,ro****72@oksbi,vi****76@okhdfc,19011.0,P2P,SUCCESS,INDORE,MADHYA PRADESH,DEV100197,2964,,2026-07-12 18:25:28.953779,dbfs:/Volumes/dbacademy/default/myvolume/Project%20Sentinel/upi_transactions.csv,High Response Time
7d144d50-d8b0-4ec2-8ea3-d8a35a7e40f6,2026-06-20 16:40:06,HDFC,SBI,am****11@okhdfc,am****74@oksbi,45523.0,RECHARGE,SUCCESS,PUNE,MAHARASHTRA,DEV100093,2983,,2026-07-12 18:25:28.953779,dbfs:/Volumes/dbacademy/default/myvolume/Project%20Sentinel/upi_transactions.csv,High Response Time
25982ae9-6caf-416b-aede-58dcabbc9e6c,2026-06-12 21:30:49,AXIS,ICICI,pr****29@axis,ri****78@icici,37918.0,BILL PAYMENT,SUCCESS,DELHI,DELHI,DEV100081,2997,,2026-07-12 18:25:28.953779,dbfs:/Volumes/dbacademy/default/myvolume/Project%20Sentinel/upi_transactions.csv,High Response Time
c36ef82a-bab3-4de7-b715-6e42b608f96b,2026-07-04 03:09:33,HDFC,SBI,po****11@okhdfc,ni****71@oksbi,2362.0,P2P,SUCCESS,BANGALORE,KARNATAKA,DEV100044,2872,,2026-07-12 18:25:28.953779,dbfs:/Volumes/dbacademy/default/myvolume/Project%20Sentinel/upi_transactions.csv,High Response Time
d461447e-4413-46c6-8138-d2dd78a3f0d9,2026-07-08 21:22:48,HDFC,SBI,pr****97@okhdfc,ro****71@oksbi,21013.0,P2P,SUCCESS,MUMBAI,MAHARASHTRA,DEV100111,2883,,2026-07-12 18:25:28.953779,dbfs:/Volumes/dbacademy/default/myvolume/Project%20Sentinel/upi_transactions.csv,High Response Time
99b79898-1dcb-40d6-96a7-202f84331765,2026-06-17 05:55:06,ICICI,HDFC,ne****18@icici,pr****00@okhdfc,44963.0,RECHARGE,SUCCESS,PUNE,MAHARASHTRA,DEV100127,2961,,2026-07-12 18:25:28.953779,dbfs:/Volumes/dbacademy/default/myvolume/Project%20Sentinel/upi_transactions.csv,High Response Time
37663f41-5939-4e95-a924-ee2590927e2c,2026-07-07 00:22:14,HDFC,SBI,ma****57@okhdfc,ra****32@oksbi,16053.0,MERCHANT,SUCCESS,MUMBAI,MAHARASHTRA,DEV100106,2893,,2026-07-12 18:25:28.953779,dbfs:/Volumes/dbacademy/default/myvolume/Project%20Sentinel/upi_transactions.csv,High Response Time
8139db38-ebf5-474c-8fd2-52f9b0cd3fd2,2026-06-18 00:04:16,SBI,AXIS,am****79@oksbi,ri****97@axis,20240.0,P2P,SUCCESS,AHMEDABAD,GUJARAT,DEV100152,2995,,2026-07-12 18:25:28.953779,dbfs:/Volumes/dbacademy/default/myvolume/Project%20Sentinel/upi_transactions.csv,High Response Time
e3cf2b41-c0c0-483b-8f4b-a5014a8d14da,2026-06-22 20:36:35,HDFC,AXIS,ka****34@okhdfc,ne****98@axis,4948.0,P2P,SUCCESS,JAIPUR,RAJASTHAN,DEV100068,2863,,2026-07-12 18:25:28.953779,dbfs:/Volumes/dbacademy/default/myvolume/Project%20Sentinel/upi_transactions.csv,High Response Time
640c0ca6-29db-498c-95b4-1147acfee516,2026-06-14 12:05:49,ICICI,HDFC,ne****47@icici,ma****93@okhdfc,14020.0,MERCHANT,SUCCESS,HYDERABAD,TELANGANA,DEV100010,2942,,2026-07-12 18:25:28.953779,dbfs:/Volumes/dbacademy/default/myvolume/Project%20Sentinel/upi_transactions.csv,High Response Time
aa4dbb93-ccaf-43e9-bb45-412ed28e9bde,2026-06-22 06:39:20,SBI,AXIS,po****87@oksbi,ka****97@axis,29097.0,P2P,SUCCESS,AHMEDABAD,GUJARAT,DEV100108,2974,,2026-07-12 18:25:28.953779,dbfs:/Volumes/dbacademy/default/myvolume/Project%20Sentinel/upi_transactions.csv,High Response Time
9fb26deb-7f8b-40d0-b4f1-cec54b6a4f66,2026-06-27 07:03:48,SBI,AXIS,pr****20@oksbi,ka****84@axis,21791.0,P2P,SUCCESS,HYDERABAD,TELANGANA,DEV100169,2931,,2026-07-12 18:25:28.953779,dbfs:/Volumes/dbacademy/default/myvolume/Project%20Sentinel/upi_transactions.csv,High Response Time
15a29c94-065b-423e-acb0-74c5ff78d8ef,2026-06-29 06:12:49,ICICI,AXIS,an****27@icici,ri****49@axis,365.0,RECHARGE,SUCCESS,HYDERABAD,TELANGANA,DEV100123,2907,,2026-07-12 18:25:28.953779,dbfs:/Volumes/dbacademy/default/myvolume/Project%20Sentinel/upi_transactions.csv,High Response Time
e6409ff7-33b7-4bc0-b8d6-053eded4c2f9,2026-07-11 20:27:15,AXIS,SBI,ro****96@axis,ka****87@oksbi,12404.0,RECHARGE,SUCCESS,PUNE,MAHARASHTRA,DEV100062,3000,,2026-07-12 18:25:28.953779,dbfs:/Volumes/dbacademy/default/myvolume/Project%20Sentinel/upi_transactions.csv,High Response Time
548cd8f3-c24e-48fe-8414-e1564c0f87e6,2026-07-03 10:35:33,SBI,HDFC,po****40@oksbi,sn****27@okhdfc,1034.0,MERCHANT,SUCCESS,JAIPUR,RAJASTHAN,DEV100001,2904,,2026-07-12 18:25:28.953779,dbfs:/Volumes/dbacademy/default/myvolume/Project%20Sentinel/upi_transactions.csv,High Response Time
67d3b9d7-bfef-4bc4-8c8f-f9e52b9bef82,2026-06-15 21:30:37,SBI,AXIS,pr****31@oksbi,pr****60@axis,21572.0,P2P,SUCCESS,MUMBAI,MAHARASHTRA,DEV100053,2965,,2026-07-12 18:25:28.953779,dbfs:/Volumes/dbacademy/default/myvolume/Project%20Sentinel/upi_transactions.csv,High Response Time
c08a022a-99b5-4e09-89cd-e239d43a4da7,2026-06-21 14:58:19,SBI,ICICI,ro****00@oksbi,ka****92@icici,34081.0,MERCHANT,SUCCESS,AHMEDABAD,GUJARAT,DEV100065,2943,,2026-07-12 18:25:28.953779,dbfs:/Volumes/dbacademy/default/myvolume/Project%20Sentinel/upi_transactions.csv,High Response Time
c52d7ae7-01a1-4768-8ead-9038deda886a,2026-06-17 05:08:42,HDFC,SBI,ka****72@okhdfc,ri****46@oksbi,7960.0,P2P,SUCCESS,MUMBAI,MAHARASHTRA,DEV100173,2895,,2026-07-12 18:25:28.953779,dbfs:/Volumes/dbacademy/default/myvolume/Project%20Sentinel/upi_transactions.csv,High Response Time
a6e22bc6-4a63-4803-95cc-ccd585b120c2,2026-07-01 16:13:35,AXIS,SBI,ne****88@axis,sn****99@oksbi,38043.0,MERCHANT,SUCCESS,JAIPUR,RAJASTHAN,DEV100094,2937,,2026-07-12 18:25:28.953779,dbfs:/Volumes/dbacademy/default/myvolume/Project%20Sentinel/upi_transactions.csv,High Response Time
11b1de19-ddf8-42aa-ad29-9b8336e423b0,2026-06-26 21:54:37,HDFC,AXIS,ro****53@okhdfc,di****99@axis,14592.0,BILL PAYMENT,SUCCESS,PUNE,MAHARASHTRA,DEV100030,2865,,2026-07-12 18:25:28.953779,dbfs:/Volumes/dbacademy/default/myvolume/Project%20Sentinel/upi_transactions.csv,High Response Time
e49b11dc-1c13-480b-9ba1-9b66d76238d5,2026-06-21 02:54:53,SBI,HDFC,pr****95@oksbi,ro****46@okhdfc,13560.0,MERCHANT,SUCCESS,JAIPUR,RAJASTHAN,DEV100059,2919,,2026-07-12 18:25:28.953779,dbfs:/Volumes/dbacademy/default/myvolume/Project%20Sentinel/upi_transactions.csv,High Response Time
ff340b78-abe0-4fff-816e-9da60efd42aa,2026-06-21 15:06:11,AXIS,HDFC,ha****92@axis,ra****85@okhdfc,19877.0,RECHARGE,SUCCESS,INDORE,MADHYA PRADESH,DEV100164,2863,,2026-07-12 18:25:28.953779,dbfs:/Volumes/dbacademy/default/myvolume/Project%20Sentinel/upi_transactions.csv,High Response Time
97a37bc3-56d4-4c22-97bc-403b85a3fd15,2026-06-22 04:48:47,AXIS,ICICI,sn****20@axis,ro****91@icici,19636.0,P2P,FAILED,JAIPUR,RAJASTHAN,DEV100192,2963,Timeout,2026-07-12 18:25:28.953779,dbfs:/Volumes/dbacademy/default/myvolume/Project%20Sentinel/upi_transactions.csv,High Response Time
abbf0395-4f9d-4cd2-9b21-1ac15aea6120,2026-06-30 21:37:23,HDFC,SBI,ka****63@okhdfc,ka****18@oksbi,6341.0,P2P,SUCCESS,HYDERABAD,TELANGANA,DEV100078,2990,,2026-07-12 18:25:28.953779,dbfs:/Volumes/dbacademy/default/myvolume/Project%20Sentinel/upi_transactions.csv,High Response Time
e0de6a19-78e7-483f-9b43-24f813a69ab7,2026-07-03 06:18:53,HDFC,AXIS,ka****73@okhdfc,ka****95@axis,29109.0,P2P,SUCCESS,BANGALORE,KARNATAKA,DEV100192,2889,,2026-07-12 18:25:28.953779,dbfs:/Volumes/dbacademy/default/myvolume/Project%20Sentinel/upi_transactions.csv,High Response Time
bddd0a1c-fba7-4a8c-ae6c-531bdcf0782f,2026-06-23 18:21:09,SBI,ICICI,ar****32@oksbi,am****19@icici,47082.0,P2P,SUCCESS,PUNE,MAHARASHTRA,DEV100045,2888,,2026-07-12 18:25:28.953779,dbfs:/Volumes/dbacademy/default/myvolume/Project%20Sentinel/upi_transactions.csv,High Response Time
9fb8f546-1d0f-48da-9192-b18957ae4de8,2026-07-11 03:24:58,ICICI,HDFC,an****73@icici,ra****88@okhdfc,46973.0,P2P,SUCCESS,AHMEDABAD,GUJARAT,DEV100185,2858,,2026-07-12 18:25:28.953779,dbfs:/Volumes/dbacademy/default/myvolume/Project%20Sentinel/upi_transactions.csv,High Response Time
cc7b291c-a786-4127-a386-2059c3c92be7,2026-06-20 09:16:02,SBI,HDFC,po****42@oksbi,vi****98@okhdfc,22120.0,RECHARGE,SUCCESS,JAIPUR,RAJASTHAN,DEV100188,2894,,2026-07-12 18:25:28.953779,dbfs:/Volumes/dbacademy/default/myvolume/Project%20Sentinel/upi_transactions.csv,High Response Time
77a0a22a-525f-4059-aedc-8d7e336d5fdf,2026-06-23 01:27:06,AXIS,ICICI,ro****28@axis,ka****58@icici,8098.0,P2P,SUCCESS,JAIPUR,RAJASTHAN,DEV100080,2871,,2026-07-12 18:25:28.953779,dbfs:/Volumes/dbacademy/default/myvolume/Project%20Sentinel/upi_transactions.csv,High Response Time
b463462a-6947-4586-8a22-095629c49b18,2026-07-06 12:25:26,AXIS,ICICI,di****97@axis,po****75@icici,24538.0,P2P,SUCCESS,PUNE,MAHARASHTRA,DEV100002,2960,,2026-07-12 18:25:28.953779,dbfs:/Volumes/dbacademy/default/myvolume/Project%20Sentinel/upi_transactions.csv,High Response Time
c5ecfc43-8a86-4448-9ec8-a3ddff9ea60f,2026-06-15 05:09:37,HDFC,ICICI,ra****91@okhdfc,ha****60@icici,28321.0,MERCHANT,SUCCESS,AHMEDABAD,GUJARAT,DEV100116,2890,,2026-07-12 18:25:28.953779,dbfs:/Volumes/dbacademy/default/myvolume/Project%20Sentinel/upi_transactions.csv,High Response Time
a7abc388-ea5c-4487-9798-0a6a6507caeb,2026-07-04 11:31:55,ICICI,AXIS,ha****12@icici,ra****20@axis,39412.0,RECHARGE,SUCCESS,HYDERABAD,TELANGANA,DEV100038,2993,,2026-07-12 18:25:28.953779,dbfs:/Volumes/dbacademy/default/myvolume/Project%20Sentinel/upi_transactions.csv,High Response Time
fb60acbf-838a-4f11-b7a9-36b92f1a963c,2026-07-02 14:25:51,AXIS,SBI,po****83@axis,po****97@oksbi,9108.0,P2P,SUCCESS,INDORE,MADHYA PRADESH,DEV100137,2902,,2026-07-12 18:25:28.953779,dbfs:/Volumes/dbacademy/default/myvolume/Project%20Sentinel/upi_transactions.csv,High Response Time
68780060-a8d2-4da3-b119-d190468ec6d8,2026-07-03 03:24:39,SBI,AXIS,ro****79@oksbi,po****78@axis,6515.0,MERCHANT,SUCCESS,DELHI,DELHI,DEV100032,2959,,2026-07-12 18:25:28.953779,dbfs:/Volumes/dbacademy/default/myvolume/Project%20Sentinel/upi_transactions.csv,High Response Time
c787d032-144a-48c7-863a-6c1d66822f49,2026-06-18 07:55:48,HDFC,ICICI,po****90@okhdfc,po****73@icici,20945.0,MERCHANT,SUCCESS,HYDERABAD,TELANGANA,DEV100025,2961,,2026-07-12 18:25:28.953779,dbfs:/Volumes/dbacademy/default/myvolume/Project%20Sentinel/upi_transactions.csv,High Response Time
a0bdf81c-f3cb-459c-8335-d4bace560d31,2026-07-12 04:47:13,SBI,HDFC,si****43@oksbi,ar****23@okhdfc,42594.0,BILL PAYMENT,SUCCESS,BANGALORE,KARNATAKA,DEV100078,2947,,2026-07-12 18:25:28.953779,dbfs:/Volumes/dbacademy/default/myvolume/Project%20Sentinel/upi_transactions.csv,High Response Time
cc44f295-b5d6-40ec-ae53-530b211de5ff,2026-06-19 04:29:29,SBI,AXIS,ro****32@oksbi,ni****37@axis,22335.0,MERCHANT,SUCCESS,BANGALORE,KARNATAKA,DEV100113,2866,,2026-07-12 18:25:28.953779,dbfs:/Volumes/dbacademy/default/myvolume/Project%20Sentinel/upi_transactions.csv,High Response Time
80b9c678-1d9b-4932-9e54-569f6f10ca80,2026-07-05 14:18:08,HDFC,AXIS,am****08@okhdfc,ha****12@axis,28784.0,MERCHANT,SUCCESS,DELHI,DELHI,DEV100091,2917,,2026-07-12 18:25:28.953779,dbfs:/Volumes/dbacademy/default/myvolume/Project%20Sentinel/upi_transactions.csv,High Response Time
89e00fa1-1825-4162-b809-308569080509,2026-07-09 05:15:24,AXIS,HDFC,ni****70@axis,pr****49@okhdfc,18070.0,MERCHANT,SUCCESS,DELHI,DELHI,DEV100183,2907,,2026-07-12 18:25:28.953779,dbfs:/Volumes/dbacademy/default/myvolume/Project%20Sentinel/upi_transactions.csv,High Response Time
e0e50397-d5ab-43dc-8277-f7640e898899,2026-06-23 09:39:34,AXIS,HDFC,ra****36@axis,pr****16@okhdfc,25483.0,BILL PAYMENT,SUCCESS,MUMBAI,MAHARASHTRA,DEV100197,2993,,2026-07-12 18:25:28.953779,dbfs:/Volumes/dbacademy/default/myvolume/Project%20Sentinel/upi_transactions.csv,High Response Time
c4979f26-aab2-4a1b-950c-5097c1d772bb,2026-06-19 01:02:35,HDFC,AXIS,ka****54@okhdfc,ra****94@axis,46403.0,P2P,SUCCESS,AHMEDABAD,GUJARAT,DEV100078,2959,,2026-07-12 18:25:28.953779,dbfs:/Volumes/dbacademy/default/myvolume/Project%20Sentinel/upi_transactions.csv,High Response Time
03219a25-7fc5-4908-a016-861cc0704c5a,2026-06-22 21:08:23,AXIS,ICICI,vi****53@axis,ha****14@icici,21739.0,P2P,SUCCESS,MUMBAI,MAHARASHTRA,DEV100166,2969,,2026-07-12 18:25:28.953779,dbfs:/Volumes/dbacademy/default/myvolume/Project%20Sentinel/upi_transactions.csv,High Response Time
a229b63b-c4a5-4ec8-a317-fe36791449f7,2026-07-02 13:33:19,HDFC,AXIS,ka****88@okhdfc,si****13@axis,44382.0,MERCHANT,SUCCESS,AHMEDABAD,GUJARAT,DEV100112,2881,,2026-07-12 18:25:28.953779,dbfs:/Volumes/dbacademy/default/myvolume/Project%20Sentinel/upi_transactions.csv,High Response Time
3a06629d-b00a-4a03-abe2-507c4ad666b7,2026-06-14 22:34:56,ICICI,SBI,ha****86@icici,vi****17@oksbi,24514.0,P2P,SUCCESS,INDORE,MADHYA PRADESH,DEV100145,2857,,2026-07-12 18:25:28.953779,dbfs:/Volumes/dbacademy/default/myvolume/Project%20Sentinel/upi_transactions.csv,High Response Time
73614fe1-3e62-42e6-a441-11022a4e1057,2026-07-02 12:43:56,ICICI,AXIS,pr****15@icici,ma****81@axis,33001.0,P2P,SUCCESS,DELHI,DELHI,DEV100141,2863,,2026-07-12 18:25:28.953779,dbfs:/Volumes/dbacademy/default/myvolume/Project%20Sentinel/upi_transactions.csv,High Response Time
878a941d-e80a-406f-8058-27913961f655,2026-06-18 15:08:28,AXIS,ICICI,ar****51@axis,ni****11@icici,8714.0,MERCHANT,SUCCESS,DELHI,DELHI,DEV100133,2851,,2026-07-12 18:25:28.953779,dbfs:/Volumes/dbacademy/default/myvolume/Project%20Sentinel/upi_transactions.csv,High Response Time
4b0055b1-68a8-4f0c-b62c-dd740224050e,2026-07-09 20:19:58,AXIS,ICICI,ni****60@axis,di****17@icici,38965.0,P2P,SUCCESS,DELHI,DELHI,DEV100177,2933,,2026-07-12 18:25:28.953779,dbfs:/Volumes/dbacademy/default/myvolume/Project%20Sentinel/upi_transactions.csv,High Response Time
7621ad3e-4cdc-4949-b879-c709e30341dc,2026-06-19 03:56:37,SBI,ICICI,ka****25@oksbi,am****88@icici,46960.0,P2P,SUCCESS,DELHI,DELHI,DEV100175,2954,,2026-07-12 18:25:28.953779,dbfs:/Volumes/dbacademy/default/myvolume/Project%20Sentinel/upi_transactions.csv,High Response Time
d53fdd25-65e4-423b-974a-000cc744500c,2026-06-23 00:33:48,SBI,AXIS,ar****60@oksbi,ka****28@axis,16219.0,MERCHANT,SUCCESS,BANGALORE,KARNATAKA,DEV100006,2985,,2026-07-12 18:25:28.953779,dbfs:/Volumes/dbacademy/default/myvolume/Project%20Sentinel/upi_transactions.csv,High Response Time
064b7556-99ed-493c-abc6-d54b3ff1bb13,2026-06-13 16:45:39,HDFC,SBI,si****72@okhdfc,ne****55@oksbi,22755.0,MERCHANT,SUCCESS,BANGALORE,KARNATAKA,DEV100085,2908,,2026-07-12 18:25:28.953779,dbfs:/Volumes/dbacademy/default/myvolume/Project%20Sentinel/upi_transactions.csv,High Response Time
345a6e3f-07e7-44ca-8af8-62d9b2737f1a,2026-06-24 10:17:01,HDFC,ICICI,pr****31@okhdfc,ka****67@icici,11454.0,P2P,SUCCESS,AHMEDABAD,GUJARAT,DEV100170,2961,,2026-07-12 18:25:28.953779,dbfs:/Volumes/dbacademy/default/myvolume/Project%20Sentinel/upi_transactions.csv,High Response Time
846938f5-0402-4d07-8c51-f30158b9ca56,2026-06-16 02:50:23,SBI,HDFC,ro****35@oksbi,ka****94@okhdfc,13386.0,BILL PAYMENT,SUCCESS,PUNE,MAHARASHTRA,DEV100034,2958,,2026-07-12 18:25:28.953779,dbfs:/Volumes/dbacademy/default/myvolume/Project%20Sentinel/upi_transactions.csv,High Response Time
be223aef-3a69-47c5-a776-4a95de730665,2026-06-14 17:10:14,SBI,AXIS,po****16@oksbi,pr****04@axis,2591.0,RECHARGE,SUCCESS,PUNE,MAHARASHTRA,DEV100013,2989,,2026-07-12 18:25:28.953779,dbfs:/Volumes/dbacademy/default/myvolume/Project%20Sentinel/upi_transactions.csv,High Response Time
27800db9-e3a6-49fd-a481-013eb9634d17,2026-07-07 05:09:20,HDFC,ICICI,po****23@okhdfc,vi****52@icici,15193.0,MERCHANT,SUCCESS,PUNE,MAHARASHTRA,DEV100148,3000,,2026-07-12 18:25:28.953779,dbfs:/Volumes/dbacademy/default/myvolume/Project%20Sentinel/upi_transactions.csv,High Response Time
3bf8afb5-c0d1-424e-bb17-643233f93902,2026-07-09 01:51:44,HDFC,ICICI,an****62@okhdfc,ni****23@icici,24562.0,BILL PAYMENT,FAILED,PUNE,MAHARASHTRA,DEV100078,2993,Daily Limit Exceeded,2026-07-12 18:25:28.953779,dbfs:/Volumes/dbacademy/default/myvolume/Project%20Sentinel/upi_transactions.csv,High Response Time
ceb4220e-0162-434d-87ae-23cf49b90b00,2026-06-20 05:48:10,SBI,ICICI,po****46@oksbi,ka****31@icici,38956.0,MERCHANT,SUCCESS,AHMEDABAD,GUJARAT,DEV100017,2991,,2026-07-12 18:25:28.953779,dbfs:/Volumes/dbacademy/default/myvolume/Project%20Sentinel/upi_transactions.csv,High Response Time
2498854c-e01a-419b-80af-6b6974ccbf5c,2026-07-01 10:41:00,AXIS,ICICI,ar****24@axis,vi****71@icici,44967.0,P2P,SUCCESS,INDORE,MADHYA PRADESH,DEV100087,2907,,2026-07-12 18:25:28.953779,dbfs:/Volumes/dbacademy/default/myvolume/Project%20Sentinel/upi_transactions.csv,High Response Time
6633606a-9831-4e22-9b43-5e638e59b0ba,2026-06-23 07:57:30,HDFC,ICICI,an****24@okhdfc,pr****34@icici,24419.0,BILL PAYMENT,SUCCESS,JAIPUR,RAJASTHAN,DEV100180,2858,,2026-07-12 18:25:28.953779,dbfs:/Volumes/dbacademy/default/myvolume/Project%20Sentinel/upi_transactions.csv,High Response Time
7abc1220-9f6c-4f13-ab31-fc5a67744a4c,2026-06-18 17:14:30,HDFC,ICICI,ma****33@okhdfc,sn****91@icici,30390.0,MERCHANT,SUCCESS,HYDERABAD,TELANGANA,DEV100043,2959,,2026-07-12 18:25:28.953779,dbfs:/Volumes/dbacademy/default/myvolume/Project%20Sentinel/upi_transactions.csv,High Response Time
0fb33ac3-ed31-43c5-a04e-43803e888789,2026-06-12 22:50:45,HDFC,SBI,pr****78@okhdfc,an****21@oksbi,23798.0,BILL PAYMENT,SUCCESS,DELHI,DELHI,DEV100089,2964,,2026-07-12 18:25:28.953779,dbfs:/Volumes/dbacademy/default/myvolume/Project%20Sentinel/upi_transactions.csv,High Response Time
390fc557-1741-45c7-b404-8e9cf0e473ad,2026-06-25 04:40:49,ICICI,HDFC,po****90@icici,ka****12@okhdfc,2576.0,P2P,FAILED,MUMBAI,MAHARASHTRA,DEV100076,2913,Bank Server Down,2026-07-12 18:25:28.953779,dbfs:/Volumes/dbacademy/default/myvolume/Project%20Sentinel/upi_transactions.csv,High Response Time
6d755967-483e-4d32-943b-2a957360a99c,2026-07-05 11:57:48,SBI,ICICI,sn****32@oksbi,sn****74@icici,14739.0,RECHARGE,SUCCESS,JAIPUR,RAJASTHAN,DEV100034,2858,,2026-07-12 18:25:28.953779,dbfs:/Volumes/dbacademy/default/myvolume/Project%20Sentinel/upi_transactions.csv,High Response Time
8f4e90d9-f40f-4abc-96c1-baf1275131c6,2026-06-16 06:42:25,AXIS,SBI,ka****94@axis,si****85@oksbi,32345.0,BILL PAYMENT,SUCCESS,JAIPUR,RAJASTHAN,DEV100076,2993,,2026-07-12 18:25:28.953779,dbfs:/Volumes/dbacademy/default/myvolume/Project%20Sentinel/upi_transactions.csv,High Response Time
71c96dd5-44b2-4e16-a310-795dd7a9e4d3,2026-06-27 03:23:21,AXIS,SBI,ma****94@axis,po****77@oksbi,7469.0,BILL PAYMENT,SUCCESS,BANGALORE,KARNATAKA,DEV100053,2893,,2026-07-12 18:25:28.953779,dbfs:/Volumes/dbacademy/default/myvolume/Project%20Sentinel/upi_transactions.csv,High Response Time
5791697a-e431-47a7-b71c-0e20b2cdf6a5,2026-06-17 10:07:17,SBI,AXIS,ar****90@oksbi,ri****96@axis,19854.0,MERCHANT,SUCCESS,DELHI,DELHI,DEV100174,2952,,2026-07-12 18:25:28.953779,dbfs:/Volumes/dbacademy/default/myvolume/Project%20Sentinel/upi_transactions.csv,High Response Time
f33be9aa-e0d5-46d4-8914-6d16390e8618,2026-06-27 03:09:26,AXIS,HDFC,pr****98@axis,ka****57@okhdfc,39911.0,P2P,SUCCESS,MUMBAI,MAHARASHTRA,DEV100152,2851,,2026-07-12 18:25:28.953779,dbfs:/Volumes/dbacademy/default/myvolume/Project%20Sentinel/upi_transactions.csv,High Response Time
f1d29ac8-35d1-46ee-a129-6894dce3ce23,2026-07-07 09:34:24,SBI,ICICI,ma****16@oksbi,ne****84@icici,19132.0,P2P,SUCCESS,MUMBAI,MAHARASHTRA,DEV100081,2986,,2026-07-12 18:25:28.953779,dbfs:/Volumes/dbacademy/default/myvolume/Project%20Sentinel/upi_transactions.csv,High Response Time
81ae2ef9-a939-4cf1-a6de-5fb772284e76,2026-07-03 17:50:05,HDFC,AXIS,an****32@okhdfc,pr****19@axis,31705.0,P2P,SUCCESS,DELHI,DELHI,DEV100136,2896,,2026-07-12 18:25:28.953779,dbfs:/Volumes/dbacademy/default/myvolume/Project%20Sentinel/upi_transactions.csv,High Response Time
a7865f23-0db8-408f-a7d3-504d1764c060,2026-07-09 07:30:18,ICICI,HDFC,an****39@icici,an****11@okhdfc,9408.0,MERCHANT,SUCCESS,JAIPUR,RAJASTHAN,DEV100065,2890,,2026-07-12 18:25:28.953779,dbfs:/Volumes/dbacademy/default/myvolume/Project%20Sentinel/upi_transactions.csv,High Response Time
4b26bce4-eb69-421c-9e2e-e8b79f89a18b,2026-07-02 18:27:43,HDFC,AXIS,ar****48@okhdfc,ka****28@axis,33803.0,P2P,SUCCESS,HYDERABAD,TELANGANA,DEV100014,2943,,2026-07-12 18:25:28.953779,dbfs:/Volumes/dbacademy/default/myvolume/Project%20Sentinel/upi_transactions.csv,High Response Time
4c32d457-6e25-42b9-b2c6-d3cc15d0de60,2026-07-08 05:15:57,ICICI,AXIS,ka****32@icici,pr****02@axis,26270.0,MERCHANT,FAILED,BANGALORE,KARNATAKA,DEV100179,2940,Daily Limit Exceeded,2026-07-12 18:25:28.953779,dbfs:/Volumes/dbacademy/default/myvolume/Project%20Sentinel/upi_transactions.csv,High Response Time
53ba0fbe-89f7-4e6c-8ec0-d5ddc0452240,2026-07-04 22:02:20,HDFC,AXIS,am****48@okhdfc,si****74@axis,12264.0,P2P,SUCCESS,BANGALORE,KARNATAKA,DEV100091,2966,,2026-07-12 18:25:28.953779,dbfs:/Volumes/dbacademy/default/myvolume/Project%20Sentinel/upi_transactions.csv,High Response Time
2f79671f-bb24-4f98-8ebe-352dad0fb335,2026-07-09 19:10:52,AXIS,ICICI,ka****42@axis,ka****08@icici,6789.0,P2P,SUCCESS,HYDERABAD,TELANGANA,DEV100122,2910,,2026-07-12 18:25:28.953779,dbfs:/Volumes/dbacademy/default/myvolume/Project%20Sentinel/upi_transactions.csv,High Response Time
01308c35-7a93-4fd2-bb9e-9d5302e21e6c,2026-06-25 06:01:25,HDFC,AXIS,an****11@okhdfc,pr****13@axis,12001.0,BILL PAYMENT,SUCCESS,DELHI,DELHI,DEV100193,2968,,2026-07-12 18:25:28.953779,dbfs:/Volumes/dbacademy/default/myvolume/Project%20Sentinel/upi_transactions.csv,High Response Time
32ece82d-9c6f-45c3-89d3-3f8ca0aeb79e,2026-06-25 07:50:50,SBI,ICICI,ka****58@oksbi,ma****88@icici,35111.0,P2P,SUCCESS,PUNE,MAHARASHTRA,DEV100013,2969,,2026-07-12 18:25:28.953779,dbfs:/Volumes/dbacademy/default/myvolume/Project%20Sentinel/upi_transactions.csv,High Response Time
756b2230-c76f-4d26-bec9-f760c30b1faf,2026-06-25 07:22:10,AXIS,HDFC,ra****16@axis,ri****59@okhdfc,30253.0,BILL PAYMENT,SUCCESS,BANGALORE,KARNATAKA,DEV100167,2957,,2026-07-12 18:25:28.953779,dbfs:/Volumes/dbacademy/default/myvolume/Project%20Sentinel/upi_transactions.csv,High Response Time
0df5bcf0-8766-48e6-9082-2740853b73c8,2026-06-20 08:20:33,HDFC,SBI,ka****56@okhdfc,ni****16@oksbi,6856.0,P2P,SUCCESS,AHMEDABAD,GUJARAT,DEV100044,2857,,2026-07-12 18:25:28.953779,dbfs:/Volumes/dbacademy/default/myvolume/Project%20Sentinel/upi_transactions.csv,High Response Time
379ead6e-809f-4f38-ba1c-4602e232a5cb,2026-06-30 00:30:10,ICICI,SBI,ra****23@icici,ha****21@oksbi,16842.0,RECHARGE,SUCCESS,BANGALORE,KARNATAKA,DEV100073,2964,,2026-07-12 18:25:28.953779,dbfs:/Volumes/dbacademy/default/myvolume/Project%20Sentinel/upi_transactions.csv,High Response Time
83f5c695-fbd1-4440-a132-29669ce72715,2026-06-26 07:25:29,HDFC,SBI,ne****01@okhdfc,ro****05@oksbi,38269.0,P2P,SUCCESS,PUNE,MAHARASHTRA,DEV100075,2898,,2026-07-12 18:25:28.953779,dbfs:/Volumes/dbacademy/default/myvolume/Project%20Sentinel/upi_transactions.csv,High Response Time
2eb0c629-1be0-4da5-9a16-30a854f5825a,2026-06-26 09:11:33,HDFC,AXIS,an****49@okhdfc,ha****14@axis,25808.0,P2P,SUCCESS,JAIPUR,RAJASTHAN,DEV100155,2956,,2026-07-12 18:25:28.953779,dbfs:/Volumes/dbacademy/default/myvolume/Project%20Sentinel/upi_transactions.csv,High Response Time
f36b5fb4-321e-4818-8562-b85070e01c58,2026-06-18 06:48:44,ICICI,SBI,ro****08@icici,ha****18@oksbi,22829.0,MERCHANT,SUCCESS,AHMEDABAD,GUJARAT,DEV100081,2992,,2026-07-12 18:25:28.953779,dbfs:/Volumes/dbacademy/default/myvolume/Project%20Sentinel/upi_transactions.csv,High Response Time
cb678348-ad53-42e0-95c3-1060d07b0f7f,2026-06-30 21:19:12,HDFC,ICICI,an****34@okhdfc,vi****08@icici,18081.0,P2P,SUCCESS,DELHI,DELHI,DEV100121,2902,,2026-07-12 18:25:28.953779,dbfs:/Volumes/dbacademy/default/myvolume/Project%20Sentinel/upi_transactions.csv,High Response Time
25a4b531-ead6-41fe-a304-247d2a474cd5,2026-07-03 05:17:07,ICICI,SBI,pr****07@icici,pr****92@oksbi,1606.0,MERCHANT,SUCCESS,INDORE,MADHYA PRADESH,DEV100125,2966,,2026-07-12 18:25:28.953779,dbfs:/Volumes/dbacademy/default/myvolume/Project%20Sentinel/upi_transactions.csv,High Response Time
65fec5f6-420a-4ca6-b855-2cd15111d357,2026-06-21 04:16:14,HDFC,SBI,ro****46@okhdfc,sn****93@oksbi,766.0,MERCHANT,SUCCESS,JAIPUR,RAJASTHAN,DEV100028,2875,,2026-07-12 18:25:28.953779,dbfs:/Volumes/dbacademy/default/myvolume/Project%20Sentinel/upi_transactions.csv,High Response Time
ce9c1328-3715-4495-8a52-70eaf2a6c8f2,2026-06-13 22:54:26,HDFC,ICICI,ma****25@okhdfc,pr****96@icici,8374.0,P2P,SUCCESS,PUNE,MAHARASHTRA,DEV100070,2871,,2026-07-12 18:25:28.953779,dbfs:/Volumes/dbacademy/default/myvolume/Project%20Sentinel/upi_transactions.csv,High Response Time
489df0b3-7a8f-4383-b794-541dbb63b0f6,2026-07-06 12:08:43,HDFC,SBI,ka****24@okhdfc,ma****23@oksbi,23467.0,P2P,SUCCESS,INDORE,MADHYA PRADESH,DEV100087,2938,,2026-07-12 18:25:28.953779,dbfs:/Volumes/dbacademy/default/myvolume/Project%20Sentinel/upi_transactions.csv,High Response Time
8118c41b-62eb-42bc-8d24-68aff6c941e9,2026-06-19 13:14:02,ICICI,HDFC,ne****66@icici,ne****99@okhdfc,41436.0,BILL PAYMENT,SUCCESS,MUMBAI,MAHARASHTRA,DEV100075,2947,,2026-07-12 18:25:28.953779,dbfs:/Volumes/dbacademy/default/myvolume/Project%20Sentinel/upi_transactions.csv,High Response Time
7330def3-d093-4012-93eb-7be45e828377,2026-06-23 08:07:42,HDFC,ICICI,vi****12@okhdfc,di****39@icici,30005.0,P2P,SUCCESS,PUNE,MAHARASHTRA,DEV100073,2992,,2026-07-12 18:25:28.953779,dbfs:/Volumes/dbacademy/default/myvolume/Project%20Sentinel/upi_transactions.csv,High Response Time
d9b9849f-6292-4286-9f8d-5cf6d833a402,2026-07-11 19:35:05,AXIS,SBI,ro****02@axis,ka****98@oksbi,47008.0,P2P,SUCCESS,INDORE,MADHYA PRADESH,DEV100105,3000,,2026-07-12 18:25:28.953779,dbfs:/Volumes/dbacademy/default/myvolume/Project%20Sentinel/upi_transactions.csv,High Response Time
0bcea8f4-9d0a-4430-ba65-ba3ebd6f72a1,2026-07-01 07:53:53,SBI,HDFC,sn****93@oksbi,an****41@okhdfc,1534.0,P2P,SUCCESS,BANGALORE,KARNATAKA,DEV100143,2920,,2026-07-12 18:25:28.953779,dbfs:/Volumes/dbacademy/default/myvolume/Project%20Sentinel/upi_transactions.csv,High Response Time
b4d40d5d-1080-4f34-9b9c-aaf099de6d04,2026-06-24 08:10:04,HDFC,AXIS,ar****87@okhdfc,am****29@axis,45041.0,RECHARGE,SUCCESS,AHMEDABAD,GUJARAT,DEV100106,2898,,2026-07-12 18:25:28.953779,dbfs:/Volumes/dbacademy/default/myvolume/Project%20Sentinel/upi_transactions.csv,High Response Time
c12ac187-fb89-45f6-be1a-f35473ec43fb,2026-07-03 02:30:02,HDFC,AXIS,po****28@okhdfc,an****06@axis,46486.0,BILL PAYMENT,SUCCESS,JAIPUR,RAJASTHAN,DEV100092,2910,,2026-07-12 18:25:28.953779,dbfs:/Volumes/dbacademy/default/myvolume/Project%20Sentinel/upi_transactions.csv,High Response Time
db9fee41-ffe1-4867-9956-c55a2ca98995,2026-06-14 13:29:27,AXIS,HDFC,am****98@axis,ar****76@okhdfc,30406.0,P2P,SUCCESS,INDORE,MADHYA PRADESH,DEV100033,2911,,2026-07-12 18:25:28.953779,dbfs:/Volumes/dbacademy/default/myvolume/Project%20Sentinel/upi_transactions.csv,High Response Time
30eecf48-c65f-47c4-a086-63b3e0667d3a,2026-07-01 05:18:31,ICICI,SBI,ha****15@icici,pr****83@oksbi,25304.0,P2P,SUCCESS,HYDERABAD,TELANGANA,DEV100047,2906,,2026-07-12 18:25:28.953779,dbfs:/Volumes/dbacademy/default/myvolume/Project%20Sentinel/upi_transactions.csv,High Response Time
14001710-4bc3-41c3-9b39-279a25ba5064,2026-07-12 07:02:46,AXIS,SBI,ha****64@axis,ne****35@oksbi,32320.0,BILL PAYMENT,FAILED,MUMBAI,MAHARASHTRA,DEV100118,2880,Bank Server Down,2026-07-12 18:25:28.953779,dbfs:/Volumes/dbacademy/default/myvolume/Project%20Sentinel/upi_transactions.csv,High Response Time
83743495-12b2-4ea2-bb63-28aea7ec9459,2026-07-10 06:22:59,ICICI,SBI,ka****78@icici,an****06@oksbi,18594.0,RECHARGE,SUCCESS,DELHI,DELHI,DEV100118,2871,,2026-07-12 18:25:28.953779,dbfs:/Volumes/dbacademy/default/myvolume/Project%20Sentinel/upi_transactions.csv,High Response Time
a88aef1c-22aa-4801-a953-71b067d7387d,2026-06-25 15:39:38,AXIS,HDFC,ni****08@axis,po****26@okhdfc,406.0,MERCHANT,SUCCESS,MUMBAI,MAHARASHTRA,DEV100161,2907,,2026-07-12 18:25:28.953779,dbfs:/Volumes/dbacademy/default/myvolume/Project%20Sentinel/upi_transactions.csv,High Response Time
c9fb31b8-a688-4710-8b1e-93f41a0cd6e6,2026-06-20 20:32:24,AXIS,ICICI,ri****30@axis,ha****27@icici,9212.0,RECHARGE,SUCCESS,HYDERABAD,TELANGANA,DEV100041,2973,,2026-07-12 18:25:28.953779,dbfs:/Volumes/dbacademy/default/myvolume/Project%20Sentinel/upi_transactions.csv,High Response Time
55f8b307-68e4-4614-9449-4582bff2bb82,2026-07-11 06:00:44,HDFC,AXIS,ka****01@okhdfc,ne****70@axis,19433.0,P2P,FAILED,BANGALORE,KARNATAKA,DEV100181,2857,Bank Server Down,2026-07-12 18:25:28.953779,dbfs:/Volumes/dbacademy/default/myvolume/Project%20Sentinel/upi_transactions.csv,High Response Time
4638512d-fb25-4030-bc57-be9b35b9e326,2026-06-26 00:19:45,SBI,HDFC,sn****79@oksbi,an****63@okhdfc,2656.0,P2P,SUCCESS,HYDERABAD,TELANGANA,DEV100135,2978,,2026-07-12 18:25:28.953779,dbfs:/Volumes/dbacademy/default/myvolume/Project%20Sentinel/upi_transactions.csv,High Response Time
dffdff1d-4e8d-4812-a7a4-09ffb261c6cd,2026-06-20 03:12:24,SBI,ICICI,ha****95@oksbi,si****72@icici,34250.0,MERCHANT,SUCCESS,MUMBAI,MAHARASHTRA,DEV100013,2868,,2026-07-12 18:25:28.953779,dbfs:/Volumes/dbacademy/default/myvolume/Project%20Sentinel/upi_transactions.csv,High Response Time
cd44a288-7f01-42b9-b202-04ab0904ffa9,2026-07-09 19:30:02,ICICI,AXIS,pr****11@icici,ro****61@axis,25959.0,BILL PAYMENT,SUCCESS,BANGALORE,KARNATAKA,DEV100035,2953,,2026-07-12 18:25:28.953779,dbfs:/Volumes/dbacademy/default/myvolume/Project%20Sentinel/upi_transactions.csv,High Response Time
d9fd65f0-a2c7-4596-8e75-a8ac3c67537c,2026-07-06 18:24:56,ICICI,HDFC,si****65@icici,ka****59@okhdfc,44184.0,P2P,SUCCESS,PUNE,MAHARASHTRA,DEV100096,2980,,2026-07-12 18:25:28.953779,dbfs:/Volumes/dbacademy/default/myvolume/Project%20Sentinel/upi_transactions.csv,High Response Time
5d67374c-ef6a-44c5-bc6f-9c26a34debf1,2026-06-22 06:59:52,HDFC,AXIS,ma****55@okhdfc,ha****21@axis,11442.0,MERCHANT,SUCCESS,INDORE,MADHYA PRADESH,DEV100159,2866,,2026-07-12 18:25:28.953779,dbfs:/Volumes/dbacademy/default/myvolume/Project%20Sentinel/upi_transactions.csv,High Response Time
4c32c821-25cf-4209-a5e4-4b07111b4dea,2026-07-05 04:05:19,SBI,AXIS,ka****91@oksbi,pr****89@axis,42768.0,MERCHANT,SUCCESS,HYDERABAD,TELANGANA,DEV100114,2886,,2026-07-12 18:25:28.953779,dbfs:/Volumes/dbacademy/default/myvolume/Project%20Sentinel/upi_transactions.csv,High Response Time
9fbc1130-5303-4445-a236-235f18336e40,2026-06-28 06:12:46,AXIS,SBI,an****28@axis,ka****34@oksbi,18620.0,P2P,SUCCESS,PUNE,MAHARASHTRA,DEV100124,2983,,2026-07-12 18:25:28.953779,dbfs:/Volumes/dbacademy/default/myvolume/Project%20Sentinel/upi_transactions.csv,High Response Time
70244125-8536-40e7-ac47-495d74c5aabc,2026-06-22 11:56:58,ICICI,HDFC,ka****81@icici,ni****77@okhdfc,6342.0,BILL PAYMENT,SUCCESS,MUMBAI,MAHARASHTRA,DEV100111,2924,,2026-07-12 18:25:28.953779,dbfs:/Volumes/dbacademy/default/myvolume/Project%20Sentinel/upi_transactions.csv,High Response Time
ab1a8551-c47d-419c-827c-e6dc52adce66,2026-06-25 22:39:00,ICICI,AXIS,ra****75@icici,ka****81@axis,6101.0,P2P,SUCCESS,MUMBAI,MAHARASHTRA,DEV100047,2937,,2026-07-12 18:25:28.953779,dbfs:/Volumes/dbacademy/default/myvolume/Project%20Sentinel/upi_transactions.csv,High Response Time
1e82a317-f6f1-4af8-a9cd-abb319d752c3,2026-06-24 04:10:25,AXIS,SBI,an****38@axis,ri****32@oksbi,42366.0,RECHARGE,SUCCESS,HYDERABAD,TELANGANA,DEV100097,2985,,2026-07-12 18:25:28.953779,dbfs:/Volumes/dbacademy/default/myvolume/Project%20Sentinel/upi_transactions.csv,High Response Time
d672b163-8014-4c53-be9f-3a2bb44c120f,2026-06-14 13:34:15,ICICI,SBI,ri****70@icici,ma****09@oksbi,34533.0,P2P,FAILED,PUNE,MAHARASHTRA,DEV100069,2962,Invalid UPI,2026-07-12 18:25:28.953779,dbfs:/Volumes/dbacademy/default/myvolume/Project%20Sentinel/upi_transactions.csv,High Response Time
2f7728d8-0151-4ebd-88ef-4bfd186c92b1,2026-07-03 05:04:59,AXIS,ICICI,si****69@axis,sn****35@icici,31233.0,BILL PAYMENT,SUCCESS,HYDERABAD,TELANGANA,DEV100152,2852,,2026-07-12 18:25:28.953779,dbfs:/Volumes/dbacademy/default/myvolume/Project%20Sentinel/upi_transactions.csv,High Response Time
7efc2e0e-432d-4fa7-9ba3-af1a43a9ae64,2026-06-14 10:40:46,SBI,ICICI,ka****29@oksbi,an****37@icici,4281.0,RECHARGE,SUCCESS,INDORE,MADHYA PRADESH,DEV100039,2905,,2026-07-12 18:25:28.953779,dbfs:/Volumes/dbacademy/default/myvolume/Project%20Sentinel/upi_transactions.csv,High Response Time
8ecbb78c-c3cb-4b09-b55b-860ab852251e,2026-06-17 23:33:34,HDFC,AXIS,di****00@okhdfc,ar****35@axis,41356.0,MERCHANT,SUCCESS,JAIPUR,RAJASTHAN,DEV100147,2892,,2026-07-12 18:25:28.953779,dbfs:/Volumes/dbacademy/default/myvolume/Project%20Sentinel/upi_transactions.csv,High Response Time
64ebf55d-e12f-4a1c-99de-fa6beeb2a9ba,2026-07-11 22:37:46,AXIS,SBI,di****74@axis,am****76@oksbi,47108.0,P2P,SUCCESS,MUMBAI,MAHARASHTRA,DEV100068,2969,,2026-07-12 18:25:28.953779,dbfs:/Volumes/dbacademy/default/myvolume/Project%20Sentinel/upi_transactions.csv,High Response Time
4d1483cc-9efc-4f06-a83e-c20f1a27e273,2026-07-12 12:53:35,ICICI,SBI,pr****11@icici,si****55@oksbi,14294.0,P2P,SUCCESS,AHMEDABAD,GUJARAT,DEV100139,2998,,2026-07-12 18:25:28.953779,dbfs:/Volumes/dbacademy/default/myvolume/Project%20Sentinel/upi_transactions.csv,High Response Time
afaa0f6a-962d-4256-98bd-8d305225a1ba,2026-06-17 10:35:12,SBI,HDFC,ne****34@oksbi,ro****74@okhdfc,7263.0,RECHARGE,SUCCESS,JAIPUR,RAJASTHAN,DEV100124,2950,,2026-07-12 18:25:28.953779,dbfs:/Volumes/dbacademy/default/myvolume/Project%20Sentinel/upi_transactions.csv,High Response Time
d9f658e0-37ce-4b75-a476-017685583e73,2026-06-29 20:01:40,AXIS,HDFC,po****10@axis,ar****01@okhdfc,11001.0,P2P,SUCCESS,INDORE,MADHYA PRADESH,DEV100050,2961,,2026-07-12 18:25:28.953779,dbfs:/Volumes/dbacademy/default/myvolume/Project%20Sentinel/upi_transactions.csv,High Response Time
f8d3a173-98a1-4847-a426-fa89d536060f,2026-07-04 07:04:49,HDFC,ICICI,ne****83@okhdfc,ha****68@icici,26835.0,MERCHANT,SUCCESS,BANGALORE,KARNATAKA,DEV100116,2998,,2026-07-12 18:25:28.953779,dbfs:/Volumes/dbacademy/default/myvolume/Project%20Sentinel/upi_transactions.csv,High Response Time
75909ca1-1dfb-42f9-b855-b4672b28fb6a,2026-07-01 00:29:34,HDFC,AXIS,ri****84@okhdfc,si****26@axis,42368.0,MERCHANT,SUCCESS,JAIPUR,RAJASTHAN,DEV100107,1996,,2026-07-12 18:25:28.953779,dbfs:/Volumes/dbacademy/default/myvolume/Project%20Sentinel/upi_transactions.csv,Multiple Failed Transactions
c885c3ac-f378-45d4-aa84-1ce745e1b9d9,2026-06-18 20:22:02,AXIS,HDFC,ka****24@axis,vi****27@okhdfc,32489.0,MERCHANT,SUCCESS,BANGALORE,KARNATAKA,DEV100010,1450,,2026-07-12 18:25:28.953779,dbfs:/Volumes/dbacademy/default/myvolume/Project%20Sentinel/upi_transactions.csv,Multiple Failed Transactions
573a3e04-ea30-4bc8-b984-162d5b0d8f68,2026-07-04 04:04:15,AXIS,ICICI,an****02@axis,di****71@icici,5296.0,P2P,FAILED,INDORE,MADHYA PRADESH,DEV100066,673,Daily Limit Exceeded,2026-07-12 18:25:28.953779,dbfs:/Volumes/dbacademy/default/myvolume/Project%20Sentinel/upi_transactions.csv,Multiple Failed Transactions
d386c769-9397-4a88-9c69-17a1cb2ae0d7,2026-07-06 09:22:47,SBI,ICICI,ha****02@oksbi,ka****61@icici,35220.0,RECHARGE,SUCCESS,MUMBAI,MAHARASHTRA,DEV100127,898,,2026-07-12 18:25:28.953779,dbfs:/Volumes/dbacademy/default/myvolume/Project%20Sentinel/upi_transactions.csv,Multiple Failed Transactions
08bc3152-a249-44b2-b940-25d5c0759724,2026-06-26 07:37:37,ICICI,SBI,ka****63@icici,ri****60@oksbi,26839.0,MERCHANT,SUCCESS,JAIPUR,RAJASTHAN,DEV100197,725,,2026-07-12 18:25:28.953779,dbfs:/Volumes/dbacademy/default/myvolume/Project%20Sentinel/upi_transactions.csv,Multiple Failed Transactions
ae5b914b-c1a8-413e-baa9-220917ea2342,2026-07-04 21:40:46,AXIS,SBI,pr****84@axis,ma****57@oksbi,38649.0,P2P,FAILED,JAIPUR,RAJASTHAN,DEV100050,520,Invalid UPI,2026-07-12 18:25:28.953779,dbfs:/Volumes/dbacademy/default/myvolume/Project%20Sentinel/upi_transactions.csv,Multiple Failed Transactions
e363ebbc-ee26-43a6-8455-51f734a37291,2026-06-20 21:27:26,HDFC,AXIS,ri****84@okhdfc,ka****04@axis,33032.0,P2P,SUCCESS,PUNE,MAHARASHTRA,DEV100022,902,,2026-07-12 18:25:28.953779,dbfs:/Volumes/dbacademy/default/myvolume/Project%20Sentinel/upi_transactions.csv,Multiple Failed Transactions
975a4987-4534-414e-9958-dc7fe1228394,2026-06-18 00:11:29,AXIS,HDFC,ka****30@axis,ni****27@okhdfc,38030.0,MERCHANT,SUCCESS,INDORE,MADHYA PRADESH,DEV100175,1861,,2026-07-12 18:25:28.953779,dbfs:/Volumes/dbacademy/default/myvolume/Project%20Sentinel/upi_transactions.csv,Multiple Failed Transactions
2b1f854b-c237-467a-8094-70cefa0e3ef9,2026-07-09 10:57:47,HDFC,ICICI,ka****33@okhdfc,ri****14@icici,20771.0,P2P,SUCCESS,JAIPUR,RAJASTHAN,DEV100089,1348,,2026-07-12 18:25:28.953779,dbfs:/Volumes/dbacademy/default/myvolume/Project%20Sentinel/upi_transactions.csv,Multiple Failed Transactions
6d92bb88-b44f-498c-a5af-ac0c79785972,2026-07-02 05:42:56,SBI,AXIS,ha****02@oksbi,ra****81@axis,33391.0,RECHARGE,SUCCESS,HYDERABAD,TELANGANA,DEV100132,343,,2026-07-12 18:25:28.953779,dbfs:/Volumes/dbacademy/default/myvolume/Project%20Sentinel/upi_transactions.csv,Multiple Failed Transactions
68c2964c-d474-4c85-818f-d827b136a65a,2026-07-01 15:02:38,ICICI,SBI,pr****11@icici,ni****20@oksbi,24088.0,P2P,FAILED,BANGALORE,KARNATAKA,DEV100014,2651,,2026-07-12 18:25:28.953779,dbfs:/Volumes/dbacademy/default/myvolume/Project%20Sentinel/upi_transactions.csv,Multiple Failed Transactions
4acc9aff-040f-4df2-9116-e483a3c95dfe,2026-06-27 21:56:38,SBI,AXIS,ka****65@oksbi,ma****29@axis,46972.0,P2P,SUCCESS,INDORE,MADHYA PRADESH,DEV100149,2425,,2026-07-12 18:25:28.953779,dbfs:/Volumes/dbacademy/default/myvolume/Project%20Sentinel/upi_transactions.csv,Multiple Failed Transactions
cc381e69-7e0c-48da-a473-467b6d950657,2026-07-04 23:25:25,SBI,AXIS,ka****65@oksbi,ka****38@axis,47440.0,P2P,SUCCESS,JAIPUR,RAJASTHAN,DEV100197,1621,,2026-07-12 18:25:28.953779,dbfs:/Volumes/dbacademy/default/myvolume/Project%20Sentinel/upi_transactions.csv,Multiple Failed Transactions
18eb13b3-a1c1-4789-9756-3ab75db2b5a3,2026-06-14 06:22:36,SBI,HDFC,ka****35@oksbi,ri****13@okhdfc,25364.0,P2P,SUCCESS,HYDERABAD,TELANGANA,DEV100013,1804,,2026-07-12 18:25:28.953779,dbfs:/Volumes/dbacademy/default/myvolume/Project%20Sentinel/upi_transactions.csv,Multiple Failed Transactions
315645f2-2021-4a1b-9746-e5fca02a27d5,2026-07-11 16:06:00,AXIS,ICICI,ri****97@axis,am****76@icici,17073.0,P2P,SUCCESS,DELHI,DELHI,DEV100195,1154,,2026-07-12 18:25:28.953779,dbfs:/Volumes/dbacademy/default/myvolume/Project%20Sentinel/upi_transactions.csv,Multiple Failed Transactions
5cd51ad4-ba0d-486c-91c2-0edbb3140707,2026-06-27 10:23:03,HDFC,AXIS,ka****33@okhdfc,vi****51@axis,9651.0,P2P,SUCCESS,MUMBAI,MAHARASHTRA,DEV100137,1756,,2026-07-12 18:25:28.953779,dbfs:/Volumes/dbacademy/default/myvolume/Project%20Sentinel/upi_transactions.csv,Multiple Failed Transactions
3bbe63bc-d2f2-4aaf-a88c-cf53cbdcf978,2026-06-24 08:28:39,AXIS,ICICI,ha****73@axis,an****23@icici,19422.0,MERCHANT,FAILED,AHMEDABAD,GUJARAT,DEV100158,971,Invalid UPI,2026-07-12 18:25:28.953779,dbfs:/Volumes/dbacademy/default/myvolume/Project%20Sentinel/upi_transactions.csv,Multiple Failed Transactions
15a9b131-abf4-4549-8894-5a8c14362c00,2026-06-12 19:32:27,HDFC,AXIS,ka****06@okhdfc,ra****41@axis,45078.0,P2P,SUCCESS,DELHI,DELHI,DEV100147,168,,2026-07-12 18:25:28.953779,dbfs:/Volumes/dbacademy/default/myvolume/Project%20Sentinel/upi_transactions.csv,Multiple Failed Transactions
fd03d4df-4d67-4abc-a279-01d26cacafaa,2026-06-25 12:31:10,AXIS,HDFC,pr****84@axis,po****52@okhdfc,36154.0,P2P,SUCCESS,PUNE,MAHARASHTRA,DEV100082,884,,2026-07-12 18:25:28.953779,dbfs:/Volumes/dbacademy/default/myvolume/Project%20Sentinel/upi_transactions.csv,Multiple Failed Transactions
18e2c0ba-33c1-495f-9ec5-bf777b7b5cc7,2026-07-05 04:49:24,AXIS,SBI,ka****30@axis,di****09@oksbi,31976.0,P2P,FAILED,JAIPUR,RAJASTHAN,DEV100135,149,Timeout,2026-07-12 18:25:28.953779,dbfs:/Volumes/dbacademy/default/myvolume/Project%20Sentinel/upi_transactions.csv,Multiple Failed Transactions
4064471c-1aa2-4f87-b980-9d8a79edab4c,2026-06-24 03:06:07,HDFC,SBI,ri****84@okhdfc,vi****73@oksbi,46772.0,P2P,SUCCESS,JAIPUR,RAJASTHAN,DEV100045,2388,,2026-07-12 18:25:28.953779,dbfs:/Volumes/dbacademy/default/myvolume/Project%20Sentinel/upi_transactions.csv,Multiple Failed Transactions
1c1d3656-0863-4e9f-ba8b-f0006255ef1b,2026-06-24 15:17:42,SBI,HDFC,ro****87@oksbi,ra****67@okhdfc,20761.0,P2P,SUCCESS,PUNE,MAHARASHTRA,DEV100090,1659,,2026-07-12 18:25:28.953779,dbfs:/Volumes/dbacademy/default/myvolume/Project%20Sentinel/upi_transactions.csv,Multiple Failed Transactions
66c6b306-7f23-4a99-b3b1-e78155dafba5,2026-07-03 01:41:48,HDFC,SBI,ka****06@okhdfc,ni****86@oksbi,37112.0,RECHARGE,SUCCESS,PUNE,MAHARASHTRA,DEV100089,2325,,2026-07-12 18:25:28.953779,dbfs:/Volumes/dbacademy/default/myvolume/Project%20Sentinel/upi_transactions.csv,Multiple Failed Transactions
92a41af6-14a5-4819-99a5-03163b919164,2026-06-23 14:37:38,HDFC,SBI,ri****84@okhdfc,ne****83@oksbi,9594.0,P2P,FAILED,JAIPUR,RAJASTHAN,DEV100027,157,Bank Server Down,2026-07-12 18:25:28.953779,dbfs:/Volumes/dbacademy/default/myvolume/Project%20Sentinel/upi_transactions.csv,Multiple Failed Transactions
fe404ebd-2050-4e0f-8208-020da92c1d67,2026-06-28 12:16:49,HDFC,SBI,ri****84@okhdfc,ne****02@oksbi,13331.0,P2P,SUCCESS,JAIPUR,RAJASTHAN,DEV100142,1312,,2026-07-12 18:25:28.953779,dbfs:/Volumes/dbacademy/default/myvolume/Project%20Sentinel/upi_transactions.csv,Multiple Failed Transactions
957af8b4-bb45-48ce-8836-69179c84e5c6,2026-06-12 21:45:21,SBI,ICICI,ka****65@oksbi,sn****09@icici,31142.0,BILL PAYMENT,SUCCESS,INDORE,MADHYA PRADESH,DEV100108,163,,2026-07-12 18:25:28.953779,dbfs:/Volumes/dbacademy/default/myvolume/Project%20Sentinel/upi_transactions.csv,Multiple Failed Transactions
858b4165-b31b-4a69-a285-8ae70c759eae,2026-07-02 04:08:31,SBI,AXIS,ha****02@oksbi,di****97@axis,43244.0,RECHARGE,SUCCESS,INDORE,MADHYA PRADESH,DEV100058,2030,,2026-07-12 18:25:28.953779,dbfs:/Volumes/dbacademy/default/myvolume/Project%20Sentinel/upi_transactions.csv,Multiple Failed Transactions
c7209a0c-b8ab-4987-8daa-a8037eb945dc,2026-06-21 16:51:58,ICICI,HDFC,pr****38@icici,ne****10@okhdfc,6232.0,P2P,SUCCESS,PUNE,MAHARASHTRA,DEV100090,159,,2026-07-12 18:25:28.953779,dbfs:/Volumes/dbacademy/default/myvolume/Project%20Sentinel/upi_transactions.csv,Multiple Failed Transactions
7bd6cb95-4ac1-4858-a35c-de5b25d054a2,2026-06-24 02:12:30,SBI,ICICI,ro****87@oksbi,sn****28@icici,4478.0,RECHARGE,FAILED,MUMBAI,MAHARASHTRA,DEV100044,751,,2026-07-12 18:25:28.953779,dbfs:/Volumes/dbacademy/default/myvolume/Project%20Sentinel/upi_transactions.csv,Multiple Failed Transactions
4f6d4b6c-0acb-4dbb-9574-65182ddf2147,2026-06-29 11:20:53,ICICI,AXIS,ra****41@icici,ar****29@axis,5085.0,P2P,SUCCESS,HYDERABAD,TELANGANA,DEV100157,722,,2026-07-12 18:25:28.953779,dbfs:/Volumes/dbacademy/default/myvolume/Project%20Sentinel/upi_transactions.csv,Multiple Failed Transactions
71e92b34-02b2-4275-8240-8f356f986655,2026-06-16 15:00:30,HDFC,SBI,ri****84@okhdfc,ka****23@oksbi,34392.0,P2P,SUCCESS,INDORE,MADHYA PRADESH,DEV100122,1029,,2026-07-12 18:25:28.953779,dbfs:/Volumes/dbacademy/default/myvolume/Project%20Sentinel/upi_transactions.csv,Multiple Failed Transactions
2b7f5733-925e-4a54-9004-059df6491b54,2026-06-23 13:58:40,ICICI,SBI,pr****38@icici,ka****46@oksbi,20391.0,MERCHANT,FAILED,AHMEDABAD,GUJARAT,DEV100049,2076,Bank Server Down,2026-07-12 18:25:28.953779,dbfs:/Volumes/dbacademy/default/myvolume/Project%20Sentinel/upi_transactions.csv,Multiple Failed Transactions
4a5ca51b-6d93-4ddd-b4d9-4d2651700fea,2026-07-07 03:53:35,ICICI,HDFC,ka****63@icici,ar****62@okhdfc,31940.0,BILL PAYMENT,SUCCESS,AHMEDABAD,GUJARAT,DEV100151,1125,,2026-07-12 18:25:28.953779,dbfs:/Volumes/dbacademy/default/myvolume/Project%20Sentinel/upi_transactions.csv,Multiple Failed Transactions
3b09de21-e737-49e8-bc14-4f8f37e73530,2026-06-18 10:57:37,ICICI,AXIS,ra****41@icici,ra****54@axis,35220.0,P2P,SUCCESS,INDORE,MADHYA PRADESH,DEV100079,947,,2026-07-12 18:25:28.953779,dbfs:/Volumes/dbacademy/default/myvolume/Project%20Sentinel/upi_transactions.csv,Multiple Failed Transactions
6f718694-e29a-4106-aa24-26922798dcb0,2026-06-15 02:16:04,SBI,ICICI,ka****35@oksbi,ro****49@icici,23456.0,MERCHANT,SUCCESS,AHMEDABAD,GUJARAT,DEV100044,1676,,2026-07-12 18:25:28.953779,dbfs:/Volumes/dbacademy/default/myvolume/Project%20Sentinel/upi_transactions.csv,Multiple Failed Transactions
1d14461d-e0ef-491d-a87d-c8bfb1a92f95,2026-06-15 07:22:47,SBI,ICICI,ka****65@oksbi,ni****72@icici,25370.0,P2P,FAILED,HYDERABAD,TELANGANA,DEV100089,2593,Timeout,2026-07-12 18:25:28.953779,dbfs:/Volumes/dbacademy/default/myvolume/Project%20Sentinel/upi_transactions.csv,Multiple Failed Transactions
ef7bf033-56f0-4f09-a97a-26ed43e7cfcc,2026-06-20 14:10:10,SBI,ICICI,ka****65@oksbi,po****59@icici,24002.0,P2P,SUCCESS,PUNE,MAHARASHTRA,DEV100160,2672,,2026-07-12 18:25:28.953779,dbfs:/Volumes/dbacademy/default/myvolume/Project%20Sentinel/upi_transactions.csv,Multiple Failed Transactions
b3ee9eb7-868b-4d84-8c85-68c1ba6ef902,2026-06-29 20:29:59,HDFC,SBI,ka****06@okhdfc,ri****52@oksbi,30020.0,P2P,SUCCESS,BANGALORE,KARNATAKA,DEV100020,316,,2026-07-12 18:25:28.953779,dbfs:/Volumes/dbacademy/default/myvolume/Project%20Sentinel/upi_transactions.csv,Multiple Failed Transactions
d02d4e80-f076-40f9-932e-b48062b69726,2026-06-19 15:42:08,ICICI,AXIS,ra****41@icici,ro****84@axis,38661.0,BILL PAYMENT,SUCCESS,AHMEDABAD,GUJARAT,DEV100157,2450,,2026-07-12 18:25:28.953779,dbfs:/Volumes/dbacademy/default/myvolume/Project%20Sentinel/upi_transactions.csv,Multiple Failed Transactions
7a8f7480-ba39-4071-b334-dda77d1cbceb,2026-07-03 07:36:11,AXIS,HDFC,ka****24@axis,vi****56@okhdfc,34161.0,RECHARGE,FAILED,MUMBAI,MAHARASHTRA,DEV100068,1464,Timeout,2026-07-12 18:25:28.953779,dbfs:/Volumes/dbacademy/default/myvolume/Project%20Sentinel/upi_transactions.csv,Multiple Failed Transactions
93350775-35dc-4518-a43e-000dcc3c3ca3,2026-07-03 08:51:19,ICICI,HDFC,ra****41@icici,ka****18@okhdfc,7340.0,MERCHANT,FAILED,HYDERABAD,TELANGANA,DEV100156,2241,Daily Limit Exceeded,2026-07-12 18:25:28.953779,dbfs:/Volumes/dbacademy/default/myvolume/Project%20Sentinel/upi_transactions.csv,Multiple Failed Transactions
a552ea3c-3a79-4c57-894d-f6eca2f9cb98,2026-06-16 13:19:39,SBI,ICICI,ka****65@oksbi,ni****92@icici,25787.0,RECHARGE,SUCCESS,MUMBAI,MAHARASHTRA,DEV100055,1726,,2026-07-12 18:25:28.953779,dbfs:/Volumes/dbacademy/default/myvolume/Project%20Sentinel/upi_transactions.csv,Multiple Failed Transactions
5165852e-5f05-4f10-b238-d7bbf3ce15c2,2026-06-24 02:02:09,AXIS,ICICI,ka****24@axis,ka****62@icici,18788.0,RECHARGE,SUCCESS,BANGALORE,KARNATAKA,DEV100152,968,,2026-07-12 18:25:28.953779,dbfs:/Volumes/dbacademy/default/myvolume/Project%20Sentinel/upi_transactions.csv,Multiple Failed Transactions
b0fca946-0288-48e7-9ba4-3c4711d6bf20,2026-06-13 05:02:53,SBI,AXIS,si****92@oksbi,am****53@axis,29595.0,P2P,FAILED,PUNE,MAHARASHTRA,DEV100003,1789,Daily Limit Exceeded,2026-07-12 18:25:28.953779,dbfs:/Volumes/dbacademy/default/myvolume/Project%20Sentinel/upi_transactions.csv,Multiple Failed Transactions
4903fdf8-354a-42fe-af9a-826d27a954dd,2026-06-24 19:14:32,HDFC,ICICI,vi****84@okhdfc,ni****43@icici,24586.0,BILL PAYMENT,FAILED,PUNE,MAHARASHTRA,DEV100001,2031,Timeout,2026-07-12 18:25:28.953779,dbfs:/Volumes/dbacademy/default/myvolume/Project%20Sentinel/upi_transactions.csv,Multiple Failed Transactions
72376ce1-8144-4971-b834-995427c0aeb7,2026-07-01 18:24:22,ICICI,AXIS,ka****55@icici,ka****11@axis,39583.0,RECHARGE,SUCCESS,HYDERABAD,TELANGANA,DEV100116,1103,,2026-07-12 18:25:28.953779,dbfs:/Volumes/dbacademy/default/myvolume/Project%20Sentinel/upi_transactions.csv,Multiple Failed Transactions
6664071d-c92a-4f61-a911-f2341f76954f,2026-06-17 03:39:22,AXIS,ICICI,ka****30@axis,pr****63@icici,22542.0,P2P,SUCCESS,JAIPUR,RAJASTHAN,DEV100067,1790,,2026-07-12 18:25:28.953779,dbfs:/Volumes/dbacademy/default/myvolume/Project%20Sentinel/upi_transactions.csv,Multiple Failed Transactions
785ba326-d45a-4493-817c-2cbfcd0fe9de,2026-06-30 06:04:35,SBI,HDFC,ka****65@oksbi,ka****61@okhdfc,30837.0,MERCHANT,SUCCESS,MUMBAI,MAHARASHTRA,DEV100120,2115,,2026-07-12 18:25:28.953779,dbfs:/Volumes/dbacademy/default/myvolume/Project%20Sentinel/upi_transactions.csv,Multiple Failed Transactions
e4674439-8824-41d1-9f5c-c19401b4473e,2026-07-09 12:17:26,ICICI,SBI,pr****38@icici,sn****48@oksbi,45433.0,P2P,SUCCESS,PUNE,MAHARASHTRA,DEV100141,381,,2026-07-12 18:25:28.953779,dbfs:/Volumes/dbacademy/default/myvolume/Project%20Sentinel/upi_transactions.csv,Multiple Failed Transactions
29b01edb-35c8-4c2d-a4a8-51dd6990fda0,2026-06-19 05:07:04,ICICI,AXIS,ka****55@icici,ra****78@axis,10962.0,BILL PAYMENT,FAILED,HYDERABAD,TELANGANA,DEV100122,1108,Daily Limit Exceeded,2026-07-12 18:25:28.953779,dbfs:/Volumes/dbacademy/default/myvolume/Project%20Sentinel/upi_transactions.csv,Multiple Failed Transactions
cbbba9f1-8fca-4c5c-b731-b4e8c13c6ad3,2026-06-21 16:01:41,AXIS,ICICI,ka****30@axis,sn****75@icici,40601.0,P2P,SUCCESS,BANGALORE,KARNATAKA,DEV100022,1036,,2026-07-12 18:25:28.953779,dbfs:/Volumes/dbacademy/default/myvolume/Project%20Sentinel/upi_transactions.csv,Multiple Failed Transactions
1116aa35-604f-485d-95fd-ffd71135c8f6,2026-06-25 02:24:15,ICICI,AXIS,pr****38@icici,sn****08@axis,42876.0,P2P,SUCCESS,DELHI,DELHI,DEV100071,2383,,2026-07-12 18:25:28.953779,dbfs:/Volumes/dbacademy/default/myvolume/Project%20Sentinel/upi_transactions.csv,Multiple Failed Transactions
c5cf7f12-084d-43f0-8f0e-cd55ff14d556,2026-07-09 04:57:49,SBI,ICICI,ha****02@oksbi,si****22@icici,6589.0,P2P,SUCCESS,BANGALORE,KARNATAKA,DEV100064,1636,,2026-07-12 18:25:28.953779,dbfs:/Volumes/dbacademy/default/myvolume/Project%20Sentinel/upi_transactions.csv,Multiple Failed Transactions
b0c62fc9-875b-44bd-a4c2-786102cb6a42,2026-06-19 08:08:47,AXIS,ICICI,ka****30@axis,ra****18@icici,43774.0,P2P,SUCCESS,AHMEDABAD,GUJARAT,DEV100160,2048,,2026-07-12 18:25:28.953779,dbfs:/Volumes/dbacademy/default/myvolume/Project%20Sentinel/upi_transactions.csv,Multiple Failed Transactions
bec23a10-50cd-48a4-b02d-49e2f720fc8b,2026-06-19 19:15:13,ICICI,HDFC,pr****38@icici,ha****10@okhdfc,10747.0,P2P,SUCCESS,PUNE,MAHARASHTRA,DEV100178,345,,2026-07-12 18:25:28.953779,dbfs:/Volumes/dbacademy/default/myvolume/Project%20Sentinel/upi_transactions.csv,Multiple Failed Transactions
3a99018c-9fab-4739-9e98-8fea13df9c48,2026-07-08 08:53:58,SBI,AXIS,ka****56@oksbi,ra****85@axis,23111.0,RECHARGE,FAILED,INDORE,MADHYA PRADESH,DEV100014,907,Daily Limit Exceeded,2026-07-12 18:25:28.953779,dbfs:/Volumes/dbacademy/default/myvolume/Project%20Sentinel/upi_transactions.csv,Multiple Failed Transactions
b129e01e-bd6a-4674-b3ba-f81c2d1827dc,2026-07-12 09:25:44,AXIS,SBI,ha****73@axis,am****85@oksbi,32004.0,P2P,SUCCESS,PUNE,MAHARASHTRA,DEV100023,269,,2026-07-12 18:25:28.953779,dbfs:/Volumes/dbacademy/default/myvolume/Project%20Sentinel/upi_transactions.csv,Multiple Failed Transactions
4be5b166-6162-4b39-99bd-8076b4ff03c2,2026-06-20 04:47:45,SBI,ICICI,ma****64@oksbi,am****28@icici,20388.0,MERCHANT,FAILED,DELHI,DELHI,DEV100043,2729,Bank Server Down,2026-07-12 18:25:28.953779,dbfs:/Volumes/dbacademy/default/myvolume/Project%20Sentinel/upi_transactions.csv,Multiple Failed Transactions
5bfb3623-6fd7-4167-a4b6-d5fcec68f57b,2026-07-07 12:23:31,AXIS,HDFC,ka****30@axis,ro****14@okhdfc,41451.0,P2P,SUCCESS,PUNE,MAHARASHTRA,DEV100192,1178,,2026-07-12 18:25:28.953779,dbfs:/Volumes/dbacademy/default/myvolume/Project%20Sentinel/upi_transactions.csv,Multiple Failed Transactions
2adc4420-b281-4891-83dc-249b5fef84d5,2026-07-04 00:35:05,ICICI,HDFC,pr****11@icici,ne****97@okhdfc,3075.0,BILL PAYMENT,SUCCESS,INDORE,MADHYA PRADESH,DEV100070,1511,,2026-07-12 18:25:28.953779,dbfs:/Volumes/dbacademy/default/myvolume/Project%20Sentinel/upi_transactions.csv,Multiple Failed Transactions
6e163f57-30a1-4abb-ae09-fd57bfd7c779,2026-06-27 06:24:33,HDFC,ICICI,ka****06@okhdfc,am****06@icici,307.0,P2P,FAILED,AHMEDABAD,GUJARAT,DEV100020,2512,Bank Server Down,2026-07-12 18:25:28.953779,dbfs:/Volumes/dbacademy/default/myvolume/Project%20Sentinel/upi_transactions.csv,Multiple Failed Transactions
18fc4f63-1683-4b69-9cab-8a67cb1df2f4,2026-06-13 21:48:00,AXIS,HDFC,ka****24@axis,pr****94@okhdfc,8813.0,P2P,SUCCESS,PUNE,MAHARASHTRA,DEV100098,1418,,2026-07-12 18:25:28.953779,dbfs:/Volumes/dbacademy/default/myvolume/Project%20Sentinel/upi_transactions.csv,Multiple Failed Transactions
01dfecc2-2cbf-47c7-97d1-72ac3aca99f7,2026-07-01 07:41:28,AXIS,ICICI,ka****30@axis,pr****29@icici,11753.0,P2P,FAILED,MUMBAI,MAHARASHTRA,DEV100069,712,Timeout,2026-07-12 18:25:28.953779,dbfs:/Volumes/dbacademy/default/myvolume/Project%20Sentinel/upi_transactions.csv,Multiple Failed Transactions
a7c20efe-8996-45d8-a04c-016a040b65a2,2026-06-16 20:15:31,SBI,AXIS,ka****56@oksbi,ro****33@axis,15547.0,P2P,SUCCESS,INDORE,MADHYA PRADESH,DEV100188,1336,,2026-07-12 18:25:28.953779,dbfs:/Volumes/dbacademy/default/myvolume/Project%20Sentinel/upi_transactions.csv,Multiple Failed Transactions
530de651-9a1a-4c5a-b41c-c42170e9462d,2026-06-16 10:43:47,ICICI,SBI,ka****63@icici,si****07@oksbi,34184.0,MERCHANT,SUCCESS,PUNE,MAHARASHTRA,DEV100093,882,,2026-07-12 18:25:28.953779,dbfs:/Volumes/dbacademy/default/myvolume/Project%20Sentinel/upi_transactions.csv,Multiple Failed Transactions
559b7bbc-f6d6-445c-88fb-77a2461dcf3a,2026-06-18 16:16:33,AXIS,HDFC,pr****84@axis,sn****41@okhdfc,4261.0,P2P,SUCCESS,DELHI,DELHI,DEV100088,1643,,2026-07-12 18:25:28.953779,dbfs:/Volumes/dbacademy/default/myvolume/Project%20Sentinel/upi_transactions.csv,Multiple Failed Transactions
1ed4d06e-1c78-4f27-87aa-43c8e072ae1c,2026-07-08 01:27:41,HDFC,SBI,vi****84@okhdfc,ka****17@oksbi,16733.0,P2P,FAILED,DELHI,DELHI,DEV100071,2358,Bank Server Down,2026-07-12 18:25:28.953779,dbfs:/Volumes/dbacademy/default/myvolume/Project%20Sentinel/upi_transactions.csv,Multiple Failed Transactions
401f2a07-0075-4c91-83cc-04319eb88547,2026-06-16 05:05:48,SBI,ICICI,ma****64@oksbi,am****08@icici,16426.0,MERCHANT,SUCCESS,DELHI,DELHI,DEV100183,1806,,2026-07-12 18:25:28.953779,dbfs:/Volumes/dbacademy/default/myvolume/Project%20Sentinel/upi_transactions.csv,Multiple Failed Transactions
cfc4f1e0-f8df-466c-a4f9-d705811387d8,2026-07-01 19:54:01,SBI,HDFC,ka****65@oksbi,ka****07@okhdfc,30331.0,BILL PAYMENT,SUCCESS,JAIPUR,RAJASTHAN,DEV100014,1215,,2026-07-12 18:25:28.953779,dbfs:/Volumes/dbacademy/default/myvolume/Project%20Sentinel/upi_transactions.csv,Multiple Failed Transactions
98f7c8c9-f09c-42d9-bba3-d8855d74f3ca,2026-07-12 13:59:36,ICICI,AXIS,ka****63@icici,si****67@axis,5025.0,MERCHANT,SUCCESS,JAIPUR,RAJASTHAN,DEV100164,313,,2026-07-12 18:25:28.953779,dbfs:/Volumes/dbacademy/default/myvolume/Project%20Sentinel/upi_transactions.csv,Multiple Failed Transactions
6386e7db-d9a8-4fa1-9abb-ece570cf54ac,2026-06-24 11:16:49,AXIS,HDFC,ka****30@axis,vi****88@okhdfc,18914.0,P2P,SUCCESS,MUMBAI,MAHARASHTRA,DEV100102,934,,2026-07-12 18:25:28.953779,dbfs:/Volumes/dbacademy/default/myvolume/Project%20Sentinel/upi_transactions.csv,Multiple Failed Transactions
90924107-0397-458e-aef5-044824371f97,2026-06-23 14:34:10,SBI,AXIS,ka****56@oksbi,ka****60@axis,38145.0,MERCHANT,SUCCESS,INDORE,MADHYA PRADESH,DEV100027,1926,,2026-07-12 18:25:28.953779,dbfs:/Volumes/dbacademy/default/myvolume/Project%20Sentinel/upi_transactions.csv,Multiple Failed Transactions
ec242cd1-6272-4db9-9967-3cb8199ee057,2026-07-01 12:46:33,SBI,AXIS,ro****87@oksbi,si****19@axis,13532.0,MERCHANT,SUCCESS,HYDERABAD,TELANGANA,DEV100105,494,,2026-07-12 18:25:28.953779,dbfs:/Volumes/dbacademy/default/myvolume/Project%20Sentinel/upi_transactions.csv,Multiple Failed Transactions
1517e14e-0118-48da-b6dd-bc20c713f1d9,2026-07-01 09:43:24,ICICI,AXIS,pr****38@icici,sn****41@axis,8266.0,P2P,SUCCESS,JAIPUR,RAJASTHAN,DEV100166,2675,,2026-07-12 18:25:28.953779,dbfs:/Volumes/dbacademy/default/myvolume/Project%20Sentinel/upi_transactions.csv,Multiple Failed Transactions
a4f8bbda-707b-4359-b438-ee3af70da9fb,2026-06-21 10:57:07,ICICI,HDFC,pr****11@icici,ri****14@okhdfc,34246.0,P2P,SUCCESS,DELHI,DELHI,DEV100135,325,,2026-07-12 18:25:28.953779,dbfs:/Volumes/dbacademy/default/myvolume/Project%20Sentinel/upi_transactions.csv,Multiple Failed Transactions
9bf65e5c-f834-4266-bc44-2117ece7d6b0,2026-06-18 17:47:37,SBI,HDFC,ka****35@oksbi,pr****09@okhdfc,32968.0,BILL PAYMENT,SUCCESS,MUMBAI,MAHARASHTRA,DEV100024,1298,,2026-07-12 18:25:28.953779,dbfs:/Volumes/dbacademy/default/myvolume/Project%20Sentinel/upi_transactions.csv,Multiple Failed Transactions
a75dfa29-403d-44e4-b561-5f4f7a6b41d4,2026-06-23 05:24:35,ICICI,HDFC,ka****55@icici,ro****87@okhdfc,38531.0,RECHARGE,FAILED,MUMBAI,MAHARASHTRA,DEV100140,2169,Invalid UPI,2026-07-12 18:25:28.953779,dbfs:/Volumes/dbacademy/default/myvolume/Project%20Sentinel/upi_transactions.csv,Multiple Failed Transactions
f2dda03f-77b8-4bba-895e-3b09944a80ca,2026-06-20 10:39:36,ICICI,HDFC,pr****38@icici,ri****14@okhdfc,22548.0,MERCHANT,SUCCESS,HYDERABAD,TELANGANA,DEV100141,1635,,2026-07-12 18:25:28.953779,dbfs:/Volumes/dbacademy/default/myvolume/Project%20Sentinel/upi_transactions.csv,Multiple Failed Transactions
9ad60318-df1e-4db6-af85-b97fe83defdb,2026-06-22 04:51:29,SBI,HDFC,ka****35@oksbi,pr****68@okhdfc,42121.0,MERCHANT,FAILED,PUNE,MAHARASHTRA,DEV100088,1021,,2026-07-12 18:25:28.953779,dbfs:/Volumes/dbacademy/default/myvolume/Project%20Sentinel/upi_transactions.csv,Multiple Failed Transactions
0f9d72d5-b877-493c-a22f-8da766b0ddc3,2026-07-02 13:56:59,AXIS,ICICI,ka****24@axis,ro****03@icici,30916.0,BILL PAYMENT,FAILED,BANGALORE,KARNATAKA,DEV100143,769,,2026-07-12 18:25:28.953779,dbfs:/Volumes/dbacademy/default/myvolume/Project%20Sentinel/upi_transactions.csv,Multiple Failed Transactions
dea82ad0-c3fa-4196-8315-72485ec77946,2026-06-28 08:43:37,ICICI,SBI,pr****38@icici,ka****81@oksbi,20267.0,MERCHANT,SUCCESS,JAIPUR,RAJASTHAN,DEV100092,2377,,2026-07-12 18:25:28.953779,dbfs:/Volumes/dbacademy/default/myvolume/Project%20Sentinel/upi_transactions.csv,Multiple Failed Transactions
fbb7c66d-dee3-4165-81fb-49ebe99dd0aa,2026-06-15 02:59:44,SBI,ICICI,ka****65@oksbi,am****77@icici,39999.0,RECHARGE,SUCCESS,PUNE,MAHARASHTRA,DEV100083,354,,2026-07-12 18:25:28.953779,dbfs:/Volumes/dbacademy/default/myvolume/Project%20Sentinel/upi_transactions.csv,Multiple Failed Transactions
e75dcd34-237b-45c9-8fed-c451a3600143,2026-07-04 23:56:39,HDFC,AXIS,ka****06@okhdfc,ra****33@axis,37168.0,P2P,FAILED,MUMBAI,MAHARASHTRA,DEV100143,1077,Timeout,2026-07-12 18:25:28.953779,dbfs:/Volumes/dbacademy/default/myvolume/Project%20Sentinel/upi_transactions.csv,Multiple Failed Transactions
9a19bedc-d071-44c7-98cc-39695dbfb8dc,2026-07-01 05:36:52,AXIS,SBI,pr****84@axis,ka****48@oksbi,47842.0,P2P,SUCCESS,MUMBAI,MAHARASHTRA,DEV100093,742,,2026-07-12 18:25:28.953779,dbfs:/Volumes/dbacademy/default/myvolume/Project%20Sentinel/upi_transactions.csv,Multiple Failed Transactions
4a53761b-a63b-4a2b-89b4-75f20f2ca85e,2026-06-13 04:42:33,SBI,HDFC,ka****35@oksbi,di****88@okhdfc,20553.0,P2P,FAILED,MUMBAI,MAHARASHTRA,DEV100141,1082,Timeout,2026-07-12 18:25:28.953779,dbfs:/Volumes/dbacademy/default/myvolume/Project%20Sentinel/upi_transactions.csv,Multiple Failed Transactions
a721cd23-6ed0-4c49-96ec-9626e64a73e0,2026-07-12 07:46:39,ICICI,HDFC,pr****11@icici,ri****98@okhdfc,33746.0,RECHARGE,SUCCESS,BANGALORE,KARNATAKA,DEV100119,1486,,2026-07-12 18:25:28.953779,dbfs:/Volumes/dbacademy/default/myvolume/Project%20Sentinel/upi_transactions.csv,Multiple Failed Transactions
b58a1c4d-ecb0-4c0a-93f9-d2b276fbf2ce,2026-06-19 09:17:00,SBI,ICICI,ha****02@oksbi,vi****35@icici,18875.0,BILL PAYMENT,FAILED,MUMBAI,MAHARASHTRA,DEV100039,1377,Daily Limit Exceeded,2026-07-12 18:25:28.953779,dbfs:/Volumes/dbacademy/default/myvolume/Project%20Sentinel/upi_transactions.csv,Multiple Failed Transactions
5ab436eb-8600-4004-b51b-e26cf3f5d664,2026-06-20 21:52:17,SBI,HDFC,ha****02@oksbi,an****14@okhdfc,32598.0,BILL PAYMENT,SUCCESS,JAIPUR,RAJASTHAN,DEV100136,1411,,2026-07-12 18:25:28.953779,dbfs:/Volumes/dbacademy/default/myvolume/Project%20Sentinel/upi_transactions.csv,Multiple Failed Transactions
438823a3-4fab-446f-a57e-478c7e736773,2026-06-12 23:53:52,HDFC,AXIS,ka****33@okhdfc,ha****60@axis,17570.0,P2P,SUCCESS,HYDERABAD,TELANGANA,DEV100054,809,,2026-07-12 18:25:28.953779,dbfs:/Volumes/dbacademy/default/myvolume/Project%20Sentinel/upi_transactions.csv,Multiple Failed Transactions
b598db73-cce9-42f2-ba9d-120ad8ab8fba,2026-06-23 04:41:16,ICICI,HDFC,ra****41@icici,po****58@okhdfc,47956.0,MERCHANT,SUCCESS,AHMEDABAD,GUJARAT,DEV100033,2190,,2026-07-12 18:25:28.953779,dbfs:/Volumes/dbacademy/default/myvolume/Project%20Sentinel/upi_transactions.csv,Multiple Failed Transactions
6189b1ed-c7cd-4750-b326-1dc8937b8655,2026-07-01 23:04:03,AXIS,HDFC,ka****24@axis,vi****86@okhdfc,46958.0,RECHARGE,SUCCESS,JAIPUR,RAJASTHAN,DEV100149,1380,,2026-07-12 18:25:28.953779,dbfs:/Volumes/dbacademy/default/myvolume/Project%20Sentinel/upi_transactions.csv,Multiple Failed Transactions
8a1d2993-73ab-4633-a6bb-6434165743a2,2026-06-29 19:58:06,HDFC,AXIS,ri****84@okhdfc,ma****47@axis,10644.0,P2P,FAILED,PUNE,MAHARASHTRA,DEV100137,1962,Invalid UPI,2026-07-12 18:25:28.953779,dbfs:/Volumes/dbacademy/default/myvolume/Project%20Sentinel/upi_transactions.csv,Multiple Failed Transactions
37c293a1-a73c-46af-95e8-bbffecc2504d,2026-06-18 00:52:25,ICICI,SBI,ka****55@icici,si****74@oksbi,24197.0,MERCHANT,SUCCESS,AHMEDABAD,GUJARAT,DEV100074,2295,,2026-07-12 18:25:28.953779,dbfs:/Volumes/dbacademy/default/myvolume/Project%20Sentinel/upi_transactions.csv,Multiple Failed Transactions
d97cf200-030b-40d7-8447-8634f9a1ca6a,2026-06-26 04:16:21,SBI,AXIS,ha****02@oksbi,ha****01@axis,29488.0,P2P,SUCCESS,PUNE,MAHARASHTRA,DEV100081,322,,2026-07-12 18:25:28.953779,dbfs:/Volumes/dbacademy/default/myvolume/Project%20Sentinel/upi_transactions.csv,Multiple Failed Transactions
8c75d486-f172-4e03-bee9-c400e7aac2a9,2026-06-12 21:35:07,SBI,HDFC,ro****87@oksbi,ka****08@okhdfc,13898.0,BILL PAYMENT,SUCCESS,BANGALORE,KARNATAKA,DEV100133,2594,,2026-07-12 18:25:28.953779,dbfs:/Volumes/dbacademy/default/myvolume/Project%20Sentinel/upi_transactions.csv,Multiple Failed Transactions
b6941e5c-776e-44cc-940e-b723ef5d3d31,2026-06-15 02:40:03,SBI,ICICI,ma****64@oksbi,an****07@icici,14698.0,P2P,FAILED,HYDERABAD,TELANGANA,DEV100033,2072,Invalid UPI,2026-07-12 18:25:28.953779,dbfs:/Volumes/dbacademy/default/myvolume/Project%20Sentinel/upi_transactions.csv,Multiple Failed Transactions
d1265127-6af8-4397-b126-512bf00826c2,2026-06-24 01:36:24,HDFC,AXIS,ka****33@okhdfc,ri****47@axis,67.0,BILL PAYMENT,SUCCESS,DELHI,DELHI,DEV100147,1386,,2026-07-12 18:25:28.953779,dbfs:/Volumes/dbacademy/default/myvolume/Project%20Sentinel/upi_transactions.csv,Multiple Failed Transactions
f8993c1a-e37e-4544-a6c2-ccb2f0a0b640,2026-07-10 18:30:17,HDFC,SBI,ka****33@okhdfc,ka****44@oksbi,45149.0,P2P,SUCCESS,BANGALORE,KARNATAKA,DEV100065,799,,2026-07-12 18:25:28.953779,dbfs:/Volumes/dbacademy/default/myvolume/Project%20Sentinel/upi_transactions.csv,Multiple Failed Transactions
86ef6859-ebd4-4ebb-9560-40452c7f3e34,2026-07-03 14:44:14,ICICI,SBI,ka****55@icici,si****68@oksbi,35651.0,P2P,SUCCESS,INDORE,MADHYA PRADESH,DEV100132,845,,2026-07-12 18:25:28.953779,dbfs:/Volumes/dbacademy/default/myvolume/Project%20Sentinel/upi_transactions.csv,Multiple Failed Transactions
0d1038ca-7a93-41c9-8719-88847d4995ee,2026-06-22 16:42:10,ICICI,SBI,pr****11@icici,ro****83@oksbi,42888.0,BILL PAYMENT,SUCCESS,MUMBAI,MAHARASHTRA,DEV100182,2678,,2026-07-12 18:25:28.953779,dbfs:/Volumes/dbacademy/default/myvolume/Project%20Sentinel/upi_transactions.csv,Multiple Failed Transactions
988c9e27-7359-4498-a2a3-ada31f92deef,2026-07-05 07:56:14,ICICI,HDFC,ra****41@icici,ni****66@okhdfc,9566.0,P2P,FAILED,AHMEDABAD,GUJARAT,DEV100009,1618,,2026-07-12 18:25:28.953779,dbfs:/Volumes/dbacademy/default/myvolume/Project%20Sentinel/upi_transactions.csv,Multiple Failed Transactions
8dd1ed3a-6858-4de1-98fa-bb3dd94f58a3,2026-06-20 02:51:57,AXIS,ICICI,ka****30@axis,ka****21@icici,41498.0,MERCHANT,SUCCESS,DELHI,DELHI,DEV100107,2652,,2026-07-12 18:25:28.953779,dbfs:/Volumes/dbacademy/default/myvolume/Project%20Sentinel/upi_transactions.csv,Multiple Failed Transactions
4b62f9b4-92e2-47bb-acd1-e5f716ec04c4,2026-07-05 03:30:56,HDFC,SBI,ka****33@okhdfc,di****26@oksbi,20951.0,P2P,SUCCESS,HYDERABAD,TELANGANA,DEV100039,1543,,2026-07-12 18:25:28.953779,dbfs:/Volumes/dbacademy/default/myvolume/Project%20Sentinel/upi_transactions.csv,Multiple Failed Transactions
fc7f5962-7f6e-4ada-8afa-501fa1de1ad6,2026-06-28 21:12:46,HDFC,SBI,ka****06@okhdfc,ar****79@oksbi,6662.0,MERCHANT,SUCCESS,INDORE,MADHYA PRADESH,DEV100085,1286,,2026-07-12 18:25:28.953779,dbfs:/Volumes/dbacademy/default/myvolume/Project%20Sentinel/upi_transactions.csv,Multiple Failed Transactions
5c245681-38da-46f9-b541-964f4baa9959,2026-07-05 22:05:11,AXIS,ICICI,an****02@axis,si****69@icici,6839.0,BILL PAYMENT,FAILED,DELHI,DELHI,DEV100149,1587,Timeout,2026-07-12 18:25:28.953779,dbfs:/Volumes/dbacademy/default/myvolume/Project%20Sentinel/upi_transactions.csv,Multiple Failed Transactions
929352fe-0dcf-4dda-bcc5-4b18ed7e3f3a,2026-06-15 09:17:57,SBI,AXIS,si****92@oksbi,ro****56@axis,38290.0,BILL PAYMENT,SUCCESS,PUNE,MAHARASHTRA,DEV100188,480,,2026-07-12 18:25:28.953779,dbfs:/Volumes/dbacademy/default/myvolume/Project%20Sentinel/upi_transactions.csv,Multiple Failed Transactions
107a4ff9-64f9-4ac8-aace-7240d043b0c5,2026-06-25 13:45:41,HDFC,SBI,ka****06@okhdfc,po****12@oksbi,18094.0,P2P,SUCCESS,JAIPUR,RAJASTHAN,DEV100156,481,,2026-07-12 18:25:28.953779,dbfs:/Volumes/dbacademy/default/myvolume/Project%20Sentinel/upi_transactions.csv,Multiple Failed Transactions
534dc3da-07ed-4068-b711-323e7c0a9b29,2026-06-29 07:58:21,AXIS,HDFC,ha****73@axis,ra****76@okhdfc,2704.0,P2P,FAILED,PUNE,MAHARASHTRA,DEV100108,1405,,2026-07-12 18:25:28.953779,dbfs:/Volumes/dbacademy/default/myvolume/Project%20Sentinel/upi_transactions.csv,Multiple Failed Transactions
6810f002-e532-4e1e-a804-368b9c1acf39,2026-07-07 10:57:43,ICICI,AXIS,pr****11@icici,ni****47@axis,31902.0,P2P,FAILED,BANGALORE,KARNATAKA,DEV100016,725,,2026-07-12 18:25:28.953779,dbfs:/Volumes/dbacademy/default/myvolume/Project%20Sentinel/upi_transactions.csv,Multiple Failed Transactions
08892738-1adf-49af-a4b4-9f4f044bcb0c,2026-06-26 21:29:05,SBI,AXIS,ka****65@oksbi,po****31@axis,6627.0,MERCHANT,FAILED,JAIPUR,RAJASTHAN,DEV100155,2314,Bank Server Down,2026-07-12 18:25:28.953779,dbfs:/Volumes/dbacademy/default/myvolume/Project%20Sentinel/upi_transactions.csv,Multiple Failed Transactions
74ccc654-7f60-4033-a9c3-00377a6334d4,2026-06-29 23:14:25,ICICI,HDFC,ka****55@icici,ne****86@okhdfc,21788.0,BILL PAYMENT,SUCCESS,JAIPUR,RAJASTHAN,DEV100191,2392,,2026-07-12 18:25:28.953779,dbfs:/Volumes/dbacademy/default/myvolume/Project%20Sentinel/upi_transactions.csv,Multiple Failed Transactions
fd1d2e11-179c-4351-a686-614109ff1410,2026-06-18 17:54:12,HDFC,SBI,ka****06@okhdfc,ka****57@oksbi,16325.0,MERCHANT,SUCCESS,MUMBAI,MAHARASHTRA,DEV100024,1089,,2026-07-12 18:25:28.953779,dbfs:/Volumes/dbacademy/default/myvolume/Project%20Sentinel/upi_transactions.csv,Multiple Failed Transactions
54a79aa5-2fce-44fd-8212-eed877e99e44,2026-07-09 14:01:21,AXIS,ICICI,ka****30@axis,ni****36@icici,41351.0,RECHARGE,SUCCESS,PUNE,MAHARASHTRA,DEV100035,2301,,2026-07-12 18:25:28.953779,dbfs:/Volumes/dbacademy/default/myvolume/Project%20Sentinel/upi_transactions.csv,Multiple Failed Transactions
df505420-07c8-42f3-a616-62f0f35dacff,2026-06-15 16:24:15,AXIS,HDFC,ri****97@axis,an****27@okhdfc,17083.0,RECHARGE,FAILED,INDORE,MADHYA PRADESH,DEV100176,727,Bank Server Down,2026-07-12 18:25:28.953779,dbfs:/Volumes/dbacademy/default/myvolume/Project%20Sentinel/upi_transactions.csv,Multiple Failed Transactions
e393a36f-d54a-4300-b364-d6158c7c5a18,2026-06-16 08:39:57,SBI,AXIS,ro****87@oksbi,ma****45@axis,20626.0,P2P,SUCCESS,INDORE,MADHYA PRADESH,DEV100136,2046,,2026-07-12 18:25:28.953779,dbfs:/Volumes/dbacademy/default/myvolume/Project%20Sentinel/upi_transactions.csv,Multiple Failed Transactions
d83197f2-e742-4960-962c-fcce1f88e719,2026-06-16 15:40:32,AXIS,SBI,ri****97@axis,ma****67@oksbi,24723.0,RECHARGE,SUCCESS,JAIPUR,RAJASTHAN,DEV100101,1712,,2026-07-12 18:25:28.953779,dbfs:/Volumes/dbacademy/default/myvolume/Project%20Sentinel/upi_transactions.csv,Multiple Failed Transactions
b2cd2578-ea93-49ad-b098-a908b6ab8711,2026-06-24 23:00:11,ICICI,AXIS,ka****63@icici,ne****11@axis,8273.0,P2P,FAILED,DELHI,DELHI,DEV100014,1792,Daily Limit Exceeded,2026-07-12 18:25:28.953779,dbfs:/Volumes/dbacademy/default/myvolume/Project%20Sentinel/upi_transactions.csv,Multiple Failed Transactions
3a5c7c54-e1b9-4f06-b9fb-b565ff8e2bf7,2026-06-21 23:53:26,ICICI,HDFC,pr****38@icici,di****44@okhdfc,22561.0,BILL PAYMENT,FAILED,MUMBAI,MAHARASHTRA,DEV100071,1009,Bank Server Down,2026-07-12 18:25:28.953779,dbfs:/Volumes/dbacademy/default/myvolume/Project%20Sentinel/upi_transactions.csv,Multiple Failed Transactions
20a020e8-50cb-448f-ab22-9ad752a1a4e7,2026-07-07 01:53:29,ICICI,HDFC,ka****63@icici,pr****13@okhdfc,2326.0,MERCHANT,SUCCESS,BANGALORE,KARNATAKA,DEV100019,214,,2026-07-12 18:25:28.953779,dbfs:/Volumes/dbacademy/default/myvolume/Project%20Sentinel/upi_transactions.csv,Multiple Failed Transactions
53de6322-a31d-4276-9442-023ad4d39b5d,2026-06-18 21:53:31,AXIS,HDFC,pr****84@axis,ka****05@okhdfc,28112.0,P2P,FAILED,INDORE,MADHYA PRADESH,DEV100187,1514,Timeout,2026-07-12 18:25:28.953779,dbfs:/Volumes/dbacademy/default/myvolume/Project%20Sentinel/upi_transactions.csv,Multiple Failed Transactions
55a32a31-96df-4eaf-95ab-9190215e4675,2026-06-22 14:39:49,SBI,ICICI,ka****35@oksbi,am****56@icici,35834.0,RECHARGE,SUCCESS,DELHI,DELHI,DEV100082,2573,,2026-07-12 18:25:28.953779,dbfs:/Volumes/dbacademy/default/myvolume/Project%20Sentinel/upi_transactions.csv,Multiple Failed Transactions
e47d4410-bdd3-4be5-8526-e114bf3bedee,2026-06-22 02:21:37,AXIS,ICICI,ri****97@axis,po****79@icici,34876.0,MERCHANT,SUCCESS,INDORE,MADHYA PRADESH,DEV100049,1950,,2026-07-12 18:25:28.953779,dbfs:/Volumes/dbacademy/default/myvolume/Project%20Sentinel/upi_transactions.csv,Multiple Failed Transactions
8044da55-a876-4c21-ba2d-85e72e9b1f2f,2026-06-16 17:17:25,HDFC,AXIS,ka****06@okhdfc,ra****00@axis,17453.0,P2P,SUCCESS,MUMBAI,MAHARASHTRA,DEV100100,2773,,2026-07-12 18:25:28.953779,dbfs:/Volumes/dbacademy/default/myvolume/Project%20Sentinel/upi_transactions.csv,Multiple Failed Transactions
6e27b61a-9582-4009-a204-1ab0d8794d41,2026-06-16 16:35:41,ICICI,HDFC,ka****63@icici,si****53@okhdfc,24540.0,P2P,SUCCESS,MUMBAI,MAHARASHTRA,DEV100104,1824,,2026-07-12 18:25:28.953779,dbfs:/Volumes/dbacademy/default/myvolume/Project%20Sentinel/upi_transactions.csv,Multiple Failed Transactions
ae16d80c-de32-4b47-b2d6-aa2e614ce09d,2026-07-11 00:49:27,SBI,HDFC,ka****56@oksbi,ka****70@okhdfc,13240.0,P2P,SUCCESS,BANGALORE,KARNATAKA,DEV100047,264,,2026-07-12 18:25:28.953779,dbfs:/Volumes/dbacademy/default/myvolume/Project%20Sentinel/upi_transactions.csv,Multiple Failed Transactions
a741d1ec-b2c4-49fd-9f80-9f6599b6ad44,2026-06-25 12:23:01,SBI,AXIS,si****92@oksbi,ne****96@axis,40888.0,P2P,FAILED,MUMBAI,MAHARASHTRA,DEV100066,1172,,2026-07-12 18:25:28.953779,dbfs:/Volumes/dbacademy/default/myvolume/Project%20Sentinel/upi_transactions.csv,Multiple Failed Transactions
31a503b2-4892-44f2-a197-bef5bf85af82,2026-06-23 21:05:07,AXIS,ICICI,ka****30@axis,po****36@icici,24989.0,MERCHANT,SUCCESS,HYDERABAD,TELANGANA,DEV100144,763,,2026-07-12 18:25:28.953779,dbfs:/Volumes/dbacademy/default/myvolume/Project%20Sentinel/upi_transactions.csv,Multiple Failed Transactions
983e585d-a859-4e28-9d4c-fe256b372031,2026-06-26 01:49:23,SBI,AXIS,ka****56@oksbi,an****66@axis,14688.0,P2P,SUCCESS,MUMBAI,MAHARASHTRA,DEV100188,387,,2026-07-12 18:25:28.953779,dbfs:/Volumes/dbacademy/default/myvolume/Project%20Sentinel/upi_transactions.csv,Multiple Failed Transactions
9bb9f67e-9c51-43bf-88c0-564126cb07bc,2026-07-01 10:55:58,HDFC,ICICI,ka****33@okhdfc,po****97@icici,11463.0,RECHARGE,FAILED,MUMBAI,MAHARASHTRA,DEV100104,2650,Invalid UPI,2026-07-12 18:25:28.953779,dbfs:/Volumes/dbacademy/default/myvolume/Project%20Sentinel/upi_transactions.csv,Multiple Failed Transactions
d0c9f121-f4c7-474d-a512-4a4fa2406031,2026-06-18 06:46:34,ICICI,SBI,pr****38@icici,ri****69@oksbi,41161.0,P2P,SUCCESS,MUMBAI,MAHARASHTRA,DEV100073,458,,2026-07-12 18:25:28.953779,dbfs:/Volumes/dbacademy/default/myvolume/Project%20Sentinel/upi_transactions.csv,Multiple Failed Transactions
f6b42a53-3752-4ed4-99eb-073bee8d4a50,2026-06-19 00:08:54,AXIS,HDFC,ka****24@axis,ni****85@okhdfc,23649.0,P2P,SUCCESS,AHMEDABAD,GUJARAT,DEV100197,1461,,2026-07-12 18:25:28.953779,dbfs:/Volumes/dbacademy/default/myvolume/Project%20Sentinel/upi_transactions.csv,Multiple Failed Transactions
1095c863-5d42-42b1-8139-04785749e4cf,2026-06-19 08:38:34,SBI,ICICI,ha****02@oksbi,ka****49@icici,10963.0,BILL PAYMENT,FAILED,INDORE,MADHYA PRADESH,DEV100022,1001,Bank Server Down,2026-07-12 18:25:28.953779,dbfs:/Volumes/dbacademy/default/myvolume/Project%20Sentinel/upi_transactions.csv,Multiple Failed Transactions
e488c27f-b3ee-4504-94ff-00b3c3307b8c,2026-06-12 22:49:04,SBI,AXIS,ro****87@oksbi,ka****30@axis,38055.0,P2P,FAILED,BANGALORE,KARNATAKA,DEV100049,1600,Timeout,2026-07-12 18:25:28.953779,dbfs:/Volumes/dbacademy/default/myvolume/Project%20Sentinel/upi_transactions.csv,Multiple Failed Transactions
