employee_id,employee_name,gender,age,department,designation,salary,experience,joining_date,city,state,manager_name,performance_rating,attendance_percentage,active
1,Employee_1,Male,42,Finance,Engineer,45000,5,02/01/2023,Pune,Gujarat,Neha,6,110,True
2,Employee_2,Female,-3,IT,Analyst,25000,-1,01-03-2023,Pune,Gujarat,,5,97,False
3,Employee_3,Male,24,IT,Manager,45000,5,2023-01-04,Ahmedabad,Rajasthan,Rohit,5,88,False
4,Employee_4,Male,36,Sales,Manager,-15000,1,05/01/2023,Ahmedabad,Delhi,Rohit,3,88,False
5,Employee_5,Female,-3,Finance,Executive,70000,5,01-06-2023,Pune,Maharashtra,Amit,6,88,True
6,Employee_6,Male,36,Sales,Analyst,70000,1,2023-01-07,Pune,Gujarat,,4,92,True
7,Employee_7,Male,30,Sales,Executive,25000,5,08/01/2023,Mumbai,Delhi,Rohit,6,110,False
8,Employee_8,Female,36,Marketing,Executive,45000,3,01-09-2023,Pune,Rajasthan,Rohit,6,110,False
9,Employee_9,Female,36,Sales,Executive,-15000,5,2023-01-10,Jaipur,Gujarat,Rohit,6,92,True
10,Employee_10,Female,36,Sales,Engineer,25000,5,11/01/2023,Jaipur,Rajasthan,,6,92,False
11,Employee_11,Female,24,Finance,Executive,45000,5,01-12-2023,Ahmedabad,Delhi,,4,88,True
12,Employee_12,Female,42,HR,Engineer,25000,-1,2023-01-13,Pune,Delhi,Rohit,5,110,True
13,Employee_13,Female,36,Sales,Analyst,25000,1,14/01/2023,Delhi,Maharashtra,Rohit,5,97,False
14,Employee_14,Female,24,Sales,Engineer,70000,3,01-15-2023,Pune,Delhi,Amit,6,88,False
15,Employee_15,Female,36,Marketing,Engineer,25000,5,2023-01-16,Jaipur,Delhi,,5,88,False
16,Employee_16,Male,30,Marketing,Executive,70000,3,17/01/2023,Ahmedabad,Rajasthan,Amit,4,88,True
17,Employee_17,Female,30,HR,Executive,25000,3,01-18-2023,Delhi,Rajasthan,Neha,4,97,True
18,Employee_18,Female,42,HR,Analyst,70000,5,2023-01-19,Pune,Gujarat,Neha,,92,False
19,Employee_19,Male,36,Finance,Executive,-15000,5,20/01/2023,Delhi,Delhi,Amit,5,97,False
20,Employee_20,Male,24,Sales,Analyst,-15000,1,01-21-2023,Mumbai,Rajasthan,Rohit,5,88,False
21,,Female,30,Sales,Analyst,70000,5,2023-01-22,Mumbai,Maharashtra,Amit,6,97,False
22,Employee_22,Male,-3,Marketing,Analyst,70000,5,23/01/2023,Ahmedabad,Delhi,Neha,5,97,False
23,Employee_23,Male,-3,Marketing,Engineer,25000,5,01-24-2023,Pune,Maharashtra,Amit,5,92,False
24,Employee_24,Female,36,IT,Analyst,45000,-1,2023-01-25,Ahmedabad,Delhi,Neha,3,97,False
25,Employee_25,Male,24,Marketing,Manager,25000,-1,26/01/2023,Ahmedabad,Maharashtra,Amit,6,97,False
26,Employee_26,Female,-3,IT,Manager,25000,-1,01-27-2023,Jaipur,Rajasthan,Rohit,4,88,True
27,Employee_27,Female,24,Sales,Analyst,45000,-1,2023-01-28,Delhi,Rajasthan,Rohit,3,97,True
28,Employee_28,Male,42,Marketing,Executive,-15000,1,29/01/2023,Ahmedabad,Gujarat,Amit,4,92,True
29,Employee_29,Female,42,HR,Engineer,-15000,5,01-30-2023,Pune,Rajasthan,,5,97,False
30,Employee_30,Female,-3,Finance,Engineer,-15000,5,2023-01-31,Delhi,Delhi,Amit,5,97,True
31,Employee_31,Male,24,Sales,Engineer,25000,5,01/02/2023,Ahmedabad,Maharashtra,Rohit,3,88,False
32,Employee_32,Female,42,Finance,Engineer,25000,5,02-02-2023,Ahmedabad,Maharashtra,Neha,4,92,True
33,Employee_33,Male,24,IT,Manager,45000,-1,2023-02-03,Ahmedabad,Maharashtra,Neha,5,97,False
34,Employee_34,Female,24,Finance,Manager,-15000,1,04/02/2023,Delhi,Delhi,Rohit,5,92,False
35,Employee_35,Female,24,Finance,Executive,70000,-1,02-05-2023,Mumbai,Rajasthan,Amit,5,110,False
36,Employee_36,Female,30,Marketing,Analyst,25000,-1,2023-02-06,Mumbai,Delhi,Amit,,110,True
37,Employee_37,Male,24,Sales,Engineer,70000,3,07/02/2023,Delhi,Gujarat,,4,92,True
38,Employee_38,Male,42,Sales,Engineer,25000,3,02-08-2023,Jaipur,Maharashtra,Neha,3,88,False
39,Employee_39,Male,36,IT,Engineer,-15000,3,2023-02-09,Ahmedabad,Maharashtra,Neha,6,88,False
40,Employee_40,Male,24,Finance,Manager,25000,1,10/02/2023,Pune,Delhi,Amit,4,88,False
41,Employee_41,Female,24,IT,Engineer,-15000,3,02-11-2023,Delhi,Gujarat,,6,92,False
42,,Female,-3,Marketing,Engineer,70000,-1,2023-02-12,Jaipur,Rajasthan,,6,88,True
43,Employee_43,Male,24,HR,Executive,70000,-1,13/02/2023,Ahmedabad,Rajasthan,Rohit,5,88,False
44,Employee_44,Male,42,IT,Manager,25000,3,02-14-2023,Delhi,Delhi,Amit,4,110,False
45,Employee_45,Female,36,Finance,Manager,45000,1,2023-02-15,Jaipur,Maharashtra,Neha,3,97,False
46,Employee_46,Female,36,IT,Executive,25000,-1,16/02/2023,Delhi,Maharashtra,Neha,6,110,True
47,Employee_47,Male,42,Finance,Manager,25000,-1,02-17-2023,Mumbai,Delhi,Amit,5,88,False
48,Employee_48,Male,24,HR,Analyst,70000,1,2023-02-18,Pune,Maharashtra,,4,92,False
49,Employee_49,Male,36,Sales,Analyst,70000,5,19/02/2023,Ahmedabad,Maharashtra,Neha,4,97,False
50,Employee_50,Female,-3,Finance,Executive,45000,3,02-20-2023,Mumbai,Maharashtra,Amit,3,97,False
51,Employee_51,Female,42,IT,Analyst,25000,3,2023-02-21,Delhi,Rajasthan,,5,92,True
52,Employee_52,Female,42,Sales,Engineer,25000,3,22/02/2023,Ahmedabad,Delhi,Rohit,6,92,False
53,Employee_53,Male,-3,HR,Executive,25000,5,02-23-2023,Ahmedabad,Rajasthan,,4,110,False
54,Employee_54,Female,24,Finance,Executive,45000,-1,2023-02-24,Ahmedabad,Maharashtra,Neha,,97,False
55,Employee_55,Male,24,Marketing,Manager,70000,3,25/02/2023,Mumbai,Rajasthan,Amit,6,92,True
56,Employee_56,Female,-3,Sales,Engineer,70000,-1,02-26-2023,Jaipur,Maharashtra,,4,92,True
57,Employee_57,Female,24,IT,Engineer,25000,3,2023-02-27,Ahmedabad,Gujarat,Amit,4,88,True
58,Employee_58,Male,42,IT,Manager,45000,3,28/02/2023,Jaipur,Delhi,Amit,5,92,False
59,Employee_59,Male,30,Marketing,Engineer,-15000,1,03-01-2023,Delhi,Maharashtra,Neha,6,92,True
60,Employee_60,Female,-3,Marketing,Engineer,-15000,1,2023-03-02,Delhi,Rajasthan,,6,110,True
61,Employee_61,Male,36,IT,Analyst,45000,1,03/03/2023,Ahmedabad,Gujarat,,6,88,True
62,Employee_62,Male,36,Sales,Engineer,70000,-1,03-04-2023,Ahmedabad,Rajasthan,Rohit,5,97,True
63,,Male,30,Sales,Manager,70000,1,2023-03-05,Pune,Rajasthan,Neha,4,97,True
64,Employee_64,Male,30,Finance,Manager,45000,5,06/03/2023,Ahmedabad,Rajasthan,,6,88,True
65,Employee_65,Male,30,Marketing,Manager,25000,-1,03-07-2023,Jaipur,Maharashtra,Amit,4,97,True
66,Employee_66,Female,42,IT,Executive,45000,1,2023-03-08,Ahmedabad,Maharashtra,Rohit,3,97,False
67,Employee_67,Female,24,IT,Analyst,45000,-1,09/03/2023,Mumbai,Gujarat,Amit,5,92,True
68,Employee_68,Male,30,Marketing,Engineer,45000,5,03-10-2023,Delhi,Gujarat,,4,92,True
69,Employee_69,Female,24,Sales,Analyst,25000,-1,2023-03-11,Pune,Delhi,,5,110,False
70,Employee_70,Male,42,Finance,Manager,25000,3,12/03/2023,Mumbai,Delhi,Rohit,4,88,False
71,Employee_71,Female,42,Sales,Manager,45000,-1,03-13-2023,Jaipur,Gujarat,Amit,4,97,True
72,Employee_72,Male,-3,HR,Analyst,-15000,3,2023-03-14,Ahmedabad,Delhi,,,92,False
73,Employee_73,Male,-3,Sales,Manager,70000,-1,15/03/2023,Mumbai,Rajasthan,Neha,4,97,True
74,Employee_74,Female,42,IT,Manager,-15000,5,03-16-2023,Delhi,Rajasthan,Rohit,5,110,True
75,Employee_75,Female,-3,IT,Executive,25000,1,2023-03-17,Ahmedabad,Maharashtra,,6,97,True
76,Employee_76,Male,42,Finance,Engineer,45000,5,18/03/2023,Delhi,Gujarat,,4,110,False
77,Employee_77,Male,30,Finance,Analyst,-15000,3,03-19-2023,Jaipur,Gujarat,,6,110,True
78,Employee_78,Female,30,Sales,Engineer,70000,-1,2023-03-20,Pune,Gujarat,Neha,3,110,True
79,Employee_79,Male,42,Marketing,Analyst,-15000,3,21/03/2023,Ahmedabad,Maharashtra,,6,88,True
80,Employee_80,Male,42,Marketing,Analyst,-15000,-1,03-22-2023,Jaipur,Rajasthan,Rohit,6,92,False
81,Employee_81,Male,36,Marketing,Analyst,45000,1,2023-03-23,Delhi,Maharashtra,Amit,4,97,False
82,Employee_82,Male,24,Sales,Manager,-15000,-1,24/03/2023,Delhi,Delhi,Amit,6,88,True
83,Employee_83,Male,30,Marketing,Analyst,25000,-1,03-25-2023,Mumbai,Rajasthan,Rohit,3,88,False
84,,Male,36,HR,Engineer,-15000,3,2023-03-26,Ahmedabad,Maharashtra,Rohit,6,92,True
85,Employee_85,Male,-3,Marketing,Executive,70000,3,27/03/2023,Jaipur,Rajasthan,,6,110,False
86,Employee_86,Male,24,Sales,Executive,25000,-1,03-28-2023,Jaipur,Rajasthan,,4,110,False
87,Employee_87,Male,30,HR,Executive,45000,5,2023-03-29,Ahmedabad,Rajasthan,,5,110,False
88,Employee_88,Female,30,HR,Engineer,-15000,-1,30/03/2023,Pune,Gujarat,Rohit,3,88,False
89,Employee_89,Female,-3,Marketing,Executive,45000,5,03-31-2023,Mumbai,Maharashtra,,4,92,False
90,Employee_90,Female,36,Finance,Manager,-15000,-1,2023-04-01,Jaipur,Gujarat,Amit,,88,False
91,Employee_91,Male,-3,Marketing,Manager,70000,-1,02/04/2023,Ahmedabad,Delhi,Amit,6,92,True
92,Employee_92,Male,24,IT,Manager,70000,5,04-03-2023,Jaipur,Maharashtra,Amit,5,97,True
93,Employee_93,Female,36,Marketing,Analyst,45000,1,2023-04-04,Delhi,Delhi,Rohit,5,97,True
94,Employee_94,Male,30,IT,Engineer,45000,1,05/04/2023,Mumbai,Maharashtra,Rohit,3,88,True
95,Employee_95,Male,24,HR,Executive,45000,1,04-06-2023,Delhi,Maharashtra,,4,88,False
96,Employee_96,Male,36,Marketing,Analyst,-15000,-1,2023-04-07,Mumbai,Maharashtra,Rohit,6,92,True
97,Employee_97,Male,42,Finance,Manager,25000,5,08/04/2023,Delhi,Gujarat,,6,92,True
98,Employee_98,Male,-3,Marketing,Executive,-15000,-1,04-09-2023,Pune,Delhi,Amit,5,97,True
99,Employee_99,Female,42,Finance,Engineer,70000,5,2023-04-10,Mumbai,Gujarat,Amit,6,88,True
100,Employee_100,Female,42,IT,Executive,45000,5,11/04/2023,Pune,Rajasthan,Rohit,4,110,False
101,Employee_101,Female,-3,Sales,Analyst,70000,1,04-12-2023,Pune,Delhi,Amit,6,97,True
102,Employee_102,Male,-3,IT,Manager,45000,1,2023-04-13,Pune,Rajasthan,Rohit,6,110,True
103,Employee_103,Male,30,Finance,Executive,-15000,3,14/04/2023,Jaipur,Delhi,,6,97,False
104,Employee_104,Male,-3,IT,Analyst,45000,3,04-15-2023,Jaipur,Delhi,Rohit,5,97,True
105,,Female,36,Sales,Analyst,25000,-1,2023-04-16,Ahmedabad,Gujarat,Amit,3,88,True
106,Employee_106,Female,24,Sales,Engineer,25000,-1,17/04/2023,Mumbai,Delhi,Amit,4,97,False
107,Employee_107,Male,30,Marketing,Executive,-15000,-1,04-18-2023,Delhi,Maharashtra,Rohit,4,97,True
108,Employee_108,Male,30,Finance,Analyst,25000,5,2023-04-19,Mumbai,Gujarat,Amit,,88,True
109,Employee_109,Female,-3,HR,Manager,-15000,-1,20/04/2023,Delhi,Gujarat,Neha,3,110,False
110,Employee_110,Female,42,IT,Analyst,25000,-1,04-21-2023,Jaipur,Maharashtra,Neha,6,88,True
111,Employee_111,Female,-3,HR,Analyst,-15000,1,2023-04-22,Delhi,Gujarat,Amit,4,110,True
112,Employee_112,Male,30,Marketing,Engineer,45000,1,23/04/2023,Pune,Maharashtra,Amit,4,92,True
113,Employee_113,Female,-3,HR,Engineer,25000,5,04-24-2023,Jaipur,Rajasthan,,3,92,False
114,Employee_114,Male,24,HR,Manager,45000,3,2023-04-25,Ahmedabad,Delhi,,6,92,True
115,Employee_115,Female,42,Marketing,Engineer,70000,-1,26/04/2023,Jaipur,Delhi,Neha,3,97,False
116,Employee_116,Female,-3,IT,Analyst,25000,1,04-27-2023,Delhi,Rajasthan,Rohit,5,88,True
117,Employee_117,Female,-3,IT,Analyst,45000,3,2023-04-28,Delhi,Delhi,,5,110,False
118,Employee_118,Male,24,Marketing,Analyst,45000,5,29/04/2023,Jaipur,Gujarat,Neha,4,88,False
119,Employee_119,Female,-3,Sales,Engineer,25000,1,04-30-2023,Delhi,Gujarat,Neha,6,97,False
120,Employee_120,Female,30,Marketing,Manager,-15000,5,2023-05-01,Jaipur,Delhi,,3,110,True
121,Employee_121,Male,42,Sales,Executive,-15000,1,02/05/2023,Jaipur,Maharashtra,,4,92,True
122,Employee_122,Male,30,Sales,Executive,25000,-1,05-03-2023,Jaipur,Maharashtra,,5,88,True
123,Employee_123,Female,36,HR,Engineer,25000,-1,2023-05-04,Jaipur,Maharashtra,Neha,5,97,True
124,Employee_124,Female,30,Finance,Executive,45000,5,05/05/2023,Ahmedabad,Maharashtra,Amit,4,92,False
125,Employee_125,Female,24,HR,Engineer,45000,3,05-06-2023,Pune,Rajasthan,Rohit,4,92,True
126,,Female,30,IT,Analyst,70000,1,2023-05-07,Ahmedabad,Gujarat,,,97,True
127,Employee_127,Female,24,IT,Engineer,25000,5,08/05/2023,Jaipur,Delhi,Amit,6,88,True
128,Employee_128,Male,-3,Sales,Manager,45000,1,05-09-2023,Pune,Delhi,Amit,5,92,False
129,Employee_129,Female,-3,IT,Engineer,-15000,1,2023-05-10,Ahmedabad,Gujarat,Neha,6,97,True
130,Employee_130,Female,-3,Marketing,Executive,45000,1,11/05/2023,Mumbai,Delhi,Rohit,4,88,False
131,Employee_131,Female,42,Finance,Analyst,25000,5,05-12-2023,Ahmedabad,Rajasthan,,6,110,True
132,Employee_132,Male,42,Marketing,Engineer,70000,3,2023-05-13,Jaipur,Maharashtra,Neha,3,92,True
133,Employee_133,Female,42,IT,Analyst,25000,5,14/05/2023,Delhi,Rajasthan,Rohit,5,97,True
134,Employee_134,Male,-3,HR,Executive,70000,1,05-15-2023,Mumbai,Maharashtra,Neha,3,88,True
135,Employee_135,Female,30,Sales,Analyst,70000,1,2023-05-16,Jaipur,Delhi,Neha,3,97,True
136,Employee_136,Male,36,HR,Analyst,45000,1,17/05/2023,Pune,Delhi,Neha,6,97,False
137,Employee_137,Male,42,IT,Engineer,45000,5,05-18-2023,Ahmedabad,Maharashtra,Amit,3,110,False
138,Employee_138,Female,30,Finance,Engineer,70000,5,2023-05-19,Ahmedabad,Delhi,,3,110,True
139,Employee_139,Male,42,Sales,Analyst,45000,3,20/05/2023,Jaipur,Gujarat,Neha,4,92,False
140,Employee_140,Male,30,IT,Analyst,25000,5,05-21-2023,Pune,Gujarat,Neha,5,97,True
141,Employee_141,Female,36,Marketing,Executive,-15000,3,2023-05-22,Jaipur,Rajasthan,,5,92,True
142,Employee_142,Female,36,Finance,Engineer,-15000,1,23/05/2023,Ahmedabad,Delhi,Amit,4,110,False
143,Employee_143,Female,-3,Marketing,Engineer,45000,5,05-24-2023,Pune,Delhi,,6,88,True
144,Employee_144,Female,-3,Marketing,Manager,25000,-1,2023-05-25,Jaipur,Gujarat,Rohit,,110,True
145,Employee_145,Female,24,IT,Analyst,45000,3,26/05/2023,Delhi,Gujarat,Neha,5,97,True
146,Employee_146,Male,30,Marketing,Analyst,25000,3,05-27-2023,Pune,Delhi,Amit,3,88,True
147,,Female,30,Finance,Engineer,25000,-1,2023-05-28,Pune,Delhi,Amit,3,88,True
148,Employee_148,Male,36,Marketing,Engineer,-15000,5,29/05/2023,Pune,Delhi,,6,88,False
149,Employee_149,Female,24,HR,Executive,25000,-1,05-30-2023,Mumbai,Rajasthan,,4,92,True
150,Employee_150,Female,24,IT,Analyst,-15000,5,2023-05-31,Jaipur,Gujarat,Rohit,5,110,True
151,Employee_151,Female,36,HR,Engineer,25000,1,01/06/2023,Mumbai,Maharashtra,Rohit,3,88,True
152,Employee_152,Male,-3,Finance,Executive,25000,-1,06-02-2023,Pune,Maharashtra,,6,88,True
153,Employee_153,Male,30,Sales,Manager,45000,-1,2023-06-03,Delhi,Maharashtra,Neha,4,97,False
154,Employee_154,Female,36,Sales,Analyst,25000,3,04/06/2023,Ahmedabad,Maharashtra,Amit,5,92,True
155,Employee_155,Male,24,Finance,Executive,25000,5,06-05-2023,Jaipur,Delhi,,6,110,False
156,Employee_156,Female,42,Sales,Executive,25000,1,2023-06-06,Jaipur,Rajasthan,,3,92,True
157,Employee_157,Female,30,Sales,Analyst,25000,-1,07/06/2023,Jaipur,Delhi,Neha,5,110,True
158,Employee_158,Female,30,IT,Engineer,45000,-1,06-08-2023,Pune,Rajasthan,,5,92,True
159,Employee_159,Female,36,IT,Executive,-15000,1,2023-06-09,Jaipur,Rajasthan,Neha,4,92,False
160,Employee_160,Male,24,HR,Engineer,-15000,-1,10/06/2023,Mumbai,Maharashtra,,5,110,False
161,Employee_161,Female,24,HR,Engineer,45000,3,06-11-2023,Pune,Rajasthan,Rohit,5,88,False
162,Employee_162,Male,42,HR,Manager,25000,5,2023-06-12,Pune,Delhi,,,92,True
163,Employee_163,Female,42,Sales,Engineer,45000,5,13/06/2023,Pune,Delhi,Rohit,6,92,False
164,Employee_164,Male,42,Sales,Analyst,-15000,-1,06-14-2023,Pune,Maharashtra,Rohit,5,92,True
165,Employee_165,Female,30,Sales,Engineer,25000,1,2023-06-15,Delhi,Maharashtra,,4,92,False
166,Employee_166,Male,24,HR,Analyst,-15000,5,16/06/2023,Pune,Rajasthan,Neha,4,97,False
167,Employee_167,Male,36,Finance,Executive,45000,3,06-17-2023,Jaipur,Delhi,,5,92,True
168,,Female,36,HR,Analyst,70000,3,2023-06-18,Mumbai,Rajasthan,Amit,5,88,True
169,Employee_169,Male,30,Sales,Engineer,45000,-1,19/06/2023,Delhi,Delhi,Neha,6,110,False
170,Employee_170,Male,36,Marketing,Engineer,45000,1,06-20-2023,Ahmedabad,Gujarat,,5,97,True
171,Employee_171,Female,24,HR,Analyst,70000,-1,2023-06-21,Ahmedabad,Maharashtra,Amit,6,92,True
172,Employee_172,Male,36,Finance,Manager,-15000,5,22/06/2023,Pune,Delhi,Amit,3,88,False
173,Employee_173,Male,-3,HR,Analyst,25000,1,06-23-2023,Jaipur,Delhi,Rohit,6,110,True
174,Employee_174,Male,36,Marketing,Engineer,45000,-1,2023-06-24,Delhi,Gujarat,,5,88,False
175,Employee_175,Female,-3,Marketing,Engineer,-15000,1,25/06/2023,Ahmedabad,Maharashtra,Amit,6,92,False
176,Employee_176,Female,30,IT,Executive,45000,-1,06-26-2023,Pune,Delhi,,3,92,True
177,Employee_177,Male,42,Finance,Analyst,70000,-1,2023-06-27,Pune,Rajasthan,Neha,6,92,True
178,Employee_178,Female,30,HR,Executive,70000,1,28/06/2023,Ahmedabad,Rajasthan,,5,97,True
179,Employee_179,Male,42,Marketing,Analyst,70000,-1,06-29-2023,Pune,Gujarat,Amit,6,88,False
180,Employee_180,Female,-3,Finance,Executive,45000,1,2023-06-30,Ahmedabad,Delhi,Neha,,97,True
181,Employee_181,Male,30,Marketing,Manager,45000,5,01/07/2023,Pune,Maharashtra,Neha,5,88,True
182,Employee_182,Male,42,Marketing,Analyst,25000,5,07-02-2023,Ahmedabad,Rajasthan,Amit,5,88,True
183,Employee_183,Male,30,Finance,Engineer,45000,3,2023-07-03,Jaipur,Delhi,,5,92,False
184,Employee_184,Female,30,IT,Executive,-15000,5,04/07/2023,Delhi,Gujarat,Amit,4,92,False
185,Employee_185,Male,-3,IT,Manager,70000,-1,07-05-2023,Ahmedabad,Gujarat,Amit,4,92,False
186,Employee_186,Male,42,HR,Analyst,70000,5,2023-07-06,Delhi,Gujarat,Amit,4,97,False
187,Employee_187,Male,30,Finance,Engineer,45000,3,07/07/2023,Jaipur,Maharashtra,,4,110,True
188,Employee_188,Female,30,IT,Analyst,25000,1,07-08-2023,Ahmedabad,Gujarat,Amit,5,97,True
189,,Female,-3,IT,Executive,-15000,3,2023-07-09,Pune,Maharashtra,Neha,6,110,True
190,Employee_190,Male,42,IT,Engineer,70000,3,10/07/2023,Ahmedabad,Gujarat,Neha,3,92,False
191,Employee_191,Female,-3,Marketing,Analyst,45000,5,07-11-2023,Mumbai,Delhi,Neha,6,97,True
192,Employee_192,Male,42,Marketing,Analyst,-15000,1,2023-07-12,Delhi,Gujarat,,6,110,False
193,Employee_193,Female,24,Sales,Analyst,70000,3,13/07/2023,Jaipur,Gujarat,,6,110,False
194,Employee_194,Male,30,HR,Analyst,-15000,-1,07-14-2023,Mumbai,Rajasthan,Rohit,6,97,True
195,Employee_195,Male,24,IT,Engineer,45000,3,2023-07-15,Delhi,Gujarat,Neha,5,97,False
196,Employee_196,Male,30,Marketing,Manager,45000,-1,16/07/2023,Delhi,Maharashtra,Rohit,6,88,True
197,Employee_197,Female,30,Marketing,Analyst,45000,5,07-17-2023,Delhi,Delhi,,4,110,False
198,Employee_198,Female,30,HR,Manager,70000,-1,2023-07-18,Delhi,Gujarat,Neha,,92,True
199,Employee_199,Female,24,Marketing,Executive,45000,5,19/07/2023,Ahmedabad,Maharashtra,Amit,6,88,True
200,Employee_200,Male,30,HR,Executive,-15000,3,07-20-2023,Ahmedabad,Gujarat,Rohit,5,97,False
201,Employee_201,Female,24,Marketing,Engineer,-15000,1,2023-07-21,Mumbai,Rajasthan,Neha,4,88,False
202,Employee_202,Male,36,Sales,Manager,25000,1,22/07/2023,Jaipur,Maharashtra,Amit,6,92,False
203,Employee_203,Female,36,Sales,Engineer,70000,1,07-23-2023,Pune,Rajasthan,Amit,4,92,True
204,Employee_204,Male,36,IT,Manager,-15000,5,2023-07-24,Ahmedabad,Delhi,Amit,6,97,True
205,Employee_205,Male,36,HR,Executive,25000,1,25/07/2023,Delhi,Maharashtra,Neha,4,92,False
206,Employee_206,Female,24,IT,Executive,-15000,5,07-26-2023,Jaipur,Rajasthan,Neha,6,110,True
207,Employee_207,Female,-3,IT,Manager,70000,1,2023-07-27,Mumbai,Rajasthan,Amit,5,92,True
208,Employee_208,Female,36,Marketing,Engineer,70000,-1,28/07/2023,Ahmedabad,Maharashtra,Amit,5,88,True
209,Employee_209,Female,24,Finance,Engineer,70000,-1,07-29-2023,Pune,Delhi,Rohit,6,88,False
210,,Female,30,Sales,Engineer,25000,1,2023-07-30,Jaipur,Rajasthan,,3,92,True
211,Employee_211,Female,-3,IT,Engineer,70000,5,31/07/2023,Jaipur,Rajasthan,,3,88,False
212,Employee_212,Female,36,Marketing,Engineer,70000,3,08-01-2023,Mumbai,Rajasthan,Amit,4,110,True
213,Employee_213,Male,30,Sales,Manager,45000,5,2023-08-02,Ahmedabad,Delhi,Neha,6,92,True
214,Employee_214,Female,-3,Finance,Analyst,25000,3,03/08/2023,Ahmedabad,Rajasthan,Amit,4,110,False
215,Employee_215,Female,42,HR,Manager,45000,3,08-04-2023,Mumbai,Delhi,Rohit,5,110,False
216,Employee_216,Female,24,Sales,Engineer,-15000,5,2023-08-05,Jaipur,Gujarat,Neha,,110,True
217,Employee_217,Male,-3,Sales,Manager,25000,1,06/08/2023,Mumbai,Rajasthan,Amit,5,110,True
218,Employee_218,Female,42,Marketing,Executive,-15000,-1,08-07-2023,Mumbai,Delhi,Rohit,5,92,False
219,Employee_219,Female,-3,IT,Manager,25000,3,2023-08-08,Ahmedabad,Gujarat,,3,110,False
220,Employee_220,Male,36,IT,Manager,70000,3,09/08/2023,Pune,Rajasthan,,5,92,False
221,Employee_221,Female,-3,IT,Manager,25000,1,08-10-2023,Jaipur,Maharashtra,Rohit,5,97,True
222,Employee_222,Female,36,Sales,Analyst,45000,3,2023-08-11,Mumbai,Maharashtra,Amit,5,97,False
223,Employee_223,Male,42,Finance,Executive,70000,5,12/08/2023,Jaipur,Rajasthan,Neha,3,110,True
224,Employee_224,Male,24,IT,Executive,-15000,3,08-13-2023,Mumbai,Rajasthan,Neha,4,110,False
225,Employee_225,Male,30,Marketing,Engineer,-15000,1,2023-08-14,Jaipur,Rajasthan,,5,92,True
226,Employee_226,Male,36,IT,Analyst,25000,5,15/08/2023,Jaipur,Gujarat,Amit,6,88,True
227,Employee_227,Male,-3,IT,Executive,45000,-1,08-16-2023,Jaipur,Maharashtra,Neha,4,97,True
228,Employee_228,Female,-3,Marketing,Engineer,25000,1,2023-08-17,Pune,Maharashtra,Amit,6,88,False
229,Employee_229,Male,42,Marketing,Executive,70000,3,18/08/2023,Ahmedabad,Rajasthan,Amit,3,88,True
230,Employee_230,Female,36,Marketing,Manager,-15000,-1,08-19-2023,Jaipur,Maharashtra,,3,97,True
231,,Female,42,IT,Executive,25000,1,2023-08-20,Jaipur,Gujarat,Rohit,6,92,False
232,Employee_232,Male,-3,HR,Manager,45000,3,21/08/2023,Mumbai,Gujarat,Rohit,4,110,True
233,Employee_233,Male,36,IT,Engineer,70000,5,08-22-2023,Delhi,Rajasthan,Neha,5,97,True
234,Employee_234,Male,30,Sales,Analyst,25000,-1,2023-08-23,Jaipur,Rajasthan,Rohit,,92,False
235,Employee_235,Female,-3,Sales,Manager,25000,5,24/08/2023,Mumbai,Maharashtra,,4,88,False
236,Employee_236,Female,42,Sales,Executive,45000,3,08-25-2023,Jaipur,Gujarat,Neha,6,110,False
237,Employee_237,Female,24,IT,Analyst,70000,5,2023-08-26,Pune,Delhi,Neha,3,92,False
238,Employee_238,Female,30,Finance,Executive,25000,3,27/08/2023,Delhi,Gujarat,Rohit,4,88,True
239,Employee_239,Female,30,IT,Executive,45000,-1,08-28-2023,Pune,Maharashtra,Neha,5,88,True
240,Employee_240,Male,30,Finance,Engineer,25000,5,2023-08-29,Pune,Gujarat,Amit,5,97,True
241,Employee_241,Male,24,Marketing,Executive,-15000,-1,30/08/2023,Mumbai,Rajasthan,Amit,3,88,False
242,Employee_242,Female,-3,IT,Analyst,25000,-1,08-31-2023,Ahmedabad,Rajasthan,Rohit,6,110,False
243,Employee_243,Female,24,Marketing,Executive,45000,5,2023-09-01,Ahmedabad,Maharashtra,Neha,5,110,True
244,Employee_244,Male,30,HR,Analyst,25000,1,02/09/2023,Delhi,Gujarat,,4,92,False
245,Employee_245,Male,30,Marketing,Engineer,25000,3,09-03-2023,Ahmedabad,Gujarat,Neha,5,110,False
246,Employee_246,Male,42,IT,Engineer,70000,3,2023-09-04,Delhi,Gujarat,Neha,5,97,True
247,Employee_247,Male,42,HR,Analyst,25000,-1,05/09/2023,Ahmedabad,Maharashtra,Rohit,5,110,False
248,Employee_248,Female,42,Finance,Engineer,-15000,-1,09-06-2023,Ahmedabad,Rajasthan,Amit,5,88,False
249,Employee_249,Male,24,Marketing,Engineer,-15000,5,2023-09-07,Jaipur,Gujarat,Neha,4,92,True
250,Employee_250,Male,30,HR,Engineer,25000,1,08/09/2023,Pune,Gujarat,Amit,3,97,True
251,Employee_251,Female,24,IT,Engineer,-15000,5,09-09-2023,Ahmedabad,Gujarat,Neha,4,88,False
252,,Female,24,HR,Manager,25000,-1,2023-09-10,Pune,Gujarat,Rohit,,97,False
253,Employee_253,Female,-3,HR,Engineer,70000,3,11/09/2023,Pune,Delhi,Neha,4,92,True
254,Employee_254,Male,36,Finance,Engineer,-15000,5,09-12-2023,Ahmedabad,Gujarat,Amit,4,97,False
255,Employee_255,Female,42,Finance,Executive,-15000,5,2023-09-13,Delhi,Rajasthan,Neha,4,97,True
256,Employee_256,Male,36,Finance,Analyst,45000,5,14/09/2023,Delhi,Delhi,Rohit,4,110,False
257,Employee_257,Male,30,Finance,Executive,25000,1,09-15-2023,Mumbai,Gujarat,Neha,4,88,True
258,Employee_258,Male,36,IT,Executive,70000,1,2023-09-16,Ahmedabad,Gujarat,Rohit,6,97,True
259,Employee_259,Male,-3,Marketing,Manager,70000,-1,17/09/2023,Pune,Delhi,Rohit,5,97,False
260,Employee_260,Female,24,HR,Analyst,45000,3,09-18-2023,Jaipur,Maharashtra,Neha,5,88,True
261,Employee_261,Male,42,Marketing,Engineer,25000,1,2023-09-19,Pune,Delhi,Rohit,4,88,True
262,Employee_262,Female,24,IT,Manager,-15000,-1,20/09/2023,Delhi,Delhi,Neha,3,97,True
263,Employee_263,Male,42,HR,Manager,-15000,-1,09-21-2023,Ahmedabad,Maharashtra,Rohit,5,97,True
264,Employee_264,Male,30,Marketing,Analyst,25000,3,2023-09-22,Pune,Rajasthan,,6,92,True
265,Employee_265,Female,24,HR,Executive,70000,1,23/09/2023,Pune,Rajasthan,Amit,5,92,False
266,Employee_266,Female,42,Sales,Analyst,-15000,-1,09-24-2023,Ahmedabad,Rajasthan,,6,92,True
267,Employee_267,Male,30,Sales,Engineer,70000,5,2023-09-25,Pune,Rajasthan,Amit,3,92,False
268,Employee_268,Female,24,Marketing,Analyst,-15000,1,26/09/2023,Pune,Delhi,Amit,5,110,True
269,Employee_269,Male,30,Finance,Analyst,25000,3,09-27-2023,Pune,Rajasthan,Rohit,6,92,False
270,Employee_270,Female,42,Sales,Manager,-15000,1,2023-09-28,Mumbai,Maharashtra,Neha,,97,True
271,Employee_271,Male,24,Finance,Manager,25000,5,29/09/2023,Ahmedabad,Delhi,,6,92,True
272,Employee_272,Female,36,HR,Analyst,45000,-1,09-30-2023,Pune,Maharashtra,Rohit,3,110,False
273,,Male,30,Finance,Analyst,25000,5,2023-10-01,Mumbai,Rajasthan,,3,97,True
274,Employee_274,Female,42,HR,Engineer,-15000,1,02/10/2023,Ahmedabad,Delhi,Rohit,4,110,False
275,Employee_275,Male,24,Marketing,Engineer,-15000,5,10-03-2023,Delhi,Rajasthan,Amit,3,97,False
276,Employee_276,Female,24,Marketing,Analyst,25000,3,2023-10-04,Jaipur,Maharashtra,,6,88,False
277,Employee_277,Male,24,HR,Engineer,-15000,1,05/10/2023,Pune,Delhi,,4,97,True
278,Employee_278,Female,-3,Finance,Analyst,25000,3,10-06-2023,Mumbai,Gujarat,,4,97,False
279,Employee_279,Male,30,Marketing,Manager,45000,1,2023-10-07,Ahmedabad,Delhi,Neha,5,88,True
280,Employee_280,Female,24,Sales,Engineer,45000,1,08/10/2023,Mumbai,Delhi,Amit,6,88,True
281,Employee_281,Female,24,IT,Engineer,-15000,-1,10-09-2023,Pune,Rajasthan,Rohit,4,88,False
282,Employee_282,Female,24,Sales,Executive,25000,-1,2023-10-10,Mumbai,Delhi,,4,97,True
283,Employee_283,Male,36,IT,Manager,25000,5,11/10/2023,Mumbai,Delhi,Amit,3,92,True
284,Employee_284,Male,24,Marketing,Analyst,-15000,-1,10-12-2023,Pune,Maharashtra,Neha,5,110,False
285,Employee_285,Male,36,HR,Executive,70000,5,2023-10-13,Jaipur,Rajasthan,,4,92,True
286,Employee_286,Female,-3,IT,Manager,70000,3,14/10/2023,Mumbai,Gujarat,,3,92,True
287,Employee_287,Female,-3,Marketing,Executive,25000,3,10-15-2023,Pune,Rajasthan,Neha,5,97,False
288,Employee_288,Male,30,IT,Engineer,25000,1,2023-10-16,Mumbai,Delhi,Rohit,,110,False
289,Employee_289,Male,42,Marketing,Manager,25000,-1,17/10/2023,Ahmedabad,Gujarat,,3,97,False
290,Employee_290,Male,-3,Finance,Engineer,45000,1,10-18-2023,Jaipur,Maharashtra,,6,92,False
291,Employee_291,Female,36,Sales,Manager,-15000,-1,2023-10-19,Ahmedabad,Maharashtra,Rohit,5,88,True
292,Employee_292,Male,42,HR,Manager,70000,1,20/10/2023,Mumbai,Delhi,,3,110,True
293,Employee_293,Male,30,IT,Analyst,45000,1,10-21-2023,Pune,Maharashtra,Amit,3,92,False
294,,Female,24,Finance,Engineer,70000,-1,2023-10-22,Mumbai,Delhi,Amit,6,88,True
295,Employee_295,Female,-3,Marketing,Executive,-15000,5,23/10/2023,Delhi,Delhi,Neha,6,88,True
296,Employee_296,Male,42,Finance,Manager,-15000,5,10-24-2023,Delhi,Delhi,,6,97,False
297,Employee_297,Male,24,HR,Engineer,70000,5,2023-10-25,Mumbai,Gujarat,Rohit,6,110,True
298,Employee_298,Female,30,HR,Executive,-15000,5,26/10/2023,Ahmedabad,Delhi,,4,110,True
299,Employee_299,Male,30,HR,Analyst,25000,5,10-27-2023,Delhi,Gujarat,Neha,6,97,False
300,Employee_300,Female,42,Finance,Analyst,45000,-1,2023-10-28,Jaipur,Gujarat,Rohit,5,88,True
301,Employee_301,Male,42,Sales,Executive,-15000,-1,29/10/2023,Pune,Rajasthan,Amit,3,92,True
302,Employee_302,Male,24,Finance,Analyst,-15000,5,10-30-2023,Delhi,Delhi,Amit,5,92,True
303,Employee_303,Female,42,Marketing,Manager,70000,3,2023-10-31,Mumbai,Rajasthan,,3,88,True
304,Employee_304,Male,36,Sales,Analyst,25000,3,01/11/2023,Pune,Delhi,Amit,4,110,False
305,Employee_305,Male,36,Sales,Executive,25000,5,11-02-2023,Mumbai,Rajasthan,,4,92,True
306,Employee_306,Female,30,Finance,Engineer,25000,3,2023-11-03,Mumbai,Maharashtra,,,88,False
307,Employee_307,Male,36,Sales,Manager,25000,5,04/11/2023,Pune,Gujarat,,4,88,False
308,Employee_308,Female,42,HR,Analyst,-15000,1,11-05-2023,Delhi,Delhi,Rohit,4,92,False
309,Employee_309,Male,30,IT,Executive,45000,1,2023-11-06,Jaipur,Maharashtra,Amit,6,88,False
310,Employee_310,Male,24,IT,Engineer,70000,-1,07/11/2023,Delhi,Gujarat,,6,88,True
311,Employee_311,Male,36,Marketing,Engineer,70000,-1,11-08-2023,Mumbai,Gujarat,Amit,3,97,True
312,Employee_312,Female,24,HR,Executive,-15000,3,2023-11-09,Pune,Gujarat,Amit,3,110,False
313,Employee_313,Male,36,IT,Executive,70000,5,10/11/2023,Pune,Gujarat,Amit,4,110,True
314,Employee_314,Male,42,Finance,Analyst,70000,-1,11-11-2023,Jaipur,Gujarat,Neha,3,88,True
315,,Female,24,IT,Executive,-15000,5,2023-11-12,Pune,Rajasthan,Neha,5,97,True
316,Employee_316,Male,36,IT,Manager,25000,-1,13/11/2023,Delhi,Gujarat,Rohit,3,88,False
317,Employee_317,Female,30,HR,Manager,25000,3,11-14-2023,Ahmedabad,Gujarat,Amit,3,88,True
318,Employee_318,Male,30,Finance,Executive,25000,1,2023-11-15,Jaipur,Delhi,Neha,5,88,True
319,Employee_319,Male,36,Marketing,Engineer,45000,5,16/11/2023,Delhi,Rajasthan,Neha,3,88,True
320,Employee_320,Male,30,HR,Executive,70000,5,11-17-2023,Jaipur,Gujarat,Amit,6,88,False
321,Employee_321,Female,36,Marketing,Manager,45000,-1,2023-11-18,Ahmedabad,Gujarat,Rohit,3,97,True
322,Employee_322,Female,30,HR,Executive,-15000,1,19/11/2023,Jaipur,Delhi,Neha,3,88,True
323,Employee_323,Male,42,Finance,Analyst,70000,3,11-20-2023,Jaipur,Rajasthan,Amit,5,110,False
324,Employee_324,Male,24,Finance,Engineer,45000,3,2023-11-21,Delhi,Rajasthan,,,88,False
325,Employee_325,Female,42,Marketing,Manager,25000,5,22/11/2023,Mumbai,Gujarat,Neha,4,110,False
326,Employee_326,Male,30,IT,Executive,45000,3,11-23-2023,Ahmedabad,Delhi,Neha,6,110,False
327,Employee_327,Female,-3,Marketing,Executive,45000,5,2023-11-24,Mumbai,Maharashtra,Neha,5,110,True
328,Employee_328,Male,30,HR,Engineer,45000,5,25/11/2023,Jaipur,Gujarat,Neha,5,110,True
329,Employee_329,Female,42,Sales,Engineer,70000,-1,11-26-2023,Ahmedabad,Rajasthan,Rohit,4,88,False
330,Employee_330,Female,42,IT,Manager,25000,-1,2023-11-27,Delhi,Rajasthan,Rohit,4,97,True
331,Employee_331,Male,36,Sales,Engineer,45000,1,28/11/2023,Pune,Gujarat,Amit,4,92,True
332,Employee_332,Male,30,HR,Analyst,45000,3,11-29-2023,Jaipur,Delhi,Amit,3,97,False
333,Employee_333,Female,36,Finance,Analyst,45000,1,2023-11-30,Ahmedabad,Gujarat,,6,97,False
334,Employee_334,Female,42,Sales,Analyst,-15000,5,01/12/2023,Mumbai,Rajasthan,Amit,6,92,False
335,Employee_335,Female,30,Sales,Engineer,25000,3,12-02-2023,Pune,Delhi,Rohit,6,97,False
336,,Male,42,Marketing,Analyst,70000,-1,2023-12-03,Jaipur,Rajasthan,Neha,5,97,True
337,Employee_337,Female,30,IT,Executive,45000,3,04/12/2023,Jaipur,Gujarat,Rohit,4,97,False
338,Employee_338,Male,42,HR,Executive,-15000,-1,12-05-2023,Ahmedabad,Delhi,Neha,5,92,True
339,Employee_339,Female,42,Finance,Executive,-15000,5,2023-12-06,Delhi,Rajasthan,Neha,3,92,True
340,Employee_340,Female,-3,Sales,Engineer,45000,-1,07/12/2023,Pune,Rajasthan,Rohit,4,97,True
341,Employee_341,Male,-3,Sales,Engineer,25000,-1,12-08-2023,Delhi,Gujarat,,3,92,True
342,Employee_342,Female,42,Finance,Executive,-15000,-1,2023-12-09,Jaipur,Delhi,,,92,True
343,Employee_343,Male,36,Finance,Manager,-15000,1,10/12/2023,Jaipur,Gujarat,,6,92,False
344,Employee_344,Male,24,Marketing,Analyst,45000,5,12-11-2023,Delhi,Maharashtra,Amit,5,92,True
345,Employee_345,Female,24,IT,Analyst,70000,-1,2023-12-12,Mumbai,Gujarat,Rohit,3,97,True
346,Employee_346,Female,-3,Sales,Executive,70000,5,13/12/2023,Jaipur,Maharashtra,Rohit,3,110,False
347,Employee_347,Female,24,Marketing,Analyst,25000,5,12-14-2023,Delhi,Maharashtra,Rohit,6,92,True
348,Employee_348,Female,30,IT,Manager,25000,3,2023-12-15,Delhi,Gujarat,Rohit,5,92,True
349,Employee_349,Female,42,HR,Manager,25000,-1,16/12/2023,Jaipur,Rajasthan,Rohit,4,92,True
350,Employee_350,Male,-3,Sales,Engineer,25000,-1,12-17-2023,Delhi,Rajasthan,,3,92,True
351,Employee_351,Female,36,HR,Analyst,25000,-1,2023-12-18,Mumbai,Rajasthan,,3,88,False
352,Employee_352,Female,-3,Sales,Manager,70000,-1,19/12/2023,Pune,Gujarat,Amit,5,92,True
353,Employee_353,Male,30,HR,Analyst,-15000,-1,12-20-2023,Pune,Maharashtra,Neha,6,88,True
354,Employee_354,Female,30,HR,Manager,70000,5,2023-12-21,Mumbai,Gujarat,Neha,3,97,True
355,Employee_355,Male,24,Finance,Analyst,25000,5,22/12/2023,Delhi,Rajasthan,,4,110,True
356,Employee_356,Female,24,HR,Executive,70000,5,12-23-2023,Mumbai,Maharashtra,Amit,6,92,False
357,,Female,24,Sales,Manager,-15000,5,2023-12-24,Delhi,Rajasthan,,3,110,True
358,Employee_358,Male,30,HR,Engineer,25000,-1,25/12/2023,Pune,Delhi,Rohit,5,88,True
359,Employee_359,Male,42,Marketing,Executive,45000,5,12-26-2023,Jaipur,Maharashtra,Amit,4,110,False
360,Employee_360,Male,24,HR,Engineer,45000,3,2023-12-27,Pune,Gujarat,Neha,,92,True
361,Employee_361,Male,-3,IT,Analyst,25000,3,28/12/2023,Delhi,Rajasthan,Neha,6,97,False
362,Employee_362,Male,30,Sales,Engineer,70000,1,12-29-2023,Mumbai,Maharashtra,Amit,6,92,True
363,Employee_363,Female,42,Finance,Manager,-15000,5,2023-12-30,Ahmedabad,Rajasthan,Amit,3,97,False
364,Employee_364,Male,30,IT,Executive,70000,-1,31/12/2023,Mumbai,Gujarat,Amit,4,88,False
365,Employee_365,Female,24,Sales,Executive,70000,3,01-01-2024,Delhi,Gujarat,Neha,5,92,True
366,Employee_366,Male,36,IT,Analyst,-15000,5,2024-01-02,Ahmedabad,Delhi,Amit,4,92,False
367,Employee_367,Male,24,HR,Analyst,70000,-1,03/01/2024,Mumbai,Maharashtra,Neha,6,97,True
368,Employee_368,Female,30,Finance,Analyst,25000,1,01-04-2024,Delhi,Maharashtra,,5,92,True
369,Employee_369,Female,42,HR,Engineer,70000,5,2024-01-05,Jaipur,Maharashtra,Neha,3,97,False
370,Employee_370,Female,30,HR,Engineer,70000,5,06/01/2024,Ahmedabad,Maharashtra,Neha,6,110,False
371,Employee_371,Female,30,Finance,Executive,25000,3,01-07-2024,Mumbai,Delhi,,5,110,True
372,Employee_372,Male,42,HR,Manager,25000,-1,2024-01-08,Mumbai,Maharashtra,Amit,6,92,True
373,Employee_373,Male,42,Sales,Engineer,25000,-1,09/01/2024,Mumbai,Delhi,Amit,3,88,True
374,Employee_374,Female,42,HR,Engineer,25000,3,01-10-2024,Jaipur,Gujarat,Amit,5,110,False
375,Employee_375,Male,24,IT,Executive,-15000,1,2024-01-11,Delhi,Delhi,,6,92,False
376,Employee_376,Male,30,Finance,Analyst,25000,3,12/01/2024,Ahmedabad,Maharashtra,,5,97,False
377,Employee_377,Female,-3,Finance,Manager,45000,3,01-13-2024,Pune,Delhi,,4,92,True
378,,Female,24,Finance,Analyst,25000,3,2024-01-14,Jaipur,Maharashtra,,,88,True
379,Employee_379,Female,36,HR,Analyst,70000,5,15/01/2024,Pune,Maharashtra,Amit,4,110,True
380,Employee_380,Female,42,Marketing,Engineer,45000,3,01-16-2024,Delhi,Delhi,,4,88,False
381,Employee_381,Female,30,IT,Manager,45000,5,2024-01-17,Ahmedabad,Gujarat,Neha,4,92,False
382,Employee_382,Female,24,Finance,Engineer,-15000,3,18/01/2024,Pune,Maharashtra,,4,97,False
383,Employee_383,Female,30,Sales,Engineer,-15000,-1,01-19-2024,Ahmedabad,Gujarat,Neha,3,92,False
384,Employee_384,Female,-3,Finance,Manager,25000,-1,2024-01-20,Jaipur,Delhi,Rohit,4,92,False
385,Employee_385,Female,30,HR,Analyst,45000,-1,21/01/2024,Mumbai,Rajasthan,Rohit,5,88,False
386,Employee_386,Female,42,Marketing,Analyst,-15000,3,01-22-2024,Mumbai,Delhi,Rohit,5,97,False
387,Employee_387,Female,42,Finance,Manager,-15000,-1,2024-01-23,Jaipur,Delhi,Neha,4,97,False
388,Employee_388,Female,24,Finance,Executive,25000,3,24/01/2024,Mumbai,Gujarat,Neha,5,110,True
389,Employee_389,Male,42,IT,Engineer,45000,1,01-25-2024,Delhi,Delhi,Neha,5,110,False
390,Employee_390,Male,36,IT,Engineer,45000,3,2024-01-26,Jaipur,Delhi,Neha,6,92,True
391,Employee_391,Male,36,IT,Analyst,45000,5,27/01/2024,Mumbai,Gujarat,Neha,5,92,True
392,Employee_392,Female,30,IT,Engineer,45000,-1,01-28-2024,Mumbai,Delhi,Neha,3,88,False
393,Employee_393,Male,30,HR,Manager,70000,1,2024-01-29,Pune,Delhi,Amit,3,110,False
394,Employee_394,Male,42,Sales,Analyst,-15000,3,30/01/2024,Mumbai,Delhi,Rohit,6,88,False
395,Employee_395,Female,30,IT,Analyst,45000,5,01-31-2024,Jaipur,Maharashtra,Neha,5,97,True
396,Employee_396,Male,30,HR,Manager,-15000,-1,2024-02-01,Pune,Maharashtra,Rohit,,97,True
397,Employee_397,Male,24,Finance,Executive,70000,-1,02/02/2024,Delhi,Gujarat,Amit,5,97,False
398,Employee_398,Female,-3,IT,Manager,-15000,5,02-03-2024,Mumbai,Gujarat,,3,110,False
399,,Male,-3,Finance,Executive,-15000,1,2024-02-04,Delhi,Maharashtra,Rohit,4,92,True
400,Employee_400,Male,42,Sales,Manager,-15000,1,05/02/2024,Jaipur,Maharashtra,Rohit,3,97,False
401,Employee_401,Female,30,Finance,Manager,45000,-1,02-06-2024,Ahmedabad,Gujarat,,4,88,False
402,Employee_402,Male,36,Sales,Engineer,25000,-1,2024-02-07,Jaipur,Delhi,Amit,6,92,False
403,Employee_403,Male,36,HR,Manager,25000,-1,08/02/2024,Mumbai,Gujarat,Rohit,4,110,True
404,Employee_404,Female,24,Finance,Executive,45000,3,02-09-2024,Delhi,Maharashtra,,3,88,True
405,Employee_405,Male,42,Finance,Manager,70000,-1,2024-02-10,Mumbai,Rajasthan,Amit,6,88,True
406,Employee_406,Male,-3,Finance,Engineer,-15000,5,11/02/2024,Mumbai,Gujarat,Amit,5,97,True
407,Employee_407,Female,-3,Sales,Manager,70000,3,02-12-2024,Jaipur,Rajasthan,,4,97,True
408,Employee_408,Male,-3,HR,Executive,-15000,1,2024-02-13,Jaipur,Gujarat,Neha,6,97,False
409,Employee_409,Female,30,Sales,Executive,45000,1,14/02/2024,Mumbai,Maharashtra,Amit,4,92,True
410,Employee_410,Male,24,IT,Analyst,45000,3,02-15-2024,Jaipur,Maharashtra,Amit,4,97,False
411,Employee_411,Female,-3,IT,Executive,70000,3,2024-02-16,Mumbai,Maharashtra,Rohit,4,92,False
412,Employee_412,Female,42,HR,Manager,70000,3,17/02/2024,Jaipur,Rajasthan,Amit,6,88,False
413,Employee_413,Male,24,IT,Manager,25000,1,02-18-2024,Mumbai,Gujarat,Rohit,3,92,True
414,Employee_414,Male,-3,Sales,Executive,-15000,-1,2024-02-19,Mumbai,Gujarat,Rohit,,97,False
415,Employee_415,Female,36,Finance,Analyst,25000,3,20/02/2024,Ahmedabad,Gujarat,Amit,6,110,False
416,Employee_416,Male,-3,Sales,Analyst,25000,-1,02-21-2024,Jaipur,Gujarat,Rohit,4,88,True
417,Employee_417,Female,24,Sales,Engineer,70000,-1,2024-02-22,Delhi,Delhi,Neha,5,97,True
418,Employee_418,Female,24,Marketing,Analyst,70000,5,23/02/2024,Ahmedabad,Gujarat,,4,97,True
419,Employee_419,Female,42,Finance,Executive,45000,5,02-24-2024,Ahmedabad,Maharashtra,Neha,3,110,True
420,,Female,-3,Marketing,Engineer,-15000,5,2024-02-25,Pune,Maharashtra,Neha,3,92,False
421,Employee_421,Male,42,HR,Engineer,-15000,5,26/02/2024,Mumbai,Gujarat,Neha,5,110,False
422,Employee_422,Female,36,IT,Analyst,-15000,3,02-27-2024,Mumbai,Maharashtra,Rohit,3,92,False
423,Employee_423,Male,36,Finance,Executive,25000,3,2024-02-28,Pune,Rajasthan,Rohit,6,110,False
424,Employee_424,Female,-3,Sales,Executive,70000,1,29/02/2024,Mumbai,Gujarat,Rohit,5,88,True
425,Employee_425,Female,36,HR,Manager,-15000,-1,03-01-2024,Delhi,Rajasthan,Neha,5,110,True
426,Employee_426,Male,-3,Marketing,Manager,-15000,3,2024-03-02,Jaipur,Rajasthan,Rohit,5,110,True
427,Employee_427,Female,36,Finance,Engineer,-15000,1,03/03/2024,Jaipur,Rajasthan,Neha,5,110,True
428,Employee_428,Male,30,Finance,Executive,45000,-1,03-04-2024,Delhi,Rajasthan,Neha,3,110,True
429,Employee_429,Male,-3,Sales,Manager,70000,-1,2024-03-05,Mumbai,Maharashtra,Amit,6,110,False
430,Employee_430,Male,30,Marketing,Analyst,45000,-1,06/03/2024,Delhi,Maharashtra,Amit,5,92,True
431,Employee_431,Male,30,Finance,Engineer,70000,1,03-07-2024,Pune,Rajasthan,,4,97,False
432,Employee_432,Male,24,Finance,Engineer,70000,3,2024-03-08,Ahmedabad,Maharashtra,,,92,False
433,Employee_433,Male,30,HR,Engineer,70000,-1,09/03/2024,Mumbai,Gujarat,Amit,6,88,False
434,Employee_434,Male,-3,Marketing,Engineer,70000,5,03-10-2024,Pune,Maharashtra,Amit,3,88,False
435,Employee_435,Male,42,IT,Manager,25000,1,2024-03-11,Pune,Rajasthan,Neha,6,97,False
436,Employee_436,Male,30,Marketing,Executive,25000,-1,12/03/2024,Mumbai,Gujarat,Neha,5,92,True
437,Employee_437,Male,36,Marketing,Executive,-15000,1,03-13-2024,Pune,Rajasthan,Neha,6,110,True
438,Employee_438,Male,24,HR,Engineer,-15000,-1,2024-03-14,Pune,Maharashtra,Amit,5,92,True
439,Employee_439,Female,-3,IT,Manager,70000,1,15/03/2024,Jaipur,Rajasthan,Neha,5,88,True
440,Employee_440,Female,30,Marketing,Analyst,-15000,-1,03-16-2024,Delhi,Gujarat,Amit,5,92,True
441,,Male,42,Marketing,Engineer,25000,-1,2024-03-17,Mumbai,Maharashtra,Amit,3,97,False
442,Employee_442,Female,24,Marketing,Manager,25000,-1,18/03/2024,Mumbai,Maharashtra,,6,88,False
443,Employee_443,Male,24,IT,Analyst,-15000,1,03-19-2024,Ahmedabad,Delhi,Amit,4,97,False
444,Employee_444,Female,24,HR,Manager,45000,3,2024-03-20,Pune,Delhi,Neha,4,97,False
445,Employee_445,Female,-3,Finance,Executive,70000,1,21/03/2024,Jaipur,Maharashtra,,3,92,True
446,Employee_446,Female,-3,Finance,Engineer,70000,3,03-22-2024,Ahmedabad,Maharashtra,Rohit,5,88,False
447,Employee_447,Female,24,IT,Engineer,25000,1,2024-03-23,Pune,Delhi,,3,110,True
448,Employee_448,Female,-3,Sales,Manager,70000,1,24/03/2024,Delhi,Delhi,Neha,4,97,False
449,Employee_449,Female,30,HR,Engineer,25000,3,03-25-2024,Delhi,Maharashtra,Amit,4,110,True
450,Employee_450,Male,30,Sales,Manager,-15000,5,2024-03-26,Delhi,Gujarat,,,110,False
451,Employee_451,Male,42,Sales,Executive,-15000,-1,27/03/2024,Pune,Gujarat,,6,92,True
452,Employee_452,Female,-3,IT,Analyst,70000,5,03-28-2024,Jaipur,Rajasthan,Rohit,6,88,False
453,Employee_453,Male,-3,Marketing,Manager,25000,3,2024-03-29,Mumbai,Maharashtra,,3,92,True
454,Employee_454,Male,-3,IT,Analyst,70000,3,30/03/2024,Pune,Maharashtra,Amit,3,88,True
455,Employee_455,Male,42,Finance,Analyst,25000,-1,03-31-2024,Delhi,Maharashtra,Amit,4,110,False
456,Employee_456,Female,30,Sales,Engineer,-15000,5,2024-04-01,Pune,Maharashtra,Amit,3,110,True
457,Employee_457,Male,24,Marketing,Analyst,-15000,3,02/04/2024,Delhi,Maharashtra,Neha,3,110,True
458,Employee_458,Male,30,IT,Engineer,70000,1,04-03-2024,Jaipur,Rajasthan,Neha,3,97,False
459,Employee_459,Male,24,Finance,Analyst,45000,-1,2024-04-04,Jaipur,Gujarat,Rohit,3,88,True
460,Employee_460,Male,36,Finance,Engineer,25000,5,05/04/2024,Pune,Delhi,Rohit,4,88,True
461,Employee_461,Male,24,Finance,Analyst,-15000,-1,04-06-2024,Mumbai,Gujarat,Amit,4,92,False
462,,Male,24,Finance,Manager,25000,5,2024-04-07,Jaipur,Gujarat,Amit,4,88,False
463,Employee_463,Male,36,Sales,Engineer,25000,1,08/04/2024,Delhi,Delhi,Rohit,3,97,False
464,Employee_464,Female,36,Finance,Manager,25000,1,04-09-2024,Mumbai,Rajasthan,Amit,5,110,True
465,Employee_465,Female,-3,HR,Engineer,-15000,5,2024-04-10,Jaipur,Gujarat,Rohit,3,97,True
466,Employee_466,Male,36,Sales,Engineer,25000,3,11/04/2024,Jaipur,Rajasthan,Amit,4,88,False
467,Employee_467,Female,-3,IT,Analyst,-15000,-1,04-12-2024,Delhi,Rajasthan,Amit,4,88,False
468,Employee_468,Male,36,Finance,Executive,-15000,-1,2024-04-13,Ahmedabad,Delhi,,,110,False
469,Employee_469,Male,24,HR,Manager,70000,-1,14/04/2024,Mumbai,Maharashtra,Rohit,4,97,False
470,Employee_470,Female,42,IT,Executive,45000,5,04-15-2024,Pune,Rajasthan,,6,97,True
471,Employee_471,Male,-3,Marketing,Executive,45000,-1,2024-04-16,Pune,Gujarat,Neha,3,88,False
472,Employee_472,Female,30,HR,Engineer,-15000,1,17/04/2024,Delhi,Maharashtra,Amit,6,110,False
473,Employee_473,Female,36,IT,Analyst,45000,3,04-18-2024,Ahmedabad,Maharashtra,Neha,5,88,True
474,Employee_474,Female,36,Marketing,Executive,45000,1,2024-04-19,Jaipur,Gujarat,Amit,4,88,True
475,Employee_475,Female,30,Finance,Executive,-15000,3,20/04/2024,Ahmedabad,Gujarat,Rohit,5,97,True
476,Employee_476,Female,30,Finance,Engineer,25000,1,04-21-2024,Jaipur,Maharashtra,Rohit,4,92,True
477,Employee_477,Female,30,Sales,Executive,70000,5,2024-04-22,Pune,Maharashtra,Amit,3,97,True
478,Employee_478,Female,30,Finance,Manager,25000,-1,23/04/2024,Pune,Rajasthan,,4,92,True
479,Employee_479,Male,42,IT,Manager,25000,3,04-24-2024,Ahmedabad,Gujarat,Rohit,5,110,False
480,Employee_480,Male,24,Sales,Manager,45000,5,2024-04-25,Jaipur,Gujarat,Rohit,4,97,True
481,Employee_481,Female,-3,Marketing,Engineer,25000,3,26/04/2024,Ahmedabad,Delhi,Rohit,3,92,False
482,Employee_482,Male,-3,IT,Executive,45000,-1,04-27-2024,Ahmedabad,Maharashtra,Rohit,3,88,False
483,,Male,36,Sales,Manager,-15000,3,2024-04-28,Jaipur,Maharashtra,,5,92,True
484,Employee_484,Female,42,Sales,Manager,-15000,-1,29/04/2024,Mumbai,Gujarat,,5,110,False
485,Employee_485,Male,36,Finance,Manager,70000,3,04-30-2024,Ahmedabad,Rajasthan,,4,110,False
486,Employee_486,Male,24,Marketing,Engineer,45000,1,2024-05-01,Delhi,Delhi,Neha,,92,True
487,Employee_487,Female,42,Marketing,Engineer,70000,1,02/05/2024,Pune,Rajasthan,,6,110,True
488,Employee_488,Female,-3,HR,Manager,-15000,-1,05-03-2024,Ahmedabad,Maharashtra,Neha,4,110,False
489,Employee_489,Female,30,HR,Executive,25000,3,2024-05-04,Jaipur,Maharashtra,,4,110,True
490,Employee_490,Male,-3,IT,Engineer,70000,3,05/05/2024,Mumbai,Delhi,Amit,6,97,False
491,Employee_491,Female,42,Sales,Executive,25000,1,05-06-2024,Pune,Maharashtra,Amit,4,110,True
492,Employee_492,Male,24,HR,Executive,70000,-1,2024-05-07,Delhi,Rajasthan,Rohit,5,97,True
493,Employee_493,Male,-3,HR,Engineer,45000,1,08/05/2024,Delhi,Delhi,Amit,6,97,True
494,Employee_494,Female,-3,HR,Executive,-15000,1,05-09-2024,Delhi,Gujarat,,5,92,True
495,Employee_495,Male,30,IT,Analyst,-15000,-1,2024-05-10,Ahmedabad,Gujarat,,6,110,False
496,Employee_496,Male,42,Finance,Engineer,70000,3,11/05/2024,Ahmedabad,Gujarat,,4,88,False
497,Employee_497,Male,24,HR,Engineer,-15000,5,05-12-2024,Mumbai,Delhi,,4,92,True
498,Employee_498,Male,24,Sales,Engineer,45000,1,2024-05-13,Mumbai,Rajasthan,,6,110,True
499,Employee_499,Female,30,Sales,Engineer,25000,-1,14/05/2024,Ahmedabad,Maharashtra,Amit,5,97,False
500,Employee_500,Male,42,Sales,Analyst,-15000,5,05-15-2024,Delhi,Rajasthan,Amit,3,88,False
501,Employee_501,Male,42,Marketing,Manager,-15000,5,2024-05-16,Ahmedabad,Gujarat,,4,88,True
502,Employee_502,Female,30,IT,Executive,45000,-1,17/05/2024,Mumbai,Maharashtra,Rohit,6,92,False
503,Employee_503,Female,36,HR,Executive,25000,3,05-18-2024,Pune,Delhi,,5,88,True
504,,Male,36,IT,Executive,-15000,3,2024-05-19,Pune,Delhi,Rohit,,97,True
505,Employee_505,Male,-3,Sales,Analyst,-15000,1,20/05/2024,Jaipur,Maharashtra,Rohit,4,97,False
506,Employee_506,Male,-3,Marketing,Engineer,25000,1,05-21-2024,Delhi,Rajasthan,Rohit,5,92,False
507,Employee_507,Female,42,Sales,Executive,25000,-1,2024-05-22,Ahmedabad,Gujarat,Neha,5,88,True
508,Employee_508,Male,24,HR,Engineer,25000,5,23/05/2024,Mumbai,Gujarat,Neha,6,92,True
509,Employee_509,Female,42,Sales,Executive,-15000,1,05-24-2024,Pune,Gujarat,,3,88,True
510,Employee_510,Male,-3,Finance,Analyst,70000,5,2024-05-25,Ahmedabad,Maharashtra,Rohit,3,88,False
511,Employee_511,Female,36,IT,Analyst,-15000,5,26/05/2024,Delhi,Maharashtra,Rohit,4,97,True
512,Employee_512,Male,24,IT,Executive,45000,5,05-27-2024,Pune,Maharashtra,Amit,4,88,False
513,Employee_513,Female,36,HR,Analyst,70000,1,2024-05-28,Jaipur,Rajasthan,,4,92,False
514,Employee_514,Female,24,Sales,Executive,70000,5,29/05/2024,Mumbai,Delhi,Rohit,3,110,True
515,Employee_515,Male,42,Finance,Executive,25000,5,05-30-2024,Ahmedabad,Delhi,Amit,5,88,False
516,Employee_516,Female,-3,Sales,Engineer,70000,1,2024-05-31,Mumbai,Gujarat,,6,92,False
517,Employee_517,Male,-3,Sales,Executive,-15000,-1,01/06/2024,Mumbai,Rajasthan,Neha,6,88,True
518,Employee_518,Female,36,Sales,Executive,25000,5,06-02-2024,Pune,Delhi,,5,92,False
519,Employee_519,Male,36,IT,Manager,25000,-1,2024-06-03,Mumbai,Gujarat,Neha,3,97,False
520,Employee_520,Male,24,IT,Manager,-15000,-1,04/06/2024,Jaipur,Gujarat,Neha,6,110,True
521,Employee_521,Female,24,Marketing,Engineer,45000,3,06-05-2024,Jaipur,Maharashtra,,6,92,False
522,Employee_522,Male,36,Marketing,Manager,45000,-1,2024-06-06,Delhi,Gujarat,Amit,,88,True
523,Employee_523,Male,30,IT,Manager,25000,1,07/06/2024,Pune,Delhi,Neha,5,97,True
524,Employee_524,Female,-3,IT,Analyst,70000,3,06-08-2024,Mumbai,Delhi,Rohit,3,97,False
525,,Female,24,Sales,Analyst,70000,1,2024-06-09,Mumbai,Rajasthan,Neha,3,97,False
526,Employee_526,Female,42,Marketing,Analyst,25000,5,10/06/2024,Ahmedabad,Rajasthan,Neha,6,97,True
527,Employee_527,Male,24,Finance,Engineer,25000,1,06-11-2024,Delhi,Maharashtra,Neha,4,88,True
528,Employee_528,Male,30,HR,Engineer,45000,-1,2024-06-12,Delhi,Delhi,Neha,5,92,True
529,Employee_529,Female,-3,Finance,Manager,45000,-1,13/06/2024,Pune,Rajasthan,,5,88,True
530,Employee_530,Female,-3,IT,Engineer,70000,3,06-14-2024,Delhi,Gujarat,Rohit,6,110,True
531,Employee_531,Male,30,IT,Manager,70000,3,2024-06-15,Pune,Delhi,Amit,4,110,False
532,Employee_532,Female,30,HR,Executive,70000,-1,16/06/2024,Mumbai,Delhi,Neha,5,92,False
533,Employee_533,Male,-3,Finance,Engineer,70000,5,06-17-2024,Mumbai,Gujarat,,5,97,False
534,Employee_534,Male,36,IT,Engineer,45000,1,2024-06-18,Ahmedabad,Delhi,Amit,4,97,True
535,Employee_535,Male,42,Finance,Executive,45000,-1,19/06/2024,Mumbai,Rajasthan,Neha,5,92,True
536,Employee_536,Male,42,IT,Analyst,25000,3,06-20-2024,Delhi,Rajasthan,Rohit,6,97,False
537,Employee_537,Female,24,Finance,Manager,25000,-1,2024-06-21,Pune,Maharashtra,Amit,5,110,False
538,Employee_538,Female,42,Finance,Analyst,45000,1,22/06/2024,Delhi,Rajasthan,Rohit,3,88,False
539,Employee_539,Female,42,Sales,Engineer,25000,3,06-23-2024,Ahmedabad,Gujarat,Neha,6,110,True
540,Employee_540,Male,30,Finance,Executive,25000,5,2024-06-24,Ahmedabad,Maharashtra,Neha,,110,False
541,Employee_541,Female,36,HR,Engineer,25000,3,25/06/2024,Delhi,Delhi,Rohit,3,110,False
542,Employee_542,Female,24,IT,Executive,25000,1,06-26-2024,Mumbai,Delhi,Neha,6,92,True
543,Employee_543,Male,36,Finance,Engineer,25000,1,2024-06-27,Pune,Gujarat,Rohit,4,88,False
544,Employee_544,Male,24,HR,Engineer,45000,-1,28/06/2024,Pune,Maharashtra,Amit,6,97,False
545,Employee_545,Male,42,HR,Executive,-15000,-1,06-29-2024,Jaipur,Gujarat,Amit,3,110,True
546,,Female,36,Marketing,Manager,-15000,-1,2024-06-30,Jaipur,Rajasthan,Neha,4,97,False
547,Employee_547,Female,30,IT,Manager,-15000,1,01/07/2024,Ahmedabad,Gujarat,Neha,6,92,False
548,Employee_548,Male,36,Sales,Engineer,70000,5,07-02-2024,Ahmedabad,Maharashtra,,6,92,True
549,Employee_549,Female,30,Finance,Engineer,-15000,-1,2024-07-03,Mumbai,Rajasthan,Neha,3,88,True
550,Employee_550,Female,-3,HR,Executive,25000,-1,04/07/2024,Pune,Gujarat,,3,97,False
551,Employee_551,Female,42,Finance,Executive,70000,3,07-05-2024,Pune,Gujarat,Rohit,4,88,True
552,Employee_552,Female,30,HR,Analyst,70000,3,2024-07-06,Pune,Gujarat,,5,110,True
553,Employee_553,Male,-3,Sales,Analyst,-15000,-1,07/07/2024,Delhi,Maharashtra,Neha,6,110,False
554,Employee_554,Female,24,Finance,Analyst,45000,5,07-08-2024,Jaipur,Rajasthan,Rohit,4,97,True
555,Employee_555,Male,-3,IT,Engineer,25000,1,2024-07-09,Delhi,Rajasthan,Rohit,5,92,False
556,Employee_556,Female,24,Sales,Manager,45000,5,10/07/2024,Delhi,Maharashtra,Amit,6,97,False
557,Employee_557,Female,24,Sales,Engineer,-15000,-1,07-11-2024,Mumbai,Delhi,,5,88,False
558,Employee_558,Male,-3,Sales,Analyst,25000,1,2024-07-12,Mumbai,Rajasthan,Neha,,92,True
559,Employee_559,Male,-3,HR,Manager,45000,5,13/07/2024,Mumbai,Rajasthan,,6,97,True
560,Employee_560,Male,30,Marketing,Executive,-15000,3,07-14-2024,Mumbai,Gujarat,,4,110,True
561,Employee_561,Female,-3,Marketing,Analyst,45000,5,2024-07-15,Pune,Maharashtra,,3,97,False
562,Employee_562,Male,36,Sales,Engineer,70000,5,16/07/2024,Ahmedabad,Rajasthan,Rohit,4,97,True
563,Employee_563,Male,36,Finance,Engineer,25000,1,07-17-2024,Pune,Rajasthan,Rohit,6,88,True
564,Employee_564,Male,42,Marketing,Analyst,70000,1,2024-07-18,Delhi,Delhi,,4,88,True
565,Employee_565,Female,30,HR,Engineer,-15000,1,19/07/2024,Delhi,Rajasthan,,3,97,True
566,Employee_566,Female,30,IT,Manager,45000,3,07-20-2024,Pune,Delhi,Neha,3,110,True
567,,Female,24,Marketing,Engineer,25000,-1,2024-07-21,Jaipur,Delhi,,5,97,False
568,Employee_568,Male,24,Sales,Manager,70000,5,22/07/2024,Mumbai,Maharashtra,Rohit,4,110,False
569,Employee_569,Male,36,Sales,Engineer,45000,5,07-23-2024,Pune,Gujarat,,3,97,False
570,Employee_570,Male,-3,Sales,Analyst,45000,-1,2024-07-24,Mumbai,Gujarat,,4,97,True
571,Employee_571,Female,36,Sales,Manager,70000,5,25/07/2024,Ahmedabad,Gujarat,,5,97,True
572,Employee_572,Male,24,IT,Executive,25000,3,07-26-2024,Jaipur,Gujarat,Rohit,6,92,True
573,Employee_573,Male,24,Marketing,Manager,25000,5,2024-07-27,Mumbai,Maharashtra,Amit,3,110,False
574,Employee_574,Male,36,Sales,Analyst,45000,5,28/07/2024,Mumbai,Delhi,Neha,5,92,True
575,Employee_575,Male,30,Marketing,Analyst,-15000,5,07-29-2024,Mumbai,Delhi,,3,88,False
576,Employee_576,Female,24,Sales,Executive,45000,5,2024-07-30,Pune,Gujarat,Neha,,110,True
577,Employee_577,Female,-3,HR,Analyst,45000,-1,31/07/2024,Pune,Delhi,Amit,3,97,True
578,Employee_578,Male,42,Marketing,Engineer,45000,3,08-01-2024,Jaipur,Gujarat,Rohit,4,88,False
579,Employee_579,Male,24,Sales,Manager,45000,5,2024-08-02,Ahmedabad,Maharashtra,Rohit,6,88,False
580,Employee_580,Female,30,Sales,Analyst,-15000,3,03/08/2024,Ahmedabad,Rajasthan,Rohit,6,97,True
581,Employee_581,Female,24,Finance,Manager,25000,5,08-04-2024,Delhi,Maharashtra,Neha,3,97,True
582,Employee_582,Male,30,Marketing,Analyst,70000,1,2024-08-05,Pune,Maharashtra,Amit,5,110,True
583,Employee_583,Male,30,Finance,Manager,-15000,1,06/08/2024,Delhi,Rajasthan,Neha,6,97,True
584,Employee_584,Female,24,Finance,Analyst,-15000,3,08-07-2024,Pune,Rajasthan,Amit,6,110,True
585,Employee_585,Male,36,Marketing,Executive,-15000,3,2024-08-08,Mumbai,Rajasthan,Neha,5,97,False
586,Employee_586,Male,-3,IT,Manager,45000,1,09/08/2024,Delhi,Delhi,Rohit,4,92,False
587,Employee_587,Female,24,HR,Executive,70000,5,08-10-2024,Pune,Delhi,Rohit,3,97,True
588,,Female,30,Finance,Analyst,-15000,1,2024-08-11,Ahmedabad,Delhi,Rohit,4,110,True
589,Employee_589,Female,-3,Marketing,Manager,45000,-1,12/08/2024,Jaipur,Maharashtra,Neha,5,97,True
590,Employee_590,Male,42,HR,Engineer,70000,-1,08-13-2024,Jaipur,Gujarat,,3,92,True
591,Employee_591,Female,24,HR,Executive,70000,5,2024-08-14,Jaipur,Gujarat,Rohit,3,92,True
592,Employee_592,Male,36,IT,Manager,-15000,-1,15/08/2024,Mumbai,Gujarat,Neha,4,97,False
593,Employee_593,Male,-3,Sales,Analyst,25000,-1,08-16-2024,Delhi,Gujarat,Rohit,4,92,False
594,Employee_594,Male,-3,IT,Analyst,45000,3,2024-08-17,Delhi,Maharashtra,Neha,,88,True
595,Employee_595,Female,-3,HR,Analyst,25000,1,18/08/2024,Delhi,Gujarat,Amit,6,88,True
596,Employee_596,Male,30,HR,Executive,70000,5,08-19-2024,Ahmedabad,Delhi,Neha,4,92,True
597,Employee_597,Female,-3,Sales,Engineer,25000,3,2024-08-20,Delhi,Maharashtra,Rohit,3,110,False
598,Employee_598,Male,42,IT,Executive,25000,1,21/08/2024,Mumbai,Delhi,Amit,3,97,False
599,Employee_599,Male,24,Sales,Manager,25000,1,08-22-2024,Pune,Delhi,Neha,5,92,True
600,Employee_600,Female,-3,IT,Engineer,25000,3,2024-08-23,Pune,Delhi,Amit,5,110,False
601,Employee_601,Male,36,Sales,Executive,-15000,1,24/08/2024,Pune,Gujarat,,5,92,False
602,Employee_602,Female,-3,HR,Executive,70000,-1,08-25-2024,Jaipur,Delhi,,6,92,False
603,Employee_603,Female,-3,Finance,Engineer,70000,-1,2024-08-26,Delhi,Maharashtra,Neha,3,92,False
604,Employee_604,Female,24,IT,Executive,70000,-1,27/08/2024,Ahmedabad,Maharashtra,Rohit,5,110,True
605,Employee_605,Male,30,Marketing,Manager,25000,5,08-28-2024,Jaipur,Rajasthan,,5,97,False
606,Employee_606,Male,24,Finance,Engineer,-15000,1,2024-08-29,Mumbai,Gujarat,,5,110,True
607,Employee_607,Female,24,Sales,Manager,70000,-1,30/08/2024,Mumbai,Gujarat,Rohit,4,92,True
608,Employee_608,Male,24,Marketing,Engineer,-15000,5,08-31-2024,Ahmedabad,Delhi,,5,110,False
609,,Male,30,Finance,Executive,25000,1,2024-09-01,Pune,Maharashtra,Amit,3,110,False
610,Employee_610,Male,42,Sales,Manager,70000,5,02/09/2024,Mumbai,Delhi,Amit,6,88,False
611,Employee_611,Male,42,HR,Engineer,45000,1,09-03-2024,Mumbai,Maharashtra,,3,88,False
612,Employee_612,Male,30,HR,Manager,25000,1,2024-09-04,Pune,Maharashtra,Amit,,97,True
613,Employee_613,Female,36,HR,Engineer,70000,1,05/09/2024,Pune,Delhi,Amit,6,88,False
614,Employee_614,Female,24,HR,Manager,70000,1,09-06-2024,Jaipur,Rajasthan,Neha,4,97,False
615,Employee_615,Female,24,Finance,Manager,45000,3,2024-09-07,Mumbai,Delhi,,4,92,False
616,Employee_616,Female,36,IT,Executive,-15000,1,08/09/2024,Jaipur,Maharashtra,,4,110,True
617,Employee_617,Male,30,Marketing,Engineer,70000,1,09-09-2024,Ahmedabad,Maharashtra,Rohit,4,110,False
618,Employee_618,Male,42,IT,Analyst,25000,1,2024-09-10,Pune,Maharashtra,Neha,4,97,False
619,Employee_619,Male,30,Finance,Analyst,45000,1,11/09/2024,Delhi,Rajasthan,Neha,3,110,True
620,Employee_620,Male,24,Finance,Analyst,25000,-1,09-12-2024,Jaipur,Gujarat,,6,97,True
621,Employee_621,Male,42,HR,Engineer,70000,-1,2024-09-13,Pune,Gujarat,,4,97,False
622,Employee_622,Male,-3,IT,Engineer,70000,1,14/09/2024,Delhi,Delhi,,3,88,False
623,Employee_623,Female,24,IT,Analyst,45000,-1,09-15-2024,Pune,Rajasthan,Neha,5,88,False
624,Employee_624,Female,24,Sales,Analyst,70000,3,2024-09-16,Jaipur,Maharashtra,Amit,4,88,False
625,Employee_625,Male,24,HR,Engineer,-15000,1,17/09/2024,Ahmedabad,Rajasthan,,5,92,False
626,Employee_626,Female,-3,Marketing,Manager,45000,3,09-18-2024,Delhi,Maharashtra,Amit,4,97,False
627,Employee_627,Female,42,Marketing,Executive,25000,5,2024-09-19,Mumbai,Delhi,Rohit,5,92,False
628,Employee_628,Female,36,Sales,Executive,25000,5,20/09/2024,Delhi,Maharashtra,,3,97,True
629,Employee_629,Female,-3,IT,Analyst,25000,1,09-21-2024,Delhi,Rajasthan,Rohit,4,92,True
630,,Female,24,IT,Engineer,70000,1,2024-09-22,Delhi,Delhi,Neha,,110,True
631,Employee_631,Female,42,HR,Engineer,45000,5,23/09/2024,Ahmedabad,Rajasthan,Rohit,6,110,True
632,Employee_632,Male,30,Marketing,Analyst,-15000,5,09-24-2024,Ahmedabad,Delhi,Amit,5,92,True
633,Employee_633,Male,42,Sales,Executive,45000,5,2024-09-25,Jaipur,Maharashtra,,4,92,False
634,Employee_634,Male,36,Finance,Analyst,45000,1,26/09/2024,Jaipur,Rajasthan,Neha,6,92,False
635,Employee_635,Male,36,Marketing,Executive,-15000,-1,09-27-2024,Delhi,Maharashtra,Neha,5,88,True
636,Employee_636,Male,42,IT,Engineer,70000,3,2024-09-28,Mumbai,Delhi,Neha,6,88,True
637,Employee_637,Male,36,IT,Manager,-15000,3,29/09/2024,Mumbai,Gujarat,Amit,6,92,True
638,Employee_638,Female,-3,Marketing,Executive,70000,1,09-30-2024,Delhi,Delhi,,4,88,True
639,Employee_639,Female,24,Finance,Engineer,25000,-1,2024-10-01,Ahmedabad,Rajasthan,Amit,4,92,True
640,Employee_640,Female,-3,Sales,Engineer,70000,3,02/10/2024,Delhi,Gujarat,Neha,4,97,False
641,Employee_641,Male,36,Marketing,Engineer,25000,5,10-03-2024,Jaipur,Gujarat,Amit,5,110,False
642,Employee_642,Male,24,HR,Executive,70000,5,2024-10-04,Delhi,Gujarat,Amit,3,88,True
643,Employee_643,Male,30,Marketing,Engineer,70000,1,05/10/2024,Delhi,Delhi,Amit,4,88,False
644,Employee_644,Female,-3,Marketing,Engineer,45000,3,10-06-2024,Delhi,Delhi,Neha,4,110,True
645,Employee_645,Male,-3,Finance,Analyst,-15000,5,2024-10-07,Delhi,Rajasthan,Neha,5,92,True
646,Employee_646,Male,42,Finance,Analyst,25000,5,08/10/2024,Mumbai,Delhi,,5,92,True
647,Employee_647,Male,24,HR,Executive,45000,3,10-09-2024,Delhi,Rajasthan,Rohit,6,92,False
648,Employee_648,Female,-3,Sales,Engineer,70000,5,2024-10-10,Pune,Maharashtra,,,110,False
649,Employee_649,Male,42,Finance,Analyst,45000,-1,11/10/2024,Mumbai,Rajasthan,Rohit,6,88,True
650,Employee_650,Female,-3,HR,Manager,70000,-1,10-12-2024,Jaipur,Gujarat,Amit,4,110,True
651,,Female,-3,Marketing,Manager,25000,1,2024-10-13,Ahmedabad,Delhi,Amit,3,88,False
652,Employee_652,Male,36,Marketing,Executive,45000,1,14/10/2024,Delhi,Rajasthan,,4,110,True
653,Employee_653,Female,24,HR,Manager,70000,5,10-15-2024,Jaipur,Maharashtra,Neha,6,110,True
654,Employee_654,Female,36,Marketing,Engineer,70000,1,2024-10-16,Delhi,Rajasthan,Neha,4,92,False
655,Employee_655,Female,42,IT,Analyst,45000,-1,17/10/2024,Delhi,Delhi,Amit,6,88,True
656,Employee_656,Male,-3,Sales,Executive,-15000,5,10-18-2024,Jaipur,Delhi,,3,97,True
657,Employee_657,Female,-3,Marketing,Analyst,45000,5,2024-10-19,Delhi,Rajasthan,Neha,4,110,True
658,Employee_658,Male,-3,HR,Analyst,-15000,5,20/10/2024,Pune,Maharashtra,,6,110,True
659,Employee_659,Female,42,Finance,Manager,70000,1,10-21-2024,Jaipur,Delhi,Rohit,3,110,False
660,Employee_660,Male,-3,Finance,Manager,70000,1,2024-10-22,Jaipur,Maharashtra,Amit,5,92,True
661,Employee_661,Female,24,IT,Manager,45000,5,23/10/2024,Delhi,Delhi,Amit,4,88,True
662,Employee_662,Female,42,Sales,Analyst,70000,3,10-24-2024,Mumbai,Gujarat,,4,92,True
663,Employee_663,Female,42,Marketing,Engineer,45000,5,2024-10-25,Ahmedabad,Gujarat,Neha,4,110,True
664,Employee_664,Female,36,Sales,Executive,-15000,1,26/10/2024,Jaipur,Delhi,,5,88,False
665,Employee_665,Male,30,IT,Engineer,70000,1,10-27-2024,Delhi,Gujarat,Amit,3,97,True
666,Employee_666,Male,30,Marketing,Engineer,70000,3,2024-10-28,Delhi,Gujarat,Neha,,88,True
667,Employee_667,Male,36,Sales,Analyst,25000,5,29/10/2024,Mumbai,Gujarat,Rohit,6,97,True
668,Employee_668,Female,-3,IT,Engineer,70000,-1,10-30-2024,Ahmedabad,Gujarat,,3,92,True
669,Employee_669,Female,36,IT,Analyst,-15000,5,2024-10-31,Mumbai,Maharashtra,Rohit,5,110,True
670,Employee_670,Female,24,IT,Executive,-15000,-1,01/11/2024,Ahmedabad,Maharashtra,,4,92,True
671,Employee_671,Female,-3,HR,Manager,25000,5,11-02-2024,Ahmedabad,Rajasthan,Neha,6,92,True
672,,Female,42,Sales,Analyst,25000,-1,2024-11-03,Jaipur,Delhi,Amit,5,88,False
673,Employee_673,Female,24,IT,Executive,-15000,-1,04/11/2024,Jaipur,Gujarat,Rohit,6,97,False
674,Employee_674,Male,30,Sales,Executive,-15000,5,11-05-2024,Ahmedabad,Delhi,Neha,5,92,True
675,Employee_675,Male,36,HR,Executive,70000,-1,2024-11-06,Mumbai,Rajasthan,Amit,3,92,False
676,Employee_676,Female,36,Marketing,Executive,-15000,-1,07/11/2024,Jaipur,Maharashtra,Neha,4,110,False
677,Employee_677,Male,36,Marketing,Engineer,-15000,-1,11-08-2024,Mumbai,Delhi,Rohit,6,92,False
678,Employee_678,Male,36,Finance,Manager,70000,3,2024-11-09,Pune,Rajasthan,Rohit,6,110,False
679,Employee_679,Male,42,IT,Manager,25000,-1,10/11/2024,Delhi,Gujarat,Amit,5,88,True
680,Employee_680,Female,30,Finance,Engineer,25000,-1,11-11-2024,Jaipur,Delhi,Rohit,6,88,False
681,Employee_681,Female,30,Marketing,Manager,70000,5,2024-11-12,Jaipur,Rajasthan,,5,92,False
682,Employee_682,Female,-3,Sales,Manager,-15000,1,13/11/2024,Pune,Maharashtra,,4,97,True
683,Employee_683,Male,30,Finance,Manager,70000,1,11-14-2024,Jaipur,Delhi,Amit,4,97,True
684,Employee_684,Male,-3,HR,Analyst,25000,-1,2024-11-15,Ahmedabad,Rajasthan,Neha,,110,True
685,Employee_685,Female,36,Marketing,Manager,-15000,3,16/11/2024,Mumbai,Rajasthan,,4,88,True
686,Employee_686,Male,30,IT,Engineer,45000,5,11-17-2024,Delhi,Maharashtra,Rohit,5,97,True
687,Employee_687,Female,36,Finance,Analyst,25000,3,2024-11-18,Mumbai,Delhi,Rohit,6,88,False
688,Employee_688,Male,30,Finance,Executive,45000,5,19/11/2024,Mumbai,Delhi,,6,110,False
689,Employee_689,Female,30,IT,Analyst,25000,-1,11-20-2024,Delhi,Gujarat,Neha,4,97,False
690,Employee_690,Female,36,Finance,Manager,45000,-1,2024-11-21,Mumbai,Maharashtra,Neha,4,88,False
691,Employee_691,Male,24,IT,Executive,25000,3,22/11/2024,Ahmedabad,Rajasthan,Rohit,6,88,False
692,Employee_692,Male,24,Sales,Executive,70000,3,11-23-2024,Mumbai,Maharashtra,Rohit,4,92,False
693,,Female,24,Marketing,Analyst,-15000,5,2024-11-24,Jaipur,Delhi,Rohit,5,97,False
694,Employee_694,Male,-3,IT,Manager,45000,1,25/11/2024,Delhi,Rajasthan,Neha,5,92,True
695,Employee_695,Female,36,IT,Manager,25000,3,11-26-2024,Jaipur,Maharashtra,Neha,5,110,True
696,Employee_696,Male,-3,HR,Manager,-15000,1,2024-11-27,Pune,Rajasthan,Amit,5,88,False
697,Employee_697,Male,-3,IT,Engineer,25000,5,28/11/2024,Delhi,Gujarat,Neha,6,110,False
698,Employee_698,Male,42,IT,Executive,-15000,3,11-29-2024,Ahmedabad,Rajasthan,Neha,5,88,True
699,Employee_699,Male,-3,Marketing,Analyst,45000,5,2024-11-30,Jaipur,Maharashtra,Amit,6,97,False
700,Employee_700,Male,36,Marketing,Engineer,-15000,5,01/01/2023,Delhi,Gujarat,Amit,6,92,True
701,Employee_701,Female,30,Finance,Executive,25000,3,01-02-2023,Delhi,Gujarat,Amit,4,88,False
702,Employee_702,Male,-3,Sales,Analyst,45000,1,2023-01-03,Mumbai,Gujarat,Rohit,,88,True
703,Employee_703,Female,42,HR,Engineer,-15000,3,04/01/2023,Jaipur,Gujarat,Rohit,4,88,True
704,Employee_704,Female,36,Finance,Manager,45000,3,01-05-2023,Ahmedabad,Maharashtra,,4,92,False
705,Employee_705,Female,30,Finance,Executive,25000,5,2023-01-06,Pune,Rajasthan,Neha,4,97,True
706,Employee_706,Female,30,Sales,Manager,70000,1,07/01/2023,Pune,Maharashtra,,3,110,False
707,Employee_707,Female,24,Marketing,Analyst,70000,3,01-08-2023,Mumbai,Delhi,Amit,3,88,False
708,Employee_708,Female,36,HR,Engineer,45000,5,2023-01-09,Mumbai,Maharashtra,Neha,6,92,False
709,Employee_709,Female,30,Marketing,Analyst,-15000,1,10/01/2023,Jaipur,Maharashtra,,6,88,False
710,Employee_710,Female,24,Marketing,Engineer,-15000,-1,01-11-2023,Jaipur,Maharashtra,Rohit,6,92,False
711,Employee_711,Female,24,HR,Manager,45000,3,2023-01-12,Mumbai,Maharashtra,Rohit,6,88,True
712,Employee_712,Male,30,HR,Engineer,45000,-1,13/01/2023,Ahmedabad,Gujarat,,3,88,True
713,Employee_713,Male,24,IT,Engineer,-15000,5,01-14-2023,Jaipur,Delhi,,3,92,True
714,,Female,42,Sales,Executive,45000,3,2023-01-15,Pune,Rajasthan,Neha,3,110,True
715,Employee_715,Male,24,Marketing,Engineer,25000,5,16/01/2023,Ahmedabad,Delhi,,6,88,True
716,Employee_716,Female,30,Finance,Engineer,45000,-1,01-17-2023,Ahmedabad,Rajasthan,Amit,5,88,True
717,Employee_717,Male,-3,IT,Manager,70000,-1,2023-01-18,Ahmedabad,Gujarat,,4,110,True
718,Employee_718,Male,30,Marketing,Analyst,25000,-1,19/01/2023,Jaipur,Delhi,Neha,6,88,False
719,Employee_719,Female,36,Marketing,Engineer,70000,1,01-20-2023,Delhi,Delhi,Rohit,4,110,False
720,Employee_720,Female,36,Finance,Engineer,-15000,1,2023-01-21,Delhi,Gujarat,Rohit,,97,True
721,Employee_721,Female,30,HR,Executive,45000,3,22/01/2023,Pune,Rajasthan,Neha,3,92,False
722,Employee_722,Female,-3,HR,Manager,45000,5,01-23-2023,Jaipur,Gujarat,,3,92,False
723,Employee_723,Female,36,HR,Engineer,45000,1,2023-01-24,Ahmedabad,Gujarat,,4,97,False
724,Employee_724,Male,30,HR,Manager,45000,5,25/01/2023,Jaipur,Maharashtra,Neha,3,92,False
725,Employee_725,Male,-3,Marketing,Manager,70000,-1,01-26-2023,Jaipur,Gujarat,Amit,5,97,False
726,Employee_726,Female,24,IT,Analyst,25000,1,2023-01-27,Ahmedabad,Maharashtra,Rohit,6,110,False
727,Employee_727,Male,30,Sales,Executive,25000,3,28/01/2023,Jaipur,Rajasthan,Amit,4,88,True
728,Employee_728,Male,-3,HR,Manager,25000,5,01-29-2023,Ahmedabad,Gujarat,Amit,5,110,False
729,Employee_729,Female,24,Sales,Analyst,25000,3,2023-01-30,Mumbai,Rajasthan,Rohit,6,110,True
730,Employee_730,Female,30,Marketing,Engineer,70000,1,31/01/2023,Mumbai,Rajasthan,Amit,5,110,True
731,Employee_731,Male,-3,IT,Manager,45000,-1,02-01-2023,Pune,Delhi,Amit,3,110,True
732,Employee_732,Female,30,Finance,Manager,-15000,-1,2023-02-02,Ahmedabad,Maharashtra,,5,88,False
733,Employee_733,Male,42,IT,Engineer,45000,3,03/02/2023,Ahmedabad,Maharashtra,Rohit,5,88,False
734,Employee_734,Female,30,Marketing,Executive,25000,5,02-04-2023,Jaipur,Delhi,Neha,6,97,True
735,,Female,-3,HR,Engineer,45000,-1,2023-02-05,Jaipur,Delhi,Amit,4,97,True
736,Employee_736,Male,24,Finance,Manager,-15000,5,06/02/2023,Mumbai,Delhi,,5,92,True
737,Employee_737,Female,42,HR,Analyst,70000,5,02-07-2023,Jaipur,Maharashtra,Rohit,3,88,False
738,Employee_738,Male,36,Sales,Engineer,45000,5,2023-02-08,Delhi,Delhi,Rohit,,97,False
739,Employee_739,Male,36,Sales,Executive,45000,5,09/02/2023,Jaipur,Rajasthan,Amit,4,110,True
740,Employee_740,Female,30,IT,Engineer,-15000,1,02-10-2023,Jaipur,Delhi,Neha,6,110,False
741,Employee_741,Male,-3,IT,Executive,70000,3,2023-02-11,Delhi,Gujarat,Amit,6,110,False
742,Employee_742,Female,-3,Finance,Executive,25000,3,12/02/2023,Delhi,Gujarat,Rohit,6,88,False
743,Employee_743,Female,36,Sales,Executive,45000,5,02-13-2023,Jaipur,Delhi,,4,110,False
744,Employee_744,Male,42,Sales,Engineer,45000,5,2023-02-14,Ahmedabad,Rajasthan,,3,110,True
745,Employee_745,Female,42,Marketing,Executive,-15000,-1,15/02/2023,Jaipur,Maharashtra,Neha,6,110,True
746,Employee_746,Male,24,Finance,Engineer,70000,1,02-16-2023,Ahmedabad,Rajasthan,Neha,5,92,True
747,Employee_747,Male,36,IT,Executive,45000,1,2023-02-17,Delhi,Maharashtra,Neha,6,97,False
748,Employee_748,Female,24,IT,Analyst,25000,1,18/02/2023,Jaipur,Rajasthan,Rohit,6,92,False
749,Employee_749,Male,42,Finance,Manager,-15000,1,02-19-2023,Pune,Rajasthan,Neha,3,110,True
750,Employee_750,Female,36,Marketing,Analyst,45000,1,2023-02-20,Pune,Maharashtra,Amit,6,92,False
751,Employee_751,Male,24,Marketing,Analyst,45000,3,21/02/2023,Pune,Rajasthan,,4,110,False
752,Employee_752,Male,36,IT,Analyst,70000,3,02-22-2023,Delhi,Delhi,,3,88,False
753,Employee_753,Female,-3,Sales,Engineer,45000,5,2023-02-23,Ahmedabad,Delhi,Amit,6,92,True
754,Employee_754,Male,30,Finance,Engineer,45000,-1,24/02/2023,Ahmedabad,Rajasthan,Neha,4,110,False
755,Employee_755,Female,36,IT,Engineer,70000,1,02-25-2023,Pune,Gujarat,Rohit,5,88,True
756,,Male,-3,IT,Engineer,-15000,5,2023-02-26,Delhi,Rajasthan,Rohit,,88,True
757,Employee_757,Female,-3,Sales,Analyst,45000,3,27/02/2023,Ahmedabad,Gujarat,,4,88,False
758,Employee_758,Female,36,HR,Analyst,-15000,1,02-28-2023,Delhi,Gujarat,Rohit,6,88,True
759,Employee_759,Female,42,Finance,Engineer,70000,-1,2023-03-01,Pune,Rajasthan,Neha,3,92,True
760,Employee_760,Male,36,Marketing,Engineer,25000,-1,02/03/2023,Delhi,Delhi,,3,88,False
761,Employee_761,Male,42,HR,Executive,-15000,3,03-03-2023,Jaipur,Maharashtra,,3,110,False
762,Employee_762,Female,-3,Marketing,Executive,25000,-1,2023-03-04,Ahmedabad,Delhi,Rohit,5,92,True
763,Employee_763,Female,30,IT,Analyst,-15000,3,05/03/2023,Ahmedabad,Rajasthan,Rohit,6,110,False
764,Employee_764,Female,30,HR,Manager,45000,-1,03-06-2023,Mumbai,Gujarat,Neha,5,97,False
765,Employee_765,Female,-3,Sales,Engineer,45000,5,2023-03-07,Delhi,Maharashtra,,3,92,False
766,Employee_766,Male,30,Finance,Executive,-15000,-1,08/03/2023,Ahmedabad,Gujarat,Amit,5,88,True
767,Employee_767,Female,30,Finance,Manager,25000,-1,03-09-2023,Mumbai,Delhi,,5,110,False
768,Employee_768,Male,30,IT,Executive,-15000,-1,2023-03-10,Jaipur,Gujarat,Amit,6,92,True
769,Employee_769,Female,24,Sales,Executive,-15000,5,11/03/2023,Pune,Maharashtra,,3,97,False
770,Employee_770,Female,36,IT,Analyst,-15000,5,03-12-2023,Jaipur,Rajasthan,Neha,6,97,False
771,Employee_771,Female,-3,HR,Manager,-15000,3,2023-03-13,Pune,Gujarat,Amit,4,92,False
772,Employee_772,Male,42,Finance,Engineer,25000,3,14/03/2023,Ahmedabad,Gujarat,Amit,6,92,True
773,Employee_773,Female,24,Finance,Engineer,-15000,-1,03-15-2023,Ahmedabad,Maharashtra,Rohit,5,88,True
774,Employee_774,Female,36,Sales,Engineer,-15000,1,2023-03-16,Delhi,Rajasthan,,,110,True
775,Employee_775,Male,30,Finance,Analyst,25000,5,17/03/2023,Pune,Maharashtra,,4,110,True
776,Employee_776,Female,-3,IT,Executive,-15000,-1,03-18-2023,Ahmedabad,Maharashtra,Neha,6,97,False
777,,Female,30,Sales,Manager,-15000,-1,2023-03-19,Mumbai,Gujarat,Rohit,6,92,False
778,Employee_778,Male,42,Finance,Analyst,70000,3,20/03/2023,Ahmedabad,Maharashtra,Amit,5,92,True
779,Employee_779,Male,24,Marketing,Manager,70000,-1,03-21-2023,Pune,Maharashtra,Rohit,4,110,True
780,Employee_780,Male,24,Sales,Analyst,25000,1,2023-03-22,Mumbai,Delhi,Neha,4,110,True
781,Employee_781,Male,36,HR,Manager,25000,-1,23/03/2023,Mumbai,Delhi,Rohit,3,97,True
782,Employee_782,Male,30,Sales,Analyst,25000,1,03-24-2023,Pune,Delhi,Rohit,3,97,False
783,Employee_783,Female,42,IT,Manager,45000,-1,2023-03-25,Pune,Rajasthan,Neha,3,92,True
784,Employee_784,Male,24,Finance,Executive,25000,-1,26/03/2023,Ahmedabad,Delhi,Rohit,3,88,False
785,Employee_785,Male,-3,IT,Analyst,-15000,1,03-27-2023,Delhi,Maharashtra,,6,110,False
786,Employee_786,Female,30,Sales,Executive,45000,5,2023-03-28,Ahmedabad,Maharashtra,Rohit,6,110,True
787,Employee_787,Female,42,HR,Engineer,-15000,5,29/03/2023,Jaipur,Rajasthan,,5,92,False
788,Employee_788,Male,42,Marketing,Engineer,-15000,3,03-30-2023,Mumbai,Maharashtra,,3,97,True
789,Employee_789,Female,-3,Finance,Executive,25000,1,2023-03-31,Delhi,Gujarat,Neha,5,88,True
790,Employee_790,Male,30,Marketing,Manager,-15000,-1,01/04/2023,Ahmedabad,Maharashtra,Rohit,4,110,True
791,Employee_791,Male,-3,Finance,Executive,45000,5,04-02-2023,Pune,Delhi,Rohit,5,92,True
792,Employee_792,Female,42,HR,Analyst,25000,-1,2023-04-03,Pune,Delhi,,,97,False
793,Employee_793,Female,-3,HR,Executive,70000,5,04/04/2023,Jaipur,Gujarat,Amit,4,97,False
794,Employee_794,Male,36,HR,Engineer,45000,3,04-05-2023,Jaipur,Delhi,Rohit,5,97,True
795,Employee_795,Male,-3,HR,Manager,-15000,-1,2023-04-06,Pune,Maharashtra,Rohit,3,110,True
796,Employee_796,Female,30,HR,Manager,-15000,1,07/04/2023,Delhi,Delhi,Neha,6,110,False
797,Employee_797,Female,30,Sales,Engineer,-15000,1,04-08-2023,Jaipur,Rajasthan,Rohit,3,92,False
798,,Male,42,Sales,Manager,25000,1,2023-04-09,Mumbai,Gujarat,Neha,6,110,False
799,Employee_799,Female,-3,HR,Executive,45000,1,10/04/2023,Jaipur,Gujarat,Neha,4,110,True
800,Employee_800,Female,36,Finance,Manager,70000,5,04-11-2023,Delhi,Rajasthan,,5,110,False
801,Employee_801,Female,30,HR,Executive,25000,1,2023-04-12,Pune,Maharashtra,Neha,4,92,True
802,Employee_802,Female,42,Finance,Executive,-15000,-1,13/04/2023,Jaipur,Rajasthan,Neha,5,110,False
803,Employee_803,Male,36,Marketing,Manager,70000,-1,04-14-2023,Pune,Delhi,Rohit,4,97,False
804,Employee_804,Female,42,Finance,Executive,25000,-1,2023-04-15,Ahmedabad,Delhi,Neha,4,88,True
805,Employee_805,Male,42,IT,Manager,45000,3,16/04/2023,Delhi,Gujarat,Rohit,4,92,False
806,Employee_806,Female,30,Marketing,Executive,70000,3,04-17-2023,Jaipur,Delhi,,3,110,True
807,Employee_807,Female,36,Marketing,Executive,45000,-1,2023-04-18,Mumbai,Rajasthan,,5,110,False
808,Employee_808,Male,30,HR,Engineer,-15000,5,19/04/2023,Pune,Gujarat,Amit,6,97,False
809,Employee_809,Male,42,Sales,Engineer,70000,1,04-20-2023,Jaipur,Delhi,Amit,6,92,False
810,Employee_810,Female,36,Finance,Manager,45000,1,2023-04-21,Jaipur,Delhi,Amit,,92,True
811,Employee_811,Male,-3,Sales,Executive,-15000,3,22/04/2023,Pune,Delhi,Neha,5,110,False
812,Employee_812,Male,24,Sales,Manager,-15000,3,04-23-2023,Mumbai,Maharashtra,Amit,5,92,True
813,Employee_813,Male,30,Sales,Executive,25000,1,2023-04-24,Mumbai,Gujarat,Neha,6,92,False
814,Employee_814,Male,24,HR,Executive,25000,1,25/04/2023,Mumbai,Delhi,Rohit,6,92,True
815,Employee_815,Female,24,IT,Engineer,45000,3,04-26-2023,Jaipur,Delhi,Amit,6,92,False
816,Employee_816,Female,30,IT,Manager,70000,3,2023-04-27,Delhi,Delhi,,5,92,False
817,Employee_817,Female,24,HR,Analyst,25000,3,28/04/2023,Pune,Rajasthan,,4,97,False
818,Employee_818,Male,-3,Marketing,Executive,70000,5,04-29-2023,Pune,Gujarat,Neha,5,88,False
819,,Female,30,HR,Analyst,-15000,-1,2023-04-30,Pune,Rajasthan,Rohit,6,110,True
820,Employee_820,Female,30,HR,Engineer,25000,1,01/05/2023,Pune,Gujarat,Rohit,3,92,False
821,Employee_821,Female,36,IT,Manager,25000,5,05-02-2023,Ahmedabad,Delhi,Neha,6,97,True
822,Employee_822,Male,36,Marketing,Analyst,25000,1,2023-05-03,Pune,Rajasthan,Neha,6,92,True
823,Employee_823,Male,-3,HR,Executive,70000,3,04/05/2023,Mumbai,Rajasthan,,4,97,False
824,Employee_824,Female,30,Marketing,Manager,45000,1,05-05-2023,Ahmedabad,Gujarat,Neha,6,88,False
825,Employee_825,Male,42,Finance,Manager,70000,5,2023-05-06,Ahmedabad,Rajasthan,Neha,6,88,False
826,Employee_826,Female,-3,Marketing,Engineer,-15000,-1,07/05/2023,Delhi,Gujarat,,5,97,True
827,Employee_827,Male,36,HR,Engineer,25000,5,05-08-2023,Mumbai,Delhi,Neha,4,97,True
828,Employee_828,Female,30,Marketing,Manager,45000,-1,2023-05-09,Delhi,Rajasthan,,,92,False
829,Employee_829,Male,-3,Finance,Engineer,25000,3,10/05/2023,Mumbai,Gujarat,Rohit,4,97,False
830,Employee_830,Male,30,Finance,Engineer,45000,3,05-11-2023,Ahmedabad,Maharashtra,,3,88,False
831,Employee_831,Female,30,Sales,Manager,70000,-1,2023-05-12,Mumbai,Maharashtra,,4,88,True
832,Employee_832,Male,-3,Marketing,Engineer,70000,5,13/05/2023,Ahmedabad,Maharashtra,Rohit,6,97,False
833,Employee_833,Male,36,Marketing,Engineer,25000,5,05-14-2023,Delhi,Gujarat,Amit,6,110,True
834,Employee_834,Female,42,Sales,Manager,-15000,5,2023-05-15,Ahmedabad,Delhi,,3,92,False
835,Employee_835,Male,42,IT,Executive,45000,3,16/05/2023,Delhi,Gujarat,Rohit,6,97,False
836,Employee_836,Male,24,Finance,Analyst,-15000,5,05-17-2023,Pune,Delhi,Amit,6,92,True
837,Employee_837,Female,24,Sales,Engineer,25000,5,2023-05-18,Jaipur,Maharashtra,,5,97,False
838,Employee_838,Female,30,IT,Manager,-15000,-1,19/05/2023,Mumbai,Rajasthan,Rohit,3,88,False
839,Employee_839,Female,24,Sales,Executive,25000,-1,05-20-2023,Ahmedabad,Gujarat,,3,92,False
840,,Female,30,IT,Engineer,-15000,5,2023-05-21,Pune,Delhi,,3,88,True
841,Employee_841,Male,24,HR,Manager,25000,-1,22/05/2023,Delhi,Rajasthan,Neha,5,88,False
842,Employee_842,Male,24,Marketing,Executive,-15000,5,05-23-2023,Mumbai,Gujarat,,4,88,True
843,Employee_843,Female,24,Marketing,Engineer,-15000,1,2023-05-24,Pune,Gujarat,Amit,4,92,False
844,Employee_844,Female,30,Marketing,Engineer,70000,3,25/05/2023,Ahmedabad,Maharashtra,Amit,6,110,False
845,Employee_845,Female,-3,IT,Analyst,25000,-1,05-26-2023,Pune,Delhi,Neha,6,88,False
846,Employee_846,Female,-3,Marketing,Analyst,25000,1,2023-05-27,Mumbai,Rajasthan,Rohit,,92,False
847,Employee_847,Male,30,Marketing,Manager,70000,1,28/05/2023,Ahmedabad,Maharashtra,Amit,4,88,False
848,Employee_848,Male,-3,IT,Manager,25000,5,05-29-2023,Ahmedabad,Maharashtra,Amit,4,88,True
849,Employee_849,Female,30,HR,Analyst,-15000,-1,2023-05-30,Ahmedabad,Maharashtra,Amit,4,88,True
850,Employee_850,Male,-3,Marketing,Analyst,-15000,-1,31/05/2023,Mumbai,Rajasthan,,4,110,True
851,Employee_851,Male,36,IT,Engineer,25000,3,06-01-2023,Ahmedabad,Gujarat,Rohit,5,110,False
852,Employee_852,Female,36,HR,Executive,-15000,5,2023-06-02,Jaipur,Rajasthan,,6,92,True
853,Employee_853,Male,36,HR,Executive,70000,3,03/06/2023,Mumbai,Gujarat,Neha,4,97,True
854,Employee_854,Male,30,Marketing,Manager,-15000,-1,06-04-2023,Ahmedabad,Rajasthan,Amit,5,88,False
855,Employee_855,Female,30,IT,Engineer,70000,1,2023-06-05,Ahmedabad,Gujarat,Rohit,3,92,True
856,Employee_856,Female,24,IT,Analyst,45000,5,06/06/2023,Pune,Delhi,Rohit,4,92,False
857,Employee_857,Male,36,Marketing,Engineer,25000,1,06-07-2023,Mumbai,Maharashtra,Neha,5,110,True
858,Employee_858,Male,42,Marketing,Engineer,25000,3,2023-06-08,Jaipur,Delhi,Rohit,3,88,True
859,Employee_859,Male,42,Sales,Engineer,-15000,5,09/06/2023,Ahmedabad,Maharashtra,Amit,6,88,False
860,Employee_860,Male,36,Sales,Executive,70000,3,06-10-2023,Jaipur,Maharashtra,Neha,3,88,True
861,,Male,42,Sales,Analyst,-15000,5,2023-06-11,Ahmedabad,Maharashtra,Amit,3,110,True
862,Employee_862,Male,30,Finance,Executive,70000,3,12/06/2023,Ahmedabad,Maharashtra,Neha,3,110,True
863,Employee_863,Female,36,IT,Executive,25000,1,06-13-2023,Mumbai,Gujarat,Rohit,3,97,False
864,Employee_864,Male,-3,IT,Engineer,70000,1,2023-06-14,Ahmedabad,Maharashtra,,,88,True
865,Employee_865,Male,24,Marketing,Manager,-15000,3,15/06/2023,Pune,Delhi,Amit,6,88,False
866,Employee_866,Female,30,IT,Analyst,25000,-1,06-16-2023,Jaipur,Rajasthan,Neha,3,88,False
867,Employee_867,Female,24,Sales,Engineer,25000,3,2023-06-17,Jaipur,Maharashtra,Amit,6,97,True
868,Employee_868,Male,-3,IT,Analyst,-15000,3,18/06/2023,Mumbai,Gujarat,Amit,4,88,False
869,Employee_869,Male,-3,IT,Manager,70000,5,06-19-2023,Ahmedabad,Maharashtra,Rohit,4,88,False
870,Employee_870,Male,36,IT,Executive,45000,1,2023-06-20,Pune,Rajasthan,Neha,4,88,False
871,Employee_871,Female,24,HR,Manager,-15000,1,21/06/2023,Delhi,Maharashtra,Rohit,5,110,True
872,Employee_872,Male,-3,HR,Manager,70000,3,06-22-2023,Ahmedabad,Rajasthan,Rohit,5,92,True
873,Employee_873,Male,30,HR,Analyst,25000,5,2023-06-23,Pune,Gujarat,Neha,5,88,False
874,Employee_874,Female,36,IT,Manager,-15000,3,24/06/2023,Mumbai,Gujarat,Neha,3,88,True
875,Employee_875,Female,24,HR,Engineer,25000,3,06-25-2023,Ahmedabad,Rajasthan,Amit,4,97,True
876,Employee_876,Female,42,Finance,Executive,-15000,1,2023-06-26,Pune,Rajasthan,,4,97,False
877,Employee_877,Female,36,Marketing,Engineer,25000,3,27/06/2023,Jaipur,Gujarat,Rohit,6,97,True
878,Employee_878,Male,24,Sales,Analyst,25000,1,06-28-2023,Ahmedabad,Maharashtra,Rohit,5,97,False
879,Employee_879,Male,36,IT,Engineer,-15000,3,2023-06-29,Delhi,Gujarat,Amit,5,97,False
880,Employee_880,Male,36,Sales,Analyst,70000,3,30/06/2023,Delhi,Rajasthan,Rohit,3,92,True
881,Employee_881,Female,30,Sales,Manager,25000,1,07-01-2023,Mumbai,Rajasthan,,6,97,False
882,,Male,42,Sales,Analyst,25000,-1,2023-07-02,Mumbai,Rajasthan,Neha,,110,True
883,Employee_883,Male,36,IT,Manager,70000,1,03/07/2023,Mumbai,Rajasthan,,4,92,True
884,Employee_884,Female,30,Sales,Engineer,70000,3,07-04-2023,Jaipur,Delhi,,5,110,True
885,Employee_885,Male,30,HR,Analyst,25000,3,2023-07-05,Pune,Delhi,Amit,5,92,False
886,Employee_886,Female,36,IT,Manager,45000,1,06/07/2023,Delhi,Rajasthan,Rohit,4,97,False
887,Employee_887,Male,24,IT,Executive,70000,3,07-07-2023,Delhi,Gujarat,Neha,4,92,True
888,Employee_888,Female,24,IT,Executive,70000,1,2023-07-08,Pune,Maharashtra,Neha,6,92,True
889,Employee_889,Female,-3,IT,Executive,-15000,5,09/07/2023,Pune,Maharashtra,Neha,4,110,False
890,Employee_890,Male,24,IT,Manager,25000,3,07-10-2023,Delhi,Delhi,Rohit,6,110,True
891,Employee_891,Female,42,HR,Manager,70000,1,2023-07-11,Ahmedabad,Rajasthan,Neha,4,97,True
892,Employee_892,Female,24,Sales,Analyst,-15000,5,12/07/2023,Mumbai,Gujarat,,5,92,False
893,Employee_893,Male,36,IT,Analyst,45000,1,07-13-2023,Jaipur,Delhi,Amit,4,110,False
894,Employee_894,Female,-3,Sales,Engineer,45000,-1,2023-07-14,Jaipur,Gujarat,Neha,4,97,False
895,Employee_895,Male,36,IT,Engineer,-15000,5,15/07/2023,Pune,Rajasthan,,4,110,False
896,Employee_896,Male,42,IT,Engineer,-15000,3,07-16-2023,Mumbai,Gujarat,Rohit,3,97,False
897,Employee_897,Female,24,IT,Executive,-15000,3,2023-07-17,Pune,Delhi,Amit,6,92,True
898,Employee_898,Female,24,Sales,Engineer,-15000,3,18/07/2023,Jaipur,Gujarat,Amit,6,97,False
899,Employee_899,Male,24,IT,Analyst,70000,1,07-19-2023,Jaipur,Delhi,Amit,3,92,False
900,Employee_900,Female,24,Marketing,Analyst,25000,1,2023-07-20,Ahmedabad,Delhi,,,88,False
901,Employee_901,Female,30,Sales,Executive,70000,1,21/07/2023,Pune,Rajasthan,Neha,4,92,True
902,Employee_902,Male,42,Finance,Manager,70000,1,07-22-2023,Delhi,Maharashtra,,3,97,True
903,,Male,36,Marketing,Executive,-15000,3,2023-07-23,Jaipur,Rajasthan,Rohit,4,97,False
904,Employee_904,Female,-3,IT,Engineer,45000,5,24/07/2023,Ahmedabad,Gujarat,Amit,4,110,False
905,Employee_905,Female,24,HR,Analyst,-15000,3,07-25-2023,Ahmedabad,Delhi,,3,88,False
906,Employee_906,Female,24,Marketing,Executive,25000,5,2023-07-26,Ahmedabad,Delhi,Rohit,4,92,False
907,Employee_907,Male,30,Marketing,Manager,45000,-1,27/07/2023,Jaipur,Delhi,Amit,5,92,True
908,Employee_908,Female,42,Finance,Analyst,-15000,-1,07-28-2023,Mumbai,Rajasthan,Neha,5,88,False
909,Employee_909,Male,24,Finance,Engineer,45000,-1,2023-07-29,Delhi,Gujarat,Rohit,3,92,True
910,Employee_910,Male,24,Sales,Executive,70000,5,30/07/2023,Jaipur,Delhi,,3,92,True
911,Employee_911,Female,-3,IT,Analyst,-15000,5,07-31-2023,Jaipur,Maharashtra,Neha,3,88,True
912,Employee_912,Male,30,Finance,Engineer,70000,3,2023-08-01,Jaipur,Gujarat,Neha,3,110,True
913,Employee_913,Male,24,IT,Executive,25000,3,02/08/2023,Mumbai,Gujarat,Amit,4,92,True
914,Employee_914,Male,36,HR,Analyst,45000,3,08-03-2023,Mumbai,Delhi,Rohit,5,92,True
915,Employee_915,Male,30,Sales,Analyst,25000,5,2023-08-04,Mumbai,Delhi,Rohit,5,92,True
916,Employee_916,Male,36,Marketing,Executive,70000,3,05/08/2023,Delhi,Maharashtra,Amit,6,110,True
917,Employee_917,Male,24,Sales,Manager,45000,-1,08-06-2023,Delhi,Maharashtra,Amit,6,92,False
918,Employee_918,Male,-3,Marketing,Manager,25000,1,2023-08-07,Mumbai,Rajasthan,Rohit,,110,True
919,Employee_919,Female,30,HR,Manager,-15000,5,08/08/2023,Pune,Rajasthan,Neha,3,110,False
920,Employee_920,Male,36,HR,Executive,70000,1,08-09-2023,Jaipur,Maharashtra,Neha,4,88,True
921,Employee_921,Male,36,Marketing,Manager,-15000,5,2023-08-10,Delhi,Delhi,Amit,4,92,False
922,Employee_922,Male,30,Marketing,Analyst,25000,-1,11/08/2023,Pune,Delhi,Rohit,6,88,False
923,Employee_923,Male,36,HR,Manager,45000,3,08-12-2023,Mumbai,Maharashtra,Amit,4,110,False
924,,Male,42,IT,Manager,70000,3,2023-08-13,Mumbai,Rajasthan,Amit,6,88,False
925,Employee_925,Male,24,Marketing,Analyst,25000,5,14/08/2023,Delhi,Maharashtra,Rohit,5,88,False
926,Employee_926,Male,24,IT,Engineer,45000,1,08-15-2023,Ahmedabad,Delhi,Amit,5,92,False
927,Employee_927,Male,24,HR,Executive,25000,5,2023-08-16,Pune,Maharashtra,Neha,5,92,False
928,Employee_928,Male,24,Finance,Analyst,-15000,-1,17/08/2023,Mumbai,Gujarat,Rohit,6,88,True
929,Employee_929,Female,24,HR,Analyst,70000,-1,08-18-2023,Mumbai,Gujarat,Neha,6,92,False
930,Employee_930,Female,24,Finance,Manager,-15000,1,2023-08-19,Delhi,Rajasthan,,5,88,False
931,Employee_931,Female,24,Sales,Manager,45000,5,20/08/2023,Jaipur,Maharashtra,Neha,6,97,True
932,Employee_932,Female,42,Sales,Analyst,25000,1,08-21-2023,Ahmedabad,Delhi,Neha,4,97,True
933,Employee_933,Male,42,Finance,Executive,25000,3,2023-08-22,Pune,Rajasthan,Rohit,4,88,False
934,Employee_934,Female,42,Marketing,Manager,25000,1,23/08/2023,Jaipur,Gujarat,Rohit,4,97,False
935,Employee_935,Male,24,HR,Executive,25000,1,08-24-2023,Jaipur,Gujarat,Amit,6,88,True
936,Employee_936,Male,36,Finance,Executive,70000,-1,2023-08-25,Jaipur,Gujarat,Neha,,97,False
937,Employee_937,Male,36,Marketing,Manager,-15000,1,26/08/2023,Pune,Delhi,,3,97,False
938,Employee_938,Female,-3,Sales,Analyst,70000,3,08-27-2023,Delhi,Gujarat,Rohit,3,92,True
939,Employee_939,Female,42,Sales,Analyst,70000,-1,2023-08-28,Ahmedabad,Rajasthan,,6,92,True
940,Employee_940,Male,30,HR,Manager,45000,1,29/08/2023,Pune,Delhi,Amit,3,110,False
941,Employee_941,Female,42,HR,Manager,25000,-1,08-30-2023,Delhi,Gujarat,Neha,4,97,True
942,Employee_942,Female,36,IT,Executive,70000,-1,2023-08-31,Jaipur,Rajasthan,Rohit,3,88,False
943,Employee_943,Female,42,Finance,Manager,-15000,5,01/09/2023,Jaipur,Rajasthan,,6,92,False
944,Employee_944,Female,24,Sales,Engineer,25000,3,09-02-2023,Delhi,Gujarat,Amit,3,92,False
945,,Male,24,Finance,Executive,-15000,3,2023-09-03,Pune,Gujarat,Amit,3,110,False
946,Employee_946,Female,30,Finance,Analyst,70000,-1,04/09/2023,Mumbai,Rajasthan,Neha,6,92,True
947,Employee_947,Male,36,Marketing,Engineer,-15000,-1,09-05-2023,Delhi,Gujarat,Amit,4,92,False
948,Employee_948,Female,30,Finance,Manager,25000,5,2023-09-06,Ahmedabad,Gujarat,Amit,3,110,False
949,Employee_949,Female,30,Sales,Engineer,25000,-1,07/09/2023,Delhi,Delhi,Rohit,6,92,False
950,Employee_950,Female,42,HR,Executive,70000,3,09-08-2023,Jaipur,Delhi,Rohit,5,88,True
951,Employee_951,Male,24,IT,Analyst,25000,5,2023-09-09,Pune,Rajasthan,,3,110,True
952,Employee_952,Male,42,HR,Manager,25000,5,10/09/2023,Delhi,Gujarat,Rohit,3,97,False
953,Employee_953,Female,36,Marketing,Executive,-15000,-1,09-11-2023,Mumbai,Delhi,Neha,3,110,False
954,Employee_954,Female,36,IT,Executive,-15000,1,2023-09-12,Mumbai,Delhi,,,97,True
955,Employee_955,Male,42,Finance,Manager,45000,1,13/09/2023,Jaipur,Rajasthan,Amit,6,88,True
956,Employee_956,Female,24,IT,Analyst,70000,3,09-14-2023,Pune,Rajasthan,,3,110,False
957,Employee_957,Male,-3,Marketing,Executive,70000,5,2023-09-15,Delhi,Gujarat,Rohit,4,110,False
958,Employee_958,Male,42,Marketing,Executive,25000,1,16/09/2023,Delhi,Maharashtra,Neha,6,88,False
959,Employee_959,Female,36,Sales,Engineer,70000,5,09-17-2023,Ahmedabad,Rajasthan,Amit,3,88,False
960,Employee_960,Female,42,Sales,Manager,70000,3,2023-09-18,Delhi,Delhi,Neha,3,110,True
961,Employee_961,Male,-3,Sales,Analyst,45000,5,19/09/2023,Jaipur,Maharashtra,Amit,6,97,True
962,Employee_962,Male,24,Marketing,Engineer,25000,5,09-20-2023,Jaipur,Maharashtra,,5,110,False
963,Employee_963,Female,30,Sales,Engineer,25000,-1,2023-09-21,Delhi,Rajasthan,Rohit,3,88,False
964,Employee_964,Male,24,Marketing,Manager,25000,3,22/09/2023,Pune,Rajasthan,,6,97,True
965,Employee_965,Female,-3,Finance,Engineer,25000,3,09-23-2023,Pune,Rajasthan,Amit,5,88,True
966,,Male,30,Finance,Manager,-15000,3,2023-09-24,Jaipur,Rajasthan,Amit,6,88,True
967,Employee_967,Female,-3,IT,Executive,-15000,1,25/09/2023,Delhi,Gujarat,Amit,5,92,False
968,Employee_968,Male,42,Marketing,Executive,45000,-1,09-26-2023,Pune,Maharashtra,,6,92,False
969,Employee_969,Female,24,HR,Manager,-15000,3,2023-09-27,Delhi,Delhi,Amit,3,92,False
970,Employee_970,Male,30,Marketing,Engineer,70000,-1,28/09/2023,Ahmedabad,Rajasthan,Amit,4,88,True
971,Employee_971,Female,42,Sales,Analyst,-15000,1,09-29-2023,Delhi,Rajasthan,Neha,5,88,False
972,Employee_972,Female,36,IT,Engineer,70000,5,2023-09-30,Mumbai,Rajasthan,Neha,,110,True
973,Employee_973,Female,36,Finance,Engineer,25000,1,01/10/2023,Delhi,Gujarat,Amit,4,110,False
974,Employee_974,Male,36,Finance,Manager,70000,-1,10-02-2023,Ahmedabad,Maharashtra,Neha,3,92,True
975,Employee_975,Male,30,Finance,Manager,-15000,5,2023-10-03,Pune,Maharashtra,Rohit,3,88,True
976,Employee_976,Female,-3,HR,Engineer,45000,1,04/10/2023,Mumbai,Rajasthan,Rohit,3,97,True
977,Employee_977,Female,24,IT,Executive,70000,5,10-05-2023,Delhi,Gujarat,Neha,4,97,True
978,Employee_978,Male,-3,Sales,Executive,25000,1,2023-10-06,Pune,Maharashtra,Rohit,5,88,False
979,Employee_979,Male,42,HR,Analyst,25000,5,07/10/2023,Ahmedabad,Maharashtra,Amit,5,97,False
980,Employee_980,Female,36,HR,Engineer,25000,3,10-08-2023,Mumbai,Rajasthan,Rohit,3,97,True
981,Employee_981,Female,36,Finance,Manager,45000,3,2023-10-09,Mumbai,Delhi,Amit,5,88,True
982,Employee_982,Female,36,HR,Engineer,45000,1,10/10/2023,Jaipur,Maharashtra,,4,110,True
983,Employee_983,Male,24,IT,Executive,45000,1,10-11-2023,Mumbai,Rajasthan,,6,97,False
984,Employee_984,Male,24,Finance,Executive,45000,5,2023-10-12,Ahmedabad,Maharashtra,,3,92,False
985,Employee_985,Female,42,Finance,Manager,70000,1,13/10/2023,Ahmedabad,Gujarat,,3,97,False
986,Employee_986,Female,24,HR,Manager,-15000,-1,10-14-2023,Delhi,Delhi,Amit,4,97,False
987,,Female,24,Sales,Manager,70000,-1,2023-10-15,Mumbai,Rajasthan,Rohit,4,97,False
988,Employee_988,Female,24,Finance,Analyst,25000,-1,16/10/2023,Ahmedabad,Gujarat,Neha,6,110,False
989,Employee_989,Male,30,Sales,Analyst,-15000,3,10-17-2023,Pune,Rajasthan,Neha,4,92,True
990,Employee_990,Female,36,HR,Manager,45000,3,2023-10-18,Ahmedabad,Rajasthan,Rohit,,92,True
991,Employee_991,Male,42,HR,Engineer,70000,5,19/10/2023,Ahmedabad,Rajasthan,,5,97,True
992,Employee_992,Male,36,Finance,Engineer,25000,-1,10-20-2023,Jaipur,Maharashtra,Rohit,4,92,True
993,Employee_993,Male,42,Finance,Executive,25000,3,2023-10-21,Jaipur,Maharashtra,Amit,4,110,False
994,Employee_994,Female,36,Finance,Manager,-15000,-1,22/10/2023,Pune,Maharashtra,Neha,3,88,False
995,Employee_995,Female,30,IT,Analyst,25000,1,10-23-2023,Jaipur,Rajasthan,Rohit,3,92,True
996,Employee_996,Female,36,HR,Analyst,70000,5,2023-10-24,Delhi,Maharashtra,,5,110,False
997,Employee_997,Female,36,IT,Engineer,70000,1,25/10/2023,Delhi,Gujarat,,6,92,True
998,Employee_998,Female,-3,Sales,Analyst,25000,5,10-26-2023,Mumbai,Gujarat,Rohit,4,110,True
999,Employee_999,Male,30,Sales,Analyst,-15000,-1,2023-10-27,Ahmedabad,Gujarat,Amit,5,110,True
1000,Employee_1000,Female,42,Sales,Analyst,25000,1,28/10/2023,Delhi,Rajasthan,,4,92,True
1001,Employee_1001,Male,42,Finance,Analyst,25000,-1,10-29-2023,Pune,Maharashtra,Neha,3,97,True
1002,Employee_1002,Male,24,Finance,Executive,25000,3,2023-10-30,Delhi,Delhi,Rohit,6,88,False
1003,Employee_1003,Male,36,HR,Manager,25000,-1,31/10/2023,Delhi,Rajasthan,Amit,3,92,False
1004,Employee_1004,Male,36,Finance,Analyst,70000,1,11-01-2023,Mumbai,Maharashtra,Rohit,3,97,True
1005,Employee_1005,Female,42,Finance,Executive,-15000,5,2023-11-02,Delhi,Maharashtra,Amit,5,92,False
1006,Employee_1006,Female,-3,Finance,Executive,45000,1,03/11/2023,Delhi,Delhi,Neha,5,97,True
1007,Employee_1007,Female,30,IT,Engineer,25000,5,11-04-2023,Mumbai,Rajasthan,,3,88,False
1008,,Male,42,IT,Manager,-15000,5,2023-11-05,Ahmedabad,Maharashtra,Neha,,88,False
1009,Employee_1009,Male,30,Sales,Engineer,-15000,1,06/11/2023,Delhi,Gujarat,Neha,3,92,False
1010,Employee_1010,Male,-3,IT,Engineer,-15000,1,11-07-2023,Delhi,Rajasthan,Neha,4,97,False
1011,Employee_1011,Female,24,Marketing,Manager,70000,3,2023-11-08,Mumbai,Rajasthan,Neha,4,88,False
1012,Employee_1012,Female,30,HR,Executive,-15000,1,09/11/2023,Delhi,Gujarat,Amit,6,110,True
1013,Employee_1013,Female,24,Marketing,Executive,45000,3,11-10-2023,Ahmedabad,Gujarat,,4,88,False
1014,Employee_1014,Male,42,Finance,Analyst,45000,3,2023-11-11,Pune,Gujarat,Rohit,6,88,False
1015,Employee_1015,Female,42,Finance,Engineer,70000,1,12/11/2023,Pune,Delhi,Rohit,3,110,False
1016,Employee_1016,Female,24,Sales,Manager,45000,5,11-13-2023,Mumbai,Gujarat,,3,88,False
1017,Employee_1017,Male,42,Finance,Engineer,25000,5,2023-11-14,Pune,Maharashtra,Neha,6,110,False
1018,Employee_1018,Male,24,HR,Executive,45000,5,15/11/2023,Jaipur,Gujarat,Rohit,3,97,True
1019,Employee_1019,Female,30,IT,Analyst,-15000,-1,11-16-2023,Delhi,Maharashtra,Neha,3,92,False
1020,Employee_1020,Female,-3,Finance,Executive,-15000,3,2023-11-17,Jaipur,Maharashtra,Amit,6,88,True
1021,Employee_1021,Male,42,HR,Manager,45000,-1,18/11/2023,Pune,Rajasthan,Neha,5,88,False
1022,Employee_1022,Male,24,HR,Manager,45000,3,11-19-2023,Ahmedabad,Rajasthan,,4,110,True
1023,Employee_1023,Male,30,Sales,Analyst,-15000,1,2023-11-20,Mumbai,Gujarat,Amit,6,88,True
1024,Employee_1024,Female,24,HR,Engineer,70000,3,21/11/2023,Delhi,Gujarat,,4,110,True
1025,Employee_1025,Female,-3,Marketing,Engineer,70000,3,11-22-2023,Jaipur,Delhi,Neha,3,92,False
1026,Employee_1026,Male,-3,HR,Engineer,-15000,5,2023-11-23,Ahmedabad,Delhi,,,88,True
1027,Employee_1027,Female,36,IT,Analyst,-15000,-1,24/11/2023,Mumbai,Maharashtra,Rohit,6,110,False
1028,Employee_1028,Male,30,Sales,Executive,45000,1,11-25-2023,Jaipur,Rajasthan,Amit,4,97,True
1029,,Male,30,Marketing,Manager,70000,-1,2023-11-26,Ahmedabad,Maharashtra,,3,92,False
1030,Employee_1030,Male,-3,Sales,Manager,45000,3,27/11/2023,Ahmedabad,Delhi,Neha,5,110,True
1031,Employee_1031,Male,42,IT,Engineer,25000,1,11-28-2023,Jaipur,Maharashtra,Neha,4,97,True
1032,Employee_1032,Male,36,IT,Analyst,45000,1,2023-11-29,Delhi,Rajasthan,,5,110,False
1033,Employee_1033,Male,-3,Marketing,Analyst,45000,5,30/11/2023,Jaipur,Rajasthan,Amit,4,97,True
1034,Employee_1034,Female,-3,Sales,Engineer,70000,3,12-01-2023,Delhi,Maharashtra,,4,92,True
1035,Employee_1035,Male,30,HR,Analyst,-15000,5,2023-12-02,Ahmedabad,Maharashtra,Neha,6,92,True
1036,Employee_1036,Female,36,Marketing,Manager,-15000,5,03/12/2023,Ahmedabad,Rajasthan,Rohit,3,110,False
1037,Employee_1037,Male,36,IT,Analyst,70000,5,12-04-2023,Ahmedabad,Rajasthan,Neha,6,92,True
1038,Employee_1038,Female,-3,Finance,Manager,70000,5,2023-12-05,Mumbai,Gujarat,Rohit,5,110,False
1039,Employee_1039,Male,-3,HR,Engineer,70000,3,06/12/2023,Jaipur,Gujarat,,5,97,False
1040,Employee_1040,Female,30,Sales,Manager,45000,-1,12-07-2023,Ahmedabad,Delhi,,3,97,True
1041,Employee_1041,Female,42,HR,Manager,25000,3,2023-12-08,Ahmedabad,Rajasthan,Amit,5,97,True
1042,Employee_1042,Male,30,IT,Manager,-15000,3,09/12/2023,Delhi,Rajasthan,,3,92,True
1043,Employee_1043,Male,30,Marketing,Manager,25000,3,12-10-2023,Ahmedabad,Gujarat,,3,92,True
1044,Employee_1044,Female,36,Marketing,Manager,25000,5,2023-12-11,Ahmedabad,Rajasthan,,,92,False
1045,Employee_1045,Female,42,Finance,Engineer,45000,3,12/12/2023,Delhi,Rajasthan,Neha,6,88,False
1046,Employee_1046,Female,36,Marketing,Engineer,70000,5,12-13-2023,Delhi,Delhi,Neha,4,110,False
1047,Employee_1047,Male,42,Sales,Executive,70000,5,2023-12-14,Jaipur,Rajasthan,,3,97,False
1048,Employee_1048,Female,42,Marketing,Executive,45000,3,15/12/2023,Pune,Delhi,,6,88,True
1049,Employee_1049,Male,-3,HR,Engineer,25000,-1,12-16-2023,Ahmedabad,Delhi,Neha,4,92,True
1050,,Male,30,IT,Executive,-15000,5,2023-12-17,Mumbai,Maharashtra,Neha,6,92,False
1051,Employee_1051,Male,42,IT,Analyst,-15000,1,18/12/2023,Pune,Gujarat,Rohit,5,110,True
1052,Employee_1052,Male,-3,Sales,Analyst,45000,-1,12-19-2023,Ahmedabad,Delhi,Neha,6,110,False
1053,Employee_1053,Female,24,HR,Engineer,-15000,-1,2023-12-20,Delhi,Rajasthan,Rohit,3,92,True
1054,Employee_1054,Female,30,Marketing,Manager,70000,1,21/12/2023,Mumbai,Delhi,Amit,5,97,True
1055,Employee_1055,Female,36,Sales,Engineer,-15000,1,12-22-2023,Jaipur,Maharashtra,Rohit,3,97,False
1056,Employee_1056,Female,36,HR,Manager,25000,1,2023-12-23,Delhi,Gujarat,,3,88,False
1057,Employee_1057,Male,42,Marketing,Engineer,25000,1,24/12/2023,Pune,Gujarat,,5,92,True
1058,Employee_1058,Female,30,HR,Analyst,70000,3,12-25-2023,Jaipur,Gujarat,Amit,4,97,True
1059,Employee_1059,Female,30,Finance,Engineer,45000,5,2023-12-26,Jaipur,Maharashtra,Amit,6,97,False
1060,Employee_1060,Female,36,Sales,Manager,45000,5,27/12/2023,Pune,Gujarat,Neha,5,110,False
1061,Employee_1061,Female,-3,IT,Executive,25000,-1,12-28-2023,Jaipur,Maharashtra,Amit,5,97,False
1062,Employee_1062,Male,36,Finance,Manager,25000,3,2023-12-29,Pune,Gujarat,Rohit,,110,False
1063,Employee_1063,Female,24,IT,Manager,-15000,5,30/12/2023,Delhi,Gujarat,,6,92,True
1064,Employee_1064,Male,-3,Finance,Engineer,-15000,5,12-31-2023,Pune,Rajasthan,Rohit,3,110,False
1065,Employee_1065,Male,42,Finance,Analyst,70000,1,2024-01-01,Ahmedabad,Gujarat,Neha,3,88,True
1066,Employee_1066,Male,42,Marketing,Executive,-15000,1,02/01/2024,Delhi,Delhi,,4,88,False
1067,Employee_1067,Female,-3,Marketing,Analyst,25000,3,01-03-2024,Ahmedabad,Maharashtra,Rohit,5,92,True
1068,Employee_1068,Male,30,Sales,Analyst,70000,5,2024-01-04,Ahmedabad,Rajasthan,Neha,5,92,False
1069,Employee_1069,Female,-3,HR,Analyst,-15000,5,05/01/2024,Mumbai,Rajasthan,Neha,4,88,True
1070,Employee_1070,Male,-3,IT,Engineer,25000,5,01-06-2024,Ahmedabad,Gujarat,Neha,4,110,False
1071,,Female,30,IT,Engineer,25000,1,2024-01-07,Pune,Maharashtra,Rohit,6,110,True
1072,Employee_1072,Female,42,Sales,Manager,70000,-1,08/01/2024,Pune,Maharashtra,Amit,3,97,True
1073,Employee_1073,Female,24,IT,Manager,45000,5,01-09-2024,Delhi,Gujarat,,4,88,True
1074,Employee_1074,Female,42,Marketing,Manager,45000,-1,2024-01-10,Pune,Delhi,Neha,4,110,False
1075,Employee_1075,Male,30,IT,Manager,-15000,3,11/01/2024,Ahmedabad,Delhi,Amit,6,92,True
1076,Employee_1076,Male,-3,Sales,Engineer,25000,5,01-12-2024,Ahmedabad,Maharashtra,Amit,3,92,True
1077,Employee_1077,Male,36,Marketing,Engineer,45000,3,2024-01-13,Jaipur,Rajasthan,Amit,3,110,True
1078,Employee_1078,Male,42,IT,Executive,-15000,5,14/01/2024,Pune,Maharashtra,,5,97,False
1079,Employee_1079,Female,42,IT,Analyst,45000,1,01-15-2024,Jaipur,Rajasthan,Amit,3,88,False
1080,Employee_1080,Male,30,IT,Engineer,45000,5,2024-01-16,Jaipur,Maharashtra,Rohit,,92,True
1081,Employee_1081,Male,-3,HR,Manager,45000,1,17/01/2024,Jaipur,Delhi,Neha,6,88,True
1082,Employee_1082,Female,42,Marketing,Manager,-15000,1,01-18-2024,Delhi,Delhi,Rohit,5,92,False
1083,Employee_1083,Female,24,Finance,Engineer,70000,1,2024-01-19,Mumbai,Gujarat,Neha,6,92,True
1084,Employee_1084,Male,-3,Finance,Analyst,45000,-1,20/01/2024,Ahmedabad,Delhi,Amit,5,88,False
1085,Employee_1085,Female,30,HR,Engineer,45000,1,01-21-2024,Delhi,Rajasthan,,4,110,True
1086,Employee_1086,Female,36,Sales,Engineer,-15000,5,2024-01-22,Ahmedabad,Delhi,Amit,4,110,False
1087,Employee_1087,Female,30,Sales,Executive,45000,1,23/01/2024,Jaipur,Maharashtra,,6,97,True
1088,Employee_1088,Female,30,IT,Executive,-15000,3,01-24-2024,Pune,Delhi,Rohit,6,88,False
1089,Employee_1089,Male,42,IT,Manager,-15000,1,2024-01-25,Mumbai,Maharashtra,Rohit,6,92,True
1090,Employee_1090,Male,42,Marketing,Executive,70000,5,26/01/2024,Pune,Maharashtra,Rohit,3,110,True
1091,Employee_1091,Male,-3,HR,Manager,45000,5,01-27-2024,Delhi,Maharashtra,Neha,3,88,False
1092,,Male,36,IT,Manager,25000,1,2024-01-28,Ahmedabad,Maharashtra,,4,92,False
1093,Employee_1093,Female,42,Finance,Engineer,45000,1,29/01/2024,Pune,Maharashtra,Rohit,4,97,False
1094,Employee_1094,Female,24,Finance,Manager,25000,-1,01-30-2024,Ahmedabad,Gujarat,,5,88,True
1095,Employee_1095,Female,30,Finance,Executive,70000,1,2024-01-31,Ahmedabad,Delhi,Neha,4,110,False
1096,Employee_1096,Male,36,Marketing,Engineer,25000,3,01/02/2024,Jaipur,Delhi,Neha,6,88,True
1097,Employee_1097,Female,36,HR,Manager,-15000,1,02-02-2024,Mumbai,Delhi,Neha,5,92,True
1098,Employee_1098,Male,30,IT,Analyst,25000,1,2024-02-03,Ahmedabad,Maharashtra,Amit,,110,False
1099,Employee_1099,Female,36,IT,Analyst,70000,1,04/02/2024,Jaipur,Maharashtra,,4,92,False
1100,Employee_1100,Male,36,IT,Executive,25000,5,02-05-2024,Pune,Delhi,Amit,4,92,False
1101,Employee_1101,Male,-3,IT,Manager,25000,5,2024-02-06,Pune,Rajasthan,,6,92,False
1102,Employee_1102,Male,36,HR,Manager,-15000,-1,07/02/2024,Jaipur,Delhi,Rohit,4,97,True
1103,Employee_1103,Female,30,Marketing,Manager,45000,3,02-08-2024,Ahmedabad,Maharashtra,Rohit,5,88,False
1104,Employee_1104,Female,36,HR,Engineer,70000,-1,2024-02-09,Delhi,Gujarat,Rohit,5,110,True
1105,Employee_1105,Female,24,IT,Manager,25000,1,10/02/2024,Mumbai,Gujarat,Amit,3,88,True
1106,Employee_1106,Female,-3,IT,Manager,45000,1,02-11-2024,Ahmedabad,Rajasthan,,6,92,True
1107,Employee_1107,Male,24,HR,Manager,70000,1,2024-02-12,Pune,Delhi,,3,88,False
1108,Employee_1108,Female,30,IT,Engineer,70000,1,13/02/2024,Delhi,Rajasthan,Amit,6,88,True
1109,Employee_1109,Female,36,Finance,Analyst,45000,1,02-14-2024,Jaipur,Maharashtra,Neha,6,110,False
1110,Employee_1110,Female,42,Marketing,Executive,70000,-1,2024-02-15,Pune,Maharashtra,Amit,4,92,True
1111,Employee_1111,Male,30,Marketing,Engineer,45000,-1,16/02/2024,Jaipur,Delhi,Amit,4,88,False
1112,Employee_1112,Male,42,HR,Executive,-15000,-1,02-17-2024,Mumbai,Gujarat,Rohit,3,88,False
1113,,Female,24,IT,Analyst,25000,1,2024-02-18,Pune,Gujarat,,6,110,True
1114,Employee_1114,Male,42,HR,Manager,70000,3,19/02/2024,Mumbai,Delhi,Rohit,4,92,False
1115,Employee_1115,Male,36,Marketing,Executive,45000,5,02-20-2024,Delhi,Delhi,Amit,5,88,True
1116,Employee_1116,Female,24,HR,Executive,45000,1,2024-02-21,Mumbai,Delhi,,,88,True
1117,Employee_1117,Male,24,IT,Manager,70000,-1,22/02/2024,Pune,Delhi,,6,110,False
1118,Employee_1118,Male,30,HR,Executive,45000,-1,02-23-2024,Ahmedabad,Rajasthan,Rohit,6,88,False
1119,Employee_1119,Male,36,Marketing,Executive,25000,5,2024-02-24,Mumbai,Delhi,Neha,4,97,True
1120,Employee_1120,Female,36,IT,Engineer,-15000,5,25/02/2024,Pune,Maharashtra,Neha,3,88,False
1121,Employee_1121,Male,24,HR,Engineer,-15000,3,02-26-2024,Delhi,Gujarat,Rohit,5,92,True
1122,Employee_1122,Male,-3,Finance,Engineer,-15000,1,2024-02-27,Jaipur,Maharashtra,Neha,6,92,True
1123,Employee_1123,Male,30,Marketing,Analyst,-15000,5,28/02/2024,Mumbai,Rajasthan,Rohit,3,110,False
1124,Employee_1124,Male,24,IT,Manager,70000,5,02-29-2024,Jaipur,Delhi,Rohit,4,110,True
1125,Employee_1125,Female,42,Finance,Analyst,45000,3,2024-03-01,Pune,Rajasthan,Amit,6,88,True
1126,Employee_1126,Male,36,Finance,Analyst,45000,-1,02/03/2024,Delhi,Delhi,Rohit,3,88,False
1127,Employee_1127,Male,42,Marketing,Executive,45000,1,03-03-2024,Ahmedabad,Rajasthan,Neha,5,110,False
1128,Employee_1128,Female,42,HR,Manager,-15000,5,2024-03-04,Mumbai,Rajasthan,Rohit,5,97,True
1129,Employee_1129,Male,36,Sales,Engineer,70000,5,05/03/2024,Mumbai,Delhi,Rohit,5,92,True
1130,Employee_1130,Female,36,Sales,Manager,-15000,1,03-06-2024,Jaipur,Gujarat,Neha,3,97,False
1131,Employee_1131,Female,36,IT,Engineer,70000,5,2024-03-07,Pune,Delhi,Amit,3,110,True
1132,Employee_1132,Male,42,Finance,Analyst,-15000,1,08/03/2024,Jaipur,Gujarat,Neha,6,110,False
1133,Employee_1133,Female,36,Finance,Executive,-15000,5,03-09-2024,Jaipur,Delhi,Amit,5,88,True
1134,,Male,36,Sales,Analyst,-15000,3,2024-03-10,Jaipur,Maharashtra,Rohit,,97,False
1135,Employee_1135,Male,-3,Sales,Engineer,70000,3,11/03/2024,Delhi,Rajasthan,,3,97,True
1136,Employee_1136,Male,42,IT,Engineer,25000,5,03-12-2024,Ahmedabad,Maharashtra,Neha,4,92,False
1137,Employee_1137,Male,30,Sales,Executive,25000,5,2024-03-13,Pune,Delhi,,5,88,False
1138,Employee_1138,Male,24,Marketing,Engineer,70000,1,14/03/2024,Ahmedabad,Delhi,,6,88,False
1139,Employee_1139,Female,42,HR,Executive,70000,3,03-15-2024,Jaipur,Delhi,Rohit,3,110,False
1140,Employee_1140,Female,30,Marketing,Engineer,45000,3,2024-03-16,Delhi,Delhi,,4,110,False
1141,Employee_1141,Male,24,IT,Manager,45000,-1,17/03/2024,Ahmedabad,Gujarat,Neha,3,97,True
1142,Employee_1142,Male,-3,Finance,Analyst,25000,1,03-18-2024,Jaipur,Maharashtra,Neha,5,88,False
1143,Employee_1143,Male,36,Marketing,Executive,25000,1,2024-03-19,Delhi,Rajasthan,Rohit,6,110,True
1144,Employee_1144,Female,30,Finance,Manager,-15000,1,20/03/2024,Pune,Rajasthan,Neha,4,92,False
1145,Employee_1145,Female,-3,Sales,Engineer,-15000,-1,03-21-2024,Mumbai,Maharashtra,,6,110,False
1146,Employee_1146,Female,36,Marketing,Analyst,-15000,1,2024-03-22,Pune,Delhi,Amit,3,88,False
1147,Employee_1147,Male,36,Finance,Manager,45000,-1,23/03/2024,Ahmedabad,Rajasthan,Rohit,6,92,True
1148,Employee_1148,Male,-3,IT,Manager,45000,-1,03-24-2024,Mumbai,Gujarat,Rohit,5,97,True
1149,Employee_1149,Male,-3,HR,Engineer,70000,-1,2024-03-25,Ahmedabad,Maharashtra,Neha,5,92,True
1150,Employee_1150,Male,42,Sales,Analyst,-15000,5,26/03/2024,Pune,Gujarat,Rohit,4,88,False
1151,Employee_1151,Female,24,HR,Manager,25000,3,03-27-2024,Delhi,Gujarat,Neha,6,88,False
1152,Employee_1152,Male,30,Sales,Executive,70000,3,2024-03-28,Ahmedabad,Delhi,Neha,,97,False
1153,Employee_1153,Male,-3,Marketing,Manager,70000,1,29/03/2024,Mumbai,Delhi,Neha,5,97,True
1154,Employee_1154,Female,36,Finance,Analyst,25000,3,03-30-2024,Delhi,Maharashtra,Rohit,4,97,True
1155,,Male,42,Marketing,Engineer,25000,5,2024-03-31,Pune,Gujarat,,3,92,False
1156,Employee_1156,Male,36,IT,Executive,70000,-1,01/04/2024,Ahmedabad,Rajasthan,Amit,3,88,True
1157,Employee_1157,Female,36,Marketing,Executive,-15000,-1,04-02-2024,Mumbai,Gujarat,Rohit,6,88,False
1158,Employee_1158,Female,30,HR,Manager,-15000,5,2024-04-03,Pune,Delhi,Amit,4,88,True
1159,Employee_1159,Male,24,HR,Engineer,45000,5,04/04/2024,Ahmedabad,Rajasthan,Rohit,4,88,False
1160,Employee_1160,Male,-3,HR,Engineer,70000,3,04-05-2024,Jaipur,Rajasthan,Neha,3,110,True
1161,Employee_1161,Female,36,Marketing,Analyst,-15000,3,2024-04-06,Mumbai,Maharashtra,Rohit,6,110,True
1162,Employee_1162,Male,30,IT,Analyst,70000,5,07/04/2024,Pune,Gujarat,Amit,5,110,False
1163,Employee_1163,Male,36,Marketing,Analyst,25000,5,04-08-2024,Ahmedabad,Rajasthan,Neha,6,92,False
1164,Employee_1164,Male,24,Marketing,Manager,70000,5,2024-04-09,Delhi,Delhi,Amit,3,92,True
1165,Employee_1165,Female,30,IT,Analyst,25000,5,10/04/2024,Jaipur,Gujarat,,4,88,False
1166,Employee_1166,Female,24,IT,Executive,25000,5,04-11-2024,Mumbai,Rajasthan,Rohit,5,92,False
1167,Employee_1167,Female,42,HR,Engineer,-15000,-1,2024-04-12,Delhi,Maharashtra,Rohit,4,97,False
1168,Employee_1168,Female,36,Marketing,Manager,25000,-1,13/04/2024,Mumbai,Maharashtra,,6,88,False
1169,Employee_1169,Female,30,Sales,Manager,25000,-1,04-14-2024,Jaipur,Maharashtra,,4,88,True
1170,Employee_1170,Female,-3,Sales,Analyst,25000,3,2024-04-15,Ahmedabad,Delhi,Amit,,88,True
1171,Employee_1171,Female,36,HR,Manager,70000,-1,16/04/2024,Pune,Rajasthan,,4,110,True
1172,Employee_1172,Female,-3,HR,Engineer,45000,-1,04-17-2024,Delhi,Maharashtra,Rohit,3,97,False
1173,Employee_1173,Female,24,Marketing,Engineer,25000,-1,2024-04-18,Pune,Gujarat,Amit,5,88,False
1174,Employee_1174,Female,24,HR,Analyst,70000,3,19/04/2024,Jaipur,Rajasthan,Neha,5,92,True
1175,Employee_1175,Female,24,Finance,Analyst,45000,5,04-20-2024,Delhi,Rajasthan,,5,97,True
1176,,Male,-3,Marketing,Manager,70000,5,2024-04-21,Delhi,Maharashtra,Rohit,6,88,False
1177,Employee_1177,Male,-3,Marketing,Manager,-15000,3,22/04/2024,Pune,Delhi,Rohit,5,110,False
1178,Employee_1178,Female,24,Marketing,Analyst,45000,1,04-23-2024,Mumbai,Maharashtra,Neha,5,97,True
1179,Employee_1179,Male,-3,Marketing,Engineer,25000,5,2024-04-24,Jaipur,Gujarat,Amit,5,110,False
1180,Employee_1180,Male,36,Marketing,Analyst,45000,1,25/04/2024,Pune,Delhi,Rohit,4,92,True
1181,Employee_1181,Female,42,HR,Engineer,45000,3,04-26-2024,Jaipur,Rajasthan,Neha,4,110,False
1182,Employee_1182,Female,42,Marketing,Analyst,45000,1,2024-04-27,Ahmedabad,Gujarat,Rohit,6,97,True
1183,Employee_1183,Male,42,Finance,Executive,45000,3,28/04/2024,Pune,Delhi,Rohit,3,97,False
1184,Employee_1184,Male,24,Sales,Engineer,45000,1,04-29-2024,Delhi,Gujarat,Neha,4,97,True
1185,Employee_1185,Female,42,Sales,Executive,70000,3,2024-04-30,Jaipur,Delhi,Amit,5,110,False
1186,Employee_1186,Female,42,Sales,Analyst,70000,3,01/05/2024,Mumbai,Gujarat,Amit,5,97,True
1187,Employee_1187,Male,36,Sales,Engineer,-15000,-1,05-02-2024,Ahmedabad,Maharashtra,Amit,5,110,True
1188,Employee_1188,Male,24,Finance,Executive,70000,5,2024-05-03,Pune,Rajasthan,Amit,,97,True
1189,Employee_1189,Female,24,Sales,Manager,70000,1,04/05/2024,Pune,Rajasthan,,3,97,False
1190,Employee_1190,Female,30,IT,Executive,25000,1,05-05-2024,Ahmedabad,Delhi,Amit,4,88,True
1191,Employee_1191,Female,30,Finance,Engineer,25000,-1,2024-05-06,Mumbai,Delhi,Neha,6,92,False
1192,Employee_1192,Female,24,IT,Analyst,45000,3,07/05/2024,Pune,Gujarat,Neha,3,110,False
1193,Employee_1193,Male,30,Finance,Engineer,-15000,5,05-08-2024,Mumbai,Gujarat,Rohit,6,92,False
1194,Employee_1194,Male,-3,IT,Executive,-15000,5,2024-05-09,Delhi,Maharashtra,Neha,3,97,False
1195,Employee_1195,Male,42,Marketing,Executive,25000,3,10/05/2024,Pune,Rajasthan,Neha,4,110,True
1196,Employee_1196,Female,36,HR,Manager,45000,3,05-11-2024,Ahmedabad,Delhi,,5,110,True
1197,,Female,30,HR,Analyst,-15000,1,2024-05-12,Jaipur,Gujarat,Rohit,5,92,True
1198,Employee_1198,Female,36,Marketing,Engineer,70000,1,13/05/2024,Delhi,Delhi,Neha,5,97,False
1199,Employee_1199,Female,-3,Sales,Analyst,-15000,-1,05-14-2024,Jaipur,Rajasthan,Amit,6,110,False
1200,Employee_1200,Female,30,HR,Engineer,-15000,1,2024-05-15,Mumbai,Gujarat,Amit,6,110,True
1201,Employee_1201,Male,36,HR,Engineer,-15000,3,16/05/2024,Delhi,Maharashtra,Amit,6,92,True
1202,Employee_1202,Female,30,Finance,Manager,45000,-1,05-17-2024,Ahmedabad,Maharashtra,Neha,5,110,False
1203,Employee_1203,Female,30,Sales,Analyst,70000,-1,2024-05-18,Delhi,Delhi,,4,92,False
1204,Employee_1204,Female,42,Finance,Manager,70000,5,19/05/2024,Mumbai,Maharashtra,Rohit,5,88,True
1205,Employee_1205,Male,42,Finance,Manager,-15000,5,05-20-2024,Ahmedabad,Gujarat,Neha,5,92,False
1206,Employee_1206,Male,42,IT,Executive,70000,5,2024-05-21,Mumbai,Delhi,Rohit,,110,True
1207,Employee_1207,Male,24,Marketing,Executive,70000,5,22/05/2024,Delhi,Rajasthan,Neha,5,88,True
1208,Employee_1208,Female,42,Marketing,Executive,-15000,5,05-23-2024,Ahmedabad,Maharashtra,Amit,3,110,True
1209,Employee_1209,Female,36,IT,Executive,-15000,3,2024-05-24,Mumbai,Gujarat,Amit,4,110,False
1210,Employee_1210,Male,36,HR,Analyst,70000,3,25/05/2024,Mumbai,Gujarat,Neha,4,97,False
1211,Employee_1211,Female,-3,HR,Executive,45000,1,05-26-2024,Ahmedabad,Maharashtra,Rohit,3,88,True
1212,Employee_1212,Female,24,HR,Executive,45000,3,2024-05-27,Ahmedabad,Rajasthan,Amit,4,92,False
1213,Employee_1213,Female,24,IT,Executive,70000,3,28/05/2024,Jaipur,Gujarat,,4,110,True
1214,Employee_1214,Male,36,HR,Analyst,45000,5,05-29-2024,Ahmedabad,Gujarat,,4,92,False
1215,Employee_1215,Female,30,Finance,Engineer,-15000,5,2024-05-30,Jaipur,Maharashtra,Neha,6,88,True
1216,Employee_1216,Male,30,Marketing,Executive,45000,1,31/05/2024,Ahmedabad,Maharashtra,Amit,3,92,True
1217,Employee_1217,Male,42,Finance,Analyst,-15000,3,06-01-2024,Jaipur,Delhi,Neha,6,92,True
1218,,Male,-3,Sales,Analyst,45000,1,2024-06-02,Delhi,Delhi,Neha,6,97,True
1219,Employee_1219,Female,42,IT,Analyst,-15000,-1,03/06/2024,Ahmedabad,Delhi,,3,110,True
1220,Employee_1220,Female,24,Sales,Executive,25000,1,06-04-2024,Ahmedabad,Delhi,Amit,4,92,False
1221,Employee_1221,Male,30,Finance,Manager,-15000,5,2024-06-05,Pune,Rajasthan,,4,92,True
1222,Employee_1222,Female,36,Finance,Manager,25000,-1,06/06/2024,Pune,Rajasthan,Amit,6,92,True
1223,Employee_1223,Male,36,Sales,Analyst,-15000,5,06-07-2024,Ahmedabad,Rajasthan,Neha,5,92,False
1224,Employee_1224,Female,-3,Marketing,Manager,45000,1,2024-06-08,Mumbai,Rajasthan,Rohit,,110,False
1225,Employee_1225,Female,42,Finance,Engineer,-15000,1,09/06/2024,Delhi,Rajasthan,Neha,4,88,True
1226,Employee_1226,Male,30,Finance,Analyst,25000,5,06-10-2024,Delhi,Gujarat,Amit,5,97,False
1227,Employee_1227,Female,30,Sales,Manager,45000,1,2024-06-11,Ahmedabad,Maharashtra,Neha,3,97,True
1228,Employee_1228,Male,24,HR,Manager,25000,3,12/06/2024,Jaipur,Rajasthan,Amit,5,110,True
1229,Employee_1229,Male,-3,IT,Engineer,70000,5,06-13-2024,Pune,Gujarat,Neha,5,97,False
1230,Employee_1230,Female,42,IT,Engineer,25000,5,2024-06-14,Delhi,Maharashtra,Amit,4,92,False
1231,Employee_1231,Female,30,Sales,Executive,45000,5,15/06/2024,Delhi,Gujarat,Amit,6,110,True
1232,Employee_1232,Female,30,Marketing,Engineer,45000,5,06-16-2024,Jaipur,Gujarat,Amit,5,88,True
1233,Employee_1233,Male,42,Marketing,Executive,25000,-1,2024-06-17,Mumbai,Delhi,Neha,6,97,True
1234,Employee_1234,Female,36,Sales,Executive,45000,-1,18/06/2024,Mumbai,Delhi,Rohit,4,110,False
1235,Employee_1235,Male,36,Finance,Engineer,45000,5,06-19-2024,Mumbai,Maharashtra,Neha,4,110,False
1236,Employee_1236,Female,42,HR,Analyst,25000,1,2024-06-20,Ahmedabad,Delhi,Neha,3,92,True
1237,Employee_1237,Male,24,Finance,Analyst,25000,3,21/06/2024,Pune,Delhi,,3,97,False
1238,Employee_1238,Male,30,Marketing,Executive,25000,3,06-22-2024,Jaipur,Delhi,Amit,3,110,True
1239,,Female,36,Sales,Analyst,25000,5,2024-06-23,Ahmedabad,Delhi,Rohit,5,92,False
1240,Employee_1240,Male,42,Marketing,Analyst,-15000,1,24/06/2024,Jaipur,Rajasthan,,6,92,True
1241,Employee_1241,Male,36,IT,Analyst,45000,1,06-25-2024,Jaipur,Rajasthan,Neha,6,88,True
1242,Employee_1242,Female,24,HR,Analyst,45000,1,2024-06-26,Mumbai,Rajasthan,Amit,,110,True
1243,Employee_1243,Female,30,IT,Executive,25000,5,27/06/2024,Pune,Delhi,Neha,3,92,True
1244,Employee_1244,Male,42,Sales,Executive,45000,-1,06-28-2024,Jaipur,Gujarat,,4,92,False
1245,Employee_1245,Female,36,Sales,Executive,70000,3,2024-06-29,Mumbai,Gujarat,Neha,3,97,False
1246,Employee_1246,Male,42,Finance,Executive,-15000,1,30/06/2024,Mumbai,Maharashtra,,6,88,True
1247,Employee_1247,Female,24,Finance,Manager,-15000,3,07-01-2024,Delhi,Maharashtra,,6,92,False
1248,Employee_1248,Female,24,Sales,Analyst,45000,1,2024-07-02,Jaipur,Gujarat,Rohit,3,88,False
1249,Employee_1249,Male,30,IT,Manager,25000,1,03/07/2024,Ahmedabad,Maharashtra,,4,92,False
1250,Employee_1250,Male,42,Finance,Executive,-15000,1,07-04-2024,Ahmedabad,Rajasthan,Neha,6,88,True
1251,Employee_1251,Male,-3,Sales,Executive,45000,-1,2024-07-05,Delhi,Maharashtra,,6,110,True
1252,Employee_1252,Female,-3,Sales,Manager,25000,1,06/07/2024,Pune,Maharashtra,Amit,3,110,False
1253,Employee_1253,Male,-3,Finance,Executive,70000,5,07-07-2024,Delhi,Rajasthan,Neha,6,92,False
1254,Employee_1254,Male,24,Finance,Manager,25000,1,2024-07-08,Jaipur,Rajasthan,Rohit,3,110,False
1255,Employee_1255,Female,42,IT,Engineer,25000,5,09/07/2024,Delhi,Rajasthan,Amit,4,97,True
1256,Employee_1256,Female,30,Sales,Manager,-15000,5,07-10-2024,Pune,Maharashtra,Neha,3,92,True
1257,Employee_1257,Female,36,Sales,Analyst,-15000,5,2024-07-11,Pune,Maharashtra,Rohit,5,97,True
1258,Employee_1258,Male,42,IT,Analyst,25000,1,12/07/2024,Jaipur,Maharashtra,Amit,4,97,False
1259,Employee_1259,Female,30,Marketing,Engineer,45000,5,07-13-2024,Delhi,Gujarat,,5,110,True
1260,,Male,36,IT,Analyst,70000,5,2024-07-14,Jaipur,Rajasthan,Rohit,,92,False
1261,Employee_1261,Female,24,Finance,Manager,45000,-1,15/07/2024,Pune,Delhi,Neha,4,88,True
1262,Employee_1262,Female,24,Marketing,Analyst,70000,3,07-16-2024,Delhi,Maharashtra,Rohit,5,92,False
1263,Employee_1263,Male,42,HR,Manager,25000,5,2024-07-17,Delhi,Rajasthan,Neha,4,97,True
1264,Employee_1264,Male,30,Sales,Executive,-15000,5,18/07/2024,Delhi,Rajasthan,Rohit,5,110,False
1265,Employee_1265,Female,24,Finance,Manager,-15000,3,07-19-2024,Pune,Maharashtra,Amit,5,110,False
1266,Employee_1266,Female,-3,IT,Engineer,70000,5,2024-07-20,Mumbai,Gujarat,Neha,5,97,False
1267,Employee_1267,Male,30,HR,Engineer,45000,1,21/07/2024,Delhi,Maharashtra,Neha,4,88,False
1268,Employee_1268,Female,36,IT,Executive,70000,3,07-22-2024,Pune,Gujarat,,6,97,False
1269,Employee_1269,Female,36,IT,Analyst,70000,3,2024-07-23,Jaipur,Maharashtra,Neha,4,97,True
1270,Employee_1270,Female,42,Marketing,Executive,25000,-1,24/07/2024,Ahmedabad,Maharashtra,Amit,3,97,False
1271,Employee_1271,Female,42,HR,Manager,-15000,3,07-25-2024,Delhi,Gujarat,,4,110,False
1272,Employee_1272,Male,30,HR,Engineer,70000,3,2024-07-26,Mumbai,Rajasthan,Amit,3,97,False
1273,Employee_1273,Female,24,Finance,Analyst,70000,1,27/07/2024,Jaipur,Delhi,Rohit,6,92,False
1274,Employee_1274,Female,24,Finance,Analyst,-15000,5,07-28-2024,Jaipur,Delhi,,4,97,False
1275,Employee_1275,Male,42,Sales,Engineer,25000,1,2024-07-29,Mumbai,Delhi,Rohit,6,97,True
1276,Employee_1276,Male,-3,HR,Engineer,45000,5,30/07/2024,Mumbai,Rajasthan,Rohit,3,88,True
1277,Employee_1277,Female,-3,Finance,Engineer,45000,1,07-31-2024,Mumbai,Gujarat,Rohit,3,97,True
1278,Employee_1278,Male,-3,IT,Engineer,45000,3,2024-08-01,Ahmedabad,Rajasthan,Neha,,88,True
1279,Employee_1279,Female,24,HR,Manager,45000,3,02/08/2024,Delhi,Delhi,Neha,3,88,True
1280,Employee_1280,Female,30,Finance,Engineer,-15000,1,08-03-2024,Mumbai,Delhi,Amit,5,110,True
1281,,Female,-3,Marketing,Manager,70000,-1,2024-08-04,Pune,Rajasthan,Neha,3,88,False
1282,Employee_1282,Female,-3,IT,Analyst,-15000,1,05/08/2024,Delhi,Delhi,Neha,3,92,True
1283,Employee_1283,Female,42,HR,Manager,45000,5,08-06-2024,Mumbai,Gujarat,Neha,6,88,False
1284,Employee_1284,Female,42,Finance,Analyst,70000,5,2024-08-07,Jaipur,Rajasthan,Amit,3,92,True
1285,Employee_1285,Female,42,IT,Executive,-15000,-1,08/08/2024,Delhi,Delhi,Neha,5,92,True
1286,Employee_1286,Male,-3,Marketing,Executive,70000,3,08-09-2024,Delhi,Maharashtra,Rohit,3,110,False
1287,Employee_1287,Male,30,HR,Analyst,70000,3,2024-08-10,Mumbai,Rajasthan,Amit,6,92,True
1288,Employee_1288,Male,42,IT,Analyst,70000,3,11/08/2024,Jaipur,Delhi,,3,97,False
1289,Employee_1289,Female,24,Marketing,Executive,45000,5,08-12-2024,Jaipur,Rajasthan,Neha,6,110,False
1290,Employee_1290,Male,42,HR,Manager,45000,-1,2024-08-13,Pune,Rajasthan,,5,92,True
1291,Employee_1291,Female,42,Marketing,Executive,70000,1,14/08/2024,Jaipur,Delhi,Rohit,3,88,True
1292,Employee_1292,Female,42,Marketing,Analyst,-15000,5,08-15-2024,Jaipur,Gujarat,,6,110,False
1293,Employee_1293,Female,24,Marketing,Executive,45000,1,2024-08-16,Jaipur,Maharashtra,Neha,3,110,True
1294,Employee_1294,Male,-3,Sales,Executive,25000,1,17/08/2024,Jaipur,Maharashtra,,5,110,False
1295,Employee_1295,Female,36,IT,Analyst,-15000,-1,08-18-2024,Jaipur,Gujarat,Rohit,3,88,True
1296,Employee_1296,Female,30,HR,Engineer,45000,1,2024-08-19,Ahmedabad,Delhi,Neha,,88,False
1297,Employee_1297,Male,42,Marketing,Manager,45000,1,20/08/2024,Pune,Maharashtra,Rohit,5,92,False
1298,Employee_1298,Female,24,HR,Engineer,70000,1,08-21-2024,Mumbai,Maharashtra,Amit,3,110,False
1299,Employee_1299,Female,42,Finance,Manager,25000,3,2024-08-22,Ahmedabad,Maharashtra,Amit,4,110,False
1300,Employee_1300,Male,36,Finance,Analyst,70000,5,23/08/2024,Pune,Rajasthan,Rohit,6,110,True
1301,Employee_1301,Male,42,HR,Engineer,70000,1,08-24-2024,Pune,Rajasthan,Rohit,5,97,False
1302,,Male,-3,IT,Analyst,70000,5,2024-08-25,Delhi,Gujarat,,5,97,True
1303,Employee_1303,Female,24,Marketing,Executive,45000,5,26/08/2024,Ahmedabad,Rajasthan,,6,97,True
1304,Employee_1304,Female,42,Sales,Manager,45000,5,08-27-2024,Ahmedabad,Delhi,Rohit,3,97,True
1305,Employee_1305,Female,42,IT,Engineer,45000,1,2024-08-28,Ahmedabad,Delhi,Neha,4,110,True
1306,Employee_1306,Female,24,Marketing,Executive,25000,5,29/08/2024,Jaipur,Delhi,Amit,6,88,True
1307,Employee_1307,Male,-3,Marketing,Engineer,25000,3,08-30-2024,Jaipur,Gujarat,Amit,4,110,False
1308,Employee_1308,Male,42,Finance,Analyst,45000,3,2024-08-31,Pune,Delhi,,4,92,False
1309,Employee_1309,Female,24,IT,Manager,-15000,-1,01/09/2024,Mumbai,Gujarat,Rohit,6,88,True
1310,Employee_1310,Female,-3,Finance,Manager,45000,3,09-02-2024,Delhi,Maharashtra,,5,97,True
1311,Employee_1311,Female,-3,Finance,Manager,-15000,-1,2024-09-03,Ahmedabad,Rajasthan,Neha,3,88,False
1312,Employee_1312,Female,30,HR,Analyst,45000,1,04/09/2024,Jaipur,Delhi,,4,88,True
1313,Employee_1313,Female,-3,Sales,Engineer,45000,1,09-05-2024,Mumbai,Maharashtra,Amit,3,92,False
1314,Employee_1314,Male,30,Marketing,Analyst,45000,3,2024-09-06,Delhi,Delhi,,,88,False
1315,Employee_1315,Female,42,Marketing,Engineer,45000,-1,07/09/2024,Delhi,Gujarat,Neha,4,97,False
1316,Employee_1316,Male,-3,HR,Executive,70000,1,09-08-2024,Jaipur,Maharashtra,Neha,6,92,False
1317,Employee_1317,Female,-3,HR,Analyst,45000,1,2024-09-09,Jaipur,Gujarat,Amit,6,92,True
1318,Employee_1318,Male,42,IT,Executive,70000,3,10/09/2024,Mumbai,Rajasthan,Neha,4,92,True
1319,Employee_1319,Female,42,IT,Engineer,-15000,5,09-11-2024,Pune,Gujarat,,4,92,True
1320,Employee_1320,Male,42,IT,Analyst,70000,-1,2024-09-12,Pune,Delhi,Amit,3,92,True
1321,Employee_1321,Female,-3,Finance,Manager,25000,5,13/09/2024,Mumbai,Maharashtra,Neha,4,92,False
1322,Employee_1322,Male,24,Marketing,Manager,45000,1,09-14-2024,Delhi,Delhi,Amit,4,110,False
1323,,Female,42,Marketing,Engineer,25000,-1,2024-09-15,Pune,Rajasthan,Neha,5,97,True
1324,Employee_1324,Female,24,Sales,Engineer,25000,-1,16/09/2024,Ahmedabad,Maharashtra,,6,97,True
1325,Employee_1325,Male,-3,Finance,Engineer,45000,1,09-17-2024,Mumbai,Delhi,Rohit,4,88,False
1326,Employee_1326,Male,24,IT,Engineer,25000,3,2024-09-18,Delhi,Maharashtra,Rohit,6,92,True
1327,Employee_1327,Male,24,Sales,Manager,70000,-1,19/09/2024,Delhi,Rajasthan,Neha,3,110,True
1328,Employee_1328,Female,30,IT,Analyst,70000,1,09-20-2024,Pune,Maharashtra,Rohit,3,110,False
1329,Employee_1329,Male,30,IT,Executive,45000,1,2024-09-21,Delhi,Gujarat,Amit,4,97,False
1330,Employee_1330,Female,30,Finance,Engineer,70000,5,22/09/2024,Delhi,Rajasthan,Rohit,6,92,True
1331,Employee_1331,Male,30,Marketing,Manager,-15000,-1,09-23-2024,Delhi,Rajasthan,Rohit,6,110,False
1332,Employee_1332,Female,24,Marketing,Manager,25000,1,2024-09-24,Ahmedabad,Maharashtra,N